{"type":"FeatureCollection","features":[{"type":"Feature","geometry":{"type":"Polygon","coordinates":[[[-75.066115999561575,40.052769999695286],[-75.066315999578109,40.052750000342463],[-75.066051999987465,40.051565000192113],[-75.066014000352624,40.051410000079159],[-75.066045000314787,40.051180999990237],[-75.065754999886551,40.051008000157623],[-75.065401999709124,40.050809000331753],[-75.065131000445788,40.050664000203298],[-75.064842999667377,40.050493999920704],[-75.064560999635077,40.050338000291461],[-75.064185999716372,40.050129000166862],[-75.06242499992554,40.051989999957925],[-75.060654000088988,40.050998999701193],[-75.05828400002774,40.049688000285364],[-75.058104999927579,40.04986599990886],[-75.056656000306319,40.049084000246026],[-75.055031999884548,40.048171000050516],[-75.053331000368175,40.047220999752305],[-75.052797000440805,40.046922000118705],[-75.052455000134046,40.046731999699929],[-75.053953999984017,40.045306999966463],[-75.053960999656724,40.045296000322232],[-75.054646000095161,40.044644999773546],[-75.054489999561227,40.044559000172136],[-75.054432999659824,40.044528000017351],[-75.054287000069962,40.044447999774569],[-75.054261999955614,40.044435000156078],[-75.054061000114146,40.044325000163781],[-75.05311399973489,40.043763999711778],[-75.05222800035331,40.043270999880029],[-75.051886000046551,40.04362400006341],[-75.050387000196579,40.042797000195613],[-75.050287999564048,40.04271300021248],[-75.050227000362995,40.042659999768674],[-75.048771999995608,40.041846999969394],[-75.048663000215669,40.041794000227931],[-75.048571999979089,40.041750000060865],[-75.04775699984431,40.04130299983327],[-75.047718000384563,40.041337999932246],[-75.047342999567505,40.041120999991982],[-75.047771999912925,40.04069599985754],[-75.047423999758365,40.040497000188282],[-75.047339000267868,40.040592999842055],[-75.047073999954009,40.040873000295313],[-75.04679399957152,40.041169999706064],[-75.0467430004162,40.041223999897603],[-75.046203999567638,40.041796000141041],[-75.04562899963237,40.042396000318163],[-75.04513999991083,40.042923000320094],[-75.045092000230255,40.042964999851385],[-75.044877000145107,40.043078999725921],[-75.044973000404568,40.043403000102153],[-75.045062999917931,40.043756000289797],[-75.045201000010195,40.044353999885125],[-75.045272000155322,40.044951999736746],[-75.045293999896629,40.045212999886061],[-75.045312000338271,40.04564300024775],[-75.045268999782266,40.046508999723756],[-75.045238999645022,40.047110000250676],[-75.04523299979725,40.047207000097693],[-75.045149000131673,40.048854000053595],[-75.042278999579892,40.049992000033619],[-75.042076000088613,40.050103000343455],[-75.041933999798374,40.050200999890606],[-75.041778000162793,40.050360999844898],[-75.04162699965174,40.050578999771155],[-75.041529999567345,40.050818999949854],[-75.04149799978029,40.051024000049253],[-75.041521000244828,40.051294000061198],[-75.041526000267709,40.051525999899638],[-75.041515000397041,40.051762000252886],[-75.041320000403374,40.051996000175137],[-75.040246999627442,40.053157999730971],[-75.040051999633761,40.053432000059416],[-75.039995999557263,40.053614999823324],[-75.039998000105399,40.053736000299139],[-75.040027000417709,40.053893999960614],[-75.040059000204764,40.054079000099627],[-75.040039000113282,40.05424700014386],[-75.04000200030336,40.054411999771901],[-75.0394490001094,40.055286000053115],[-75.038844999861823,40.056224000333771],[-75.038719000363429,40.056434999816588],[-75.038658000264078,40.056708000296176],[-75.038587999943857,40.057694000057488],[-75.038591000316927,40.057711000165334],[-75.038649000043236,40.058406000135371],[-75.038576000248298,40.058404999734918],[-75.038249000010154,40.058375999803275],[-75.037833999908457,40.05828699981739],[-75.036889999902257,40.058051000056913],[-75.036475999625466,40.057904000081429],[-75.036367999670418,40.057864999978612],[-75.03621500040785,40.057810999905094],[-75.035654999642901,40.057612000003402],[-75.035529000144521,40.057531999989699],[-75.035205000279433,40.057386999725502],[-75.035062000164288,40.05732700021349],[-75.034946999638251,40.0572779997363],[-75.034329999870195,40.057067000113328],[-75.033954000126542,40.056949999675837],[-75.033734000018526,40.056883999992763],[-75.033477999925481,40.05682699993374],[-75.033168000304101,40.056767999665624],[-75.032934999777268,40.056732000187786],[-75.032780999791484,40.056722999799668],[-75.031091999970698,40.056572999802789],[-75.029032000429154,40.056399000162877],[-75.029048000322661,40.056476999961561],[-75.029035999728791,40.056561000173858],[-75.029019000010351,40.056617000028631],[-75.02896799995672,40.056667000032022],[-75.028904000382624,40.056708000296176],[-75.028829000039551,40.05675100001006],[-75.028756000244613,40.056780999682459],[-75.028668000381074,40.056780999682459],[-75.028578999794306,40.056769000090114],[-75.028473000387393,40.056751999747263],[-75.028397000219428,40.056727999862652],[-75.028097999570363,40.057031999838948],[-75.027481999627213,40.057641999984334],[-75.026864000034237,40.058255000002646],[-75.026337999604465,40.058776000166247],[-75.024817999838064,40.060286000329505],[-75.024844999602252,40.060924999768446],[-75.024866000416978,40.061450999859275],[-75.024878000112537,40.061714000100707],[-75.024899000028938,40.062240000288107],[-75.024905999701616,40.062503999886751],[-75.024914000097539,40.062700000302186],[-75.024914999922458,40.062767000188607],[-75.024925999793112,40.063030000162762],[-75.024940999861727,40.063292999809129],[-75.024960000128303,40.0635559998153],[-75.024985000242651,40.063817999860206],[-75.025017000029706,40.064080999902181],[-75.025054999664533,40.064342999990643],[-75.025100999695283,40.064604000136988],[-75.02514199970318,40.06478999969432],[-75.025157999596701,40.064863000047126],[-75.025227999916893,40.065119999743835],[-75.025318000328582,40.065374000326585],[-75.025427000108536,40.065647000053978],[-75.025870999624217,40.065911999803113],[-75.027403999809408,40.066812000037039],[-75.028255999754123,40.067313999769802],[-75.029612000387274,40.068124999845573],[-75.029660000067864,40.06815399975256],[-75.030064000298893,40.068611999893911],[-75.030118999652174,40.068693000209343],[-75.030171000429021,40.068751000214753],[-75.030394999836687,40.069042999989733],[-75.030416999577994,40.069072000193309],[-75.031282999766404,40.070198999656526],[-75.032655000293104,40.071806999720863],[-75.032964999914483,40.072151999692757],[-75.034736999575969,40.074199999676516],[-75.034838999683203,40.07430699975535],[-75.034949000186387,40.074458000056019],[-75.035087000278637,40.074616999946961],[-75.035975000208367,40.073673999722544],[-75.036627000136519,40.073019000031216],[-75.037351999859595,40.072256999845393],[-75.037568999594583,40.072030000097698],[-75.038299000238865,40.071260999738769],[-75.038889000242747,40.070653000288772],[-75.039162999879125,40.070369000277985],[-75.039393999857808,40.070066000229161],[-75.03956100026241,40.069854000103689],[-75.039848000317562,40.069451999681732],[-75.040265000069084,40.068746999907788],[-75.04059999980484,40.068041999711717],[-75.04062900011715,40.067978999865616],[-75.040722999828503,40.067767999694766],[-75.040771000407389,40.067658000236015],[-75.041430999833139,40.06610400026409],[-75.041450000099729,40.066058999688991],[-75.04146500016833,40.066025000197214],[-75.04193799999635,40.066163000010619],[-75.042219000203758,40.066303999710541],[-75.042555999589325,40.066335000273426],[-75.042876000154791,40.066366999730825],[-75.043189000149226,40.066500000193329],[-75.04337699957189,40.066679999775168],[-75.043667000000127,40.06710200001622],[-75.04375300021384,40.067392000135726],[-75.04386199999378,40.067838000195337],[-75.043877999887314,40.068346000081654],[-75.043877999887314,40.068776999798153],[-75.043760999711452,40.069135999958938],[-75.043540999603422,40.069520000039532],[-75.043267999791951,40.069980999937087],[-75.043063999577441,40.070412000307265],[-75.04283699979672,40.070850000162245],[-75.042814000230493,40.071006000268433],[-75.042610000015998,40.071186000317162],[-75.042384000060181,40.071437000339486],[-75.042046999776304,40.071742000198036],[-75.04176499974399,40.07192199967654],[-75.041515000397041,40.072086000299556],[-75.041382000327673,40.072235000317832],[-75.041296000113931,40.072391000001481],[-75.041303999611543,40.072578999991556],[-75.041460000145463,40.072720000159116],[-75.04167199985757,40.072852999903326],[-75.041897999813386,40.072969999840922],[-75.042179999845686,40.073072000239449],[-75.042548000091728,40.07322800006817],[-75.042821999728105,40.073361000195227],[-75.043080000369272,40.073487000184535],[-75.043307000149994,40.073541000206781],[-75.043533999930716,40.073603999720326],[-75.043682000068713,40.073666999863065],[-75.043853999597843,40.073767999730158],[-75.043933000138892,40.073909000185751],[-75.04390899984945,40.074049999662009],[-75.043839000427567,40.074229999914721],[-75.043728999924397,40.074426000275167],[-75.043533999930716,40.074872000332839],[-75.04345500028802,40.075130000228675],[-75.043509999641273,40.075372000164442],[-75.043713999855768,40.075732000079682],[-75.043917000245372,40.0759829998455],[-75.044099999645155,40.07620299987898],[-75.044183000384152,40.076302999971695],[-75.044370999806802,40.076522000211732],[-75.044617999679005,40.076726999970816],[-75.044786999733418,40.076946999662859],[-75.044867999924264,40.077154999892763],[-75.044973000404568,40.077409999710966],[-75.04519900036037,40.077606999973334],[-75.045436000186825,40.07781599967749],[-75.045703000150539,40.077972000324507],[-75.045980999984891,40.078100000253585],[-75.046184000374467,40.078210000032641],[-75.046595000278202,40.078332000242114],[-75.046903000249785,40.078412999995628],[-75.047197999802563,40.078453000126885],[-75.047494000078558,40.078453000126885],[-75.047829999639234,40.078442000333709],[-75.04816600009822,40.078442000333709],[-75.048473000244883,40.078465000024238],[-75.048802999957772,40.078511000069298],[-75.049134000393877,40.07853999967827],[-75.049464000106752,40.07853999967827],[-75.0497079996059,40.07853999967827],[-75.049967999896893,40.078586999776832],[-75.050112999661863,40.078586999776832],[-75.050324000447389,40.078548999933638],[-75.050593999885805,40.078494999758313],[-75.050834000085317,40.07841799984147],[-75.051111999919655,40.078309999927519],[-75.051435999784772,40.078108999879746],[-75.051636999626211,40.077930999796919],[-75.051823000297361,40.077744999692065],[-75.051931000252395,40.077598999712116],[-75.052077999667191,40.077568000151558],[-75.05235600039984,40.077559999885715],[-75.052572000309908,40.077559999885715],[-75.052835000075632,40.077545000158054],[-75.053190999727775,40.077506000300787],[-75.053421999706472,40.07744399970624],[-75.053646000012449,40.077290000158079],[-75.053815999891754,40.077103999677099],[-75.053893999709572,40.076780000042859],[-75.053939999740322,40.076409000047143],[-75.053955999633843,40.076075999961972],[-75.054047999695371,40.075976000223299],[-75.054333999925618,40.075890999745688],[-75.054574000125143,40.075929999840561],[-75.054788000385386,40.076103000326796],[-75.055061000196858,40.076355000236816],[-75.055407999628159,40.07675600033955],[-75.055527000352185,40.076666000174036],[-75.055712000300105,40.076523999793224],[-75.057625000426881,40.075072000156069],[-75.057848000009628,40.074896000012721],[-75.058210000407882,40.074605000058916],[-75.05765399984088,40.074310999735765],[-75.059412999981873,40.072439999920917],[-75.060155000321714,40.071671000066672],[-75.061304000367329,40.070455000309394],[-75.062628000315144,40.069077000037538],[-75.064199000135147,40.067412000003621],[-75.063794999904104,40.067186000192066],[-75.063723999758992,40.067145000045514],[-75.063645999941187,40.067098999885225],[-75.063173000113167,40.066830999798484],[-75.063460999993268,40.06652599994846],[-75.063537000161247,40.066449000248276],[-75.063040000043785,40.066142999776019],[-75.062751000338793,40.066447999965909],[-75.062648000406625,40.066378000099384],[-75.062342000084882,40.066183000239342],[-75.062270999939756,40.066137999716432],[-75.061973999838841,40.065973000294662],[-75.061875999929555,40.065925000137824],[-75.061788999890922,40.065883000316596],[-75.061102999627565,40.065501000262799],[-75.061189999666198,40.065408000143272],[-75.061083000434408,40.065330000255557],[-75.06097899977901,40.065254999803379],[-75.059721999778347,40.064509000233699],[-75.059688000341495,40.064535000061191],[-75.059429999700299,40.064385999698992],[-75.059320000095454,40.064300999881596],[-75.059247000300516,40.06424500015423],[-75.058490999716966,40.063757999823395],[-75.057500999680002,40.063154999682126],[-75.057400000295985,40.063092000129025],[-75.056257000098142,40.062382000199371],[-75.056442999870981,40.062184000241679],[-75.056550000001096,40.062080999692419],[-75.056637999864648,40.061997000097101],[-75.057162999571204,40.061438000045833],[-75.057678999955243,40.060886999696145],[-75.057749000275436,40.060813000218147],[-75.057343000394567,40.060584999778975],[-75.05790400008614,40.059972999785202],[-75.058328000408665,40.060206000017438],[-75.058877000404649,40.059663000324342],[-75.058954000397549,40.059580999889519],[-75.059484999951877,40.059021999955618],[-75.059551999899028,40.058949999924714],[-75.059611000348582,40.058886999921214],[-75.060069000107987,40.058403000309056],[-75.060025999551968,40.058379000318347],[-75.060095999872161,40.058307000295592],[-75.060155000321714,40.058245999815696],[-75.060194999606367,40.058267999735861],[-75.060490000057456,40.057951999701366],[-75.060669999982508,40.057761999775934],[-75.060649999891027,40.057751000078881],[-75.060704000317713,40.057691999923193],[-75.060746000150502,40.05764699997988],[-75.06121700032871,40.057142999684579],[-75.061300000169368,40.057054000151048],[-75.061762999951654,40.056558000266271],[-75.061814000005256,40.056503999844615],[-75.062051999656646,40.056252000061598],[-75.062084000342026,40.056217999801255],[-75.061783999868041,40.056005999898368],[-75.061736000187452,40.055892000326587],[-75.062029000090433,40.055591999782322],[-75.062506000116386,40.055860000074759],[-75.062501999918425,40.055805000036564],[-75.062548999774108,40.055754000336528],[-75.063646999766107,40.054576999688081],[-75.063163999892353,40.05431000031151],[-75.063425999833171,40.054027000018372],[-75.063883999592576,40.054313000318061],[-75.064811999705242,40.053325000195258],[-75.065195999844804,40.053544999836419],[-75.065646000106611,40.053042999729186],[-75.065847999772956,40.052873999673444],[-75.065938000184659,40.052812999831104],[-75.06603799974377,40.052785999860916],[-75.066115999561575,40.052769999695286]]]},"properties":{"ZCTA5":"19152"}},{"type":"Feature","geometry":{"type":"Polygon","coordinates":[[[-75.13550500004078,39.969536999792219],[-75.135513000436717,39.969507000300609],[-75.135132999596792,39.969442000324307],[-75.135354000428038,39.968726000297437],[-75.135142999642525,39.968687000148847],[-75.135116999703271,39.968829000017934],[-75.135047000281389,39.969059999775915],[-75.134998999702475,39.969051999856958],[-75.134981999984063,39.969140000290921],[-75.134899999968283,39.969138999958084],[-75.134896999595242,39.969090000152129],[-75.134895999770322,39.969076999944797],[-75.134428999790103,39.969086000194508],[-75.134427999965183,39.968791000266108],[-75.134422999942302,39.967593999680766],[-75.134418999744341,39.967019000084072],[-75.134417999919435,39.966910999939998],[-75.13441700009453,39.966722999817677],[-75.134410000421838,39.966094000073824],[-75.134415000444704,39.965336000311524],[-75.134413999721474,39.96476800033674],[-75.134395000353209,39.96468300028851],[-75.134361000018046,39.964596000024414],[-75.134222999925768,39.964476999903354],[-75.133637999944767,39.964961999937536],[-75.133509000073332,39.965041999740343],[-75.133349000239761,39.965133000314545],[-75.133135999804423,39.965240999824971],[-75.132204000392107,39.965579999666268],[-75.131918999986723,39.965692999698788],[-75.131802999635795,39.965739999797506],[-75.131775999871621,39.965750999874537],[-75.131205000134315,39.965967999905537],[-75.130903999835425,39.966094000073824],[-75.130416999763696,39.966286999668263],[-75.130291000265316,39.966345000028504],[-75.130153999997987,39.966428999703275],[-75.129514999590285,39.966638000134672],[-75.128696999980775,39.966976999933571],[-75.127538999714318,39.965433000063356],[-75.125777000098608,39.962544000039401],[-75.12429999998993,39.963298999895528],[-75.123366999854383,39.96377600017621],[-75.119447999714396,39.965674999681752],[-75.119153999986537,39.965802999776542],[-75.118821999725512,39.965947000199108],[-75.112887000424919,39.968531000020562],[-75.114100000044644,39.970405999660372],[-75.115004999692786,39.971851000073535],[-75.115617000336286,39.972960000242225],[-75.116272999564103,39.97315200014193],[-75.11674999959007,39.973281999860987],[-75.116911999971776,39.973331000103954],[-75.117435000028522,39.973682000199254],[-75.117657999611282,39.973832000066793],[-75.117789999855759,39.973919000279707],[-75.117864000373899,39.973969000328204],[-75.118025999857295,39.974137999684487],[-75.118030000055256,39.974156999797778],[-75.118067999690098,39.974275000020931],[-75.116682999642919,39.974984000082273],[-75.115651999598086,39.975525000270409],[-75.113227000183556,39.976802999676067],[-75.113278000237173,39.976864000033665],[-75.113330999940629,39.976928000305193],[-75.113433999872782,39.977050000054405],[-75.113029999641739,39.977261000105266],[-75.113079000045545,39.977329000168787],[-75.113124000251389,39.977391000269002],[-75.11329999997848,39.977599000016596],[-75.113349000382271,39.977656000207574],[-75.113397999887781,39.97763000029547],[-75.113602999927167,39.977862000114918],[-75.113626000391719,39.977889999660093],[-75.113662000376735,39.977931999988897],[-75.113586000208741,39.977973000088234],[-75.113720999927949,39.978127000292169],[-75.113778999654272,39.978096999752218],[-75.113847000324654,39.978175999814908],[-75.113885999784387,39.978223000279449],[-75.113944000409035,39.978291000074094],[-75.114039999770185,39.978395000034062],[-75.114110000090392,39.978358000291486],[-75.114193999755983,39.978449999856252],[-75.114209999649503,39.978467999951157],[-75.114243999984694,39.978507000025786],[-75.114165000341956,39.978547000273316],[-75.114314000304887,39.978728999761792],[-75.11427400012191,39.978753999752023],[-75.114316999779618,39.978803000201914],[-75.114381000252038,39.978875999683098],[-75.114653000238604,39.979183000306513],[-75.114680000002778,39.979212999681309],[-75.115007000240936,39.979578000312841],[-75.115048000248819,39.979624000321984],[-75.115225999625736,39.979825000297907],[-75.11531600003741,39.979778999735721],[-75.115434999863112,39.979911999765136],[-75.115458000327635,39.979938000185719],[-75.11550600000821,39.97999300014272],[-75.115531999947478,39.97997400027522],[-75.115768999773948,39.9802410001748],[-75.115804999758964,39.980287999907333],[-75.115537999795265,39.980428000119979],[-75.115201000409698,39.980603999803414],[-75.115061999594204,39.980678000277969],[-75.115948999699,39.98137500021128],[-75.116835999803797,39.98207199991797],[-75.116075000095691,39.982937999706643],[-75.116271999739183,39.983119999889439],[-75.116422000425331,39.98325899967984],[-75.116860000093254,39.983661999801114],[-75.117301000134219,39.984065999724578],[-75.117518999694099,39.98426799982294],[-75.117557000227251,39.984301000051438],[-75.117671000030057,39.984404999812163],[-75.117957000260333,39.984657000084702],[-75.11819800028475,39.984859999915059],[-75.11871999961825,39.985282000002243],[-75.119003000373795,39.98551099971688],[-75.119476000201814,39.98589099968369],[-75.119711000378445,39.986082000335962],[-75.119949000029834,39.986271000290031],[-75.120189000229331,39.986459000330079],[-75.120431999903573,39.986644000311088],[-75.120560999775009,39.986736999807235],[-75.120682000148832,39.986824000109415],[-75.121186999763907,39.987181000141682],[-75.121435000359341,39.987361999967789],[-75.121677000208663,39.987548000319961],[-75.121703000147946,39.987570999710371],[-75.121907000362441,39.98774199996268],[-75.122134999968083,39.987938999915968],[-75.122359000274059,39.988138000099063],[-75.1225810000319,39.988336999702398],[-75.124721999764319,39.990257000076426],[-75.126731000150556,39.991945000087313],[-75.12691500027357,39.991834000100759],[-75.127111000092157,39.991715999917311],[-75.126829000059828,39.991402999819492],[-75.126709000409264,39.991299999708907],[-75.126243000253936,39.990867000157806],[-75.126191000375385,39.990813000022911],[-75.125998000031544,39.990639999851183],[-75.126075000024429,39.990641999887515],[-75.126952000083506,39.990759999861694],[-75.127030999726202,39.990386000269154],[-75.128974999815128,39.990639999851183],[-75.128906000218151,39.990978999664314],[-75.129860000270099,39.991109999892608],[-75.130821999819645,39.991236999832033],[-75.130897999987639,39.990889999807244],[-75.131240000294397,39.989296000059021],[-75.130901000360694,39.989249999679004],[-75.13102799968398,39.988617999939734],[-75.131205999959221,39.987755000060972],[-75.130892000139866,39.987716999819696],[-75.130798000428527,39.987704999775325],[-75.130877000071251,39.987381999911541],[-75.131040000277849,39.987286999782384],[-75.131200000111434,39.987200000069897],[-75.131250000340145,39.987180000072861],[-75.131304999693427,39.987179000004019],[-75.131676000312495,39.987228999986371],[-75.131831000123185,39.986519000248585],[-75.131907000291179,39.986305999714247],[-75.131801999810875,39.986150999964636],[-75.131061000194265,39.985316999933183],[-75.13164500035036,39.985004000110543],[-75.132105999584496,39.98477099965681],[-75.132207999691744,39.984740999969013],[-75.132170000056917,39.984608999809453],[-75.131925999659444,39.984333000153548],[-75.132046000208362,39.984266000288308],[-75.132061000276963,39.984187999807723],[-75.132002999652329,39.984121999913945],[-75.132057000079016,39.984096999822803],[-75.13202399956873,39.983938000102796],[-75.131959999994635,39.983970999802359],[-75.131889999674428,39.983892000244673],[-75.132002999652329,39.983834000319504],[-75.131978000436291,39.983805999768428],[-75.132077000170497,39.983754999915078],[-75.132026000116852,39.983695000322321],[-75.132133000246981,39.98363999990368],[-75.132011999873157,39.9835029997571],[-75.131985000108983,39.98341700016784],[-75.132438999670427,39.983183999808254],[-75.13254400015073,39.983166000267381],[-75.132519999861273,39.983043999735948],[-75.132267999966203,39.98275799999449],[-75.132426000149948,39.982669999886156],[-75.132425000325028,39.98261799973757],[-75.132308000149166,39.982226999973641],[-75.132602999701945,39.981888000092596],[-75.132536999579727,39.981814000240135],[-75.132656000303712,39.981754000319491],[-75.132636000212244,39.981671999815013],[-75.132440000393643,39.981452000309012],[-75.132647999907803,39.981340000325943],[-75.132536999579727,39.98095899966664],[-75.13252700043229,39.98087200015577],[-75.132565000067132,39.980826000298421],[-75.132295999555296,39.980521999983836],[-75.132652999930684,39.980336999945528],[-75.133003999559946,39.980145999752587],[-75.13319000023111,39.980133999755083],[-75.133028999674295,39.980092000091339],[-75.131776999696527,39.979363999982887],[-75.132165000034036,39.978981999818821],[-75.132129999873939,39.978962999670202],[-75.131297000195815,39.978479000045041],[-75.131324999784908,39.978458000051965],[-75.131759000153181,39.978025000329993],[-75.131857999887387,39.977849999716327],[-75.132241000202015,39.977203000058331],[-75.132394000362893,39.976924000117869],[-75.133834999588245,39.977147999920895],[-75.134003999642658,39.976330999875813],[-75.134217999902901,39.975364000083061],[-75.134333000428938,39.974993000242613],[-75.134342999576361,39.974916999998911],[-75.134555000186793,39.974255999940397],[-75.134633000004598,39.974003999858517],[-75.134385000307475,39.973974999835917],[-75.134062000267278,39.973934000091596],[-75.134273000154479,39.973466000142089],[-75.134388999607125,39.973487000292373],[-75.134473000171027,39.973203999921516],[-75.134600000392638,39.973227000009985],[-75.134642000225426,39.973090000326479],[-75.134740999959618,39.973107999767926],[-75.134764000424155,39.973030999905831],[-75.134783999617341,39.972965000250049],[-75.134798999685955,39.972910000144012],[-75.134700999776641,39.972890999684047],[-75.134740000134713,39.97276999967432],[-75.134613999738022,39.972745999840399],[-75.134552999638643,39.972723999870453],[-75.13459100017181,39.97266299994812],[-75.13465200027116,39.972681999783077],[-75.134718000393391,39.972544000100967],[-75.134732999563695,39.972547000261599],[-75.134776999944634,39.972401999688209],[-75.134724000241192,39.972390999992982],[-75.134766000073995,39.972226999820883],[-75.134863999983267,39.971861999855669],[-75.13481399975457,39.971765000276427],[-75.135286999582561,39.970248000067976],[-75.135453999987163,39.969739999792537],[-75.13550500004078,39.969536999792219]]]},"properties":{"ZCTA5":"19125"}},{"type":"Feature","geometry":{"type":"Polygon","coordinates":[[[-75.127137000031425,40.008405999900013],[-75.127286999819248,40.007694999668011],[-75.125178999698804,40.0074440002195],[-75.123424999580692,40.007211999713789],[-75.122718000299258,40.007133999977626],[-75.121989000378207,40.007037000243173],[-75.119298999751479,40.00667900031393],[-75.113483000276602,40.005927000172541],[-75.109371999617679,40.005392000080725],[-75.108627999628013,40.005403999769918],[-75.108035999974319,40.005430999922993],[-75.107351000434193,40.005471000232113],[-75.106660000147983,40.005479999816743],[-75.106024999938242,40.005497999670588],[-75.105335000375248,40.005517999808426],[-75.105665000088138,40.004030999799667],[-75.104670000028293,40.004481000144104],[-75.103854000068608,40.00356599974544],[-75.103720999999211,40.003479999955125],[-75.103602999998458,40.003402999914961],[-75.102320999883446,40.003235999672349],[-75.101714000161124,40.003156999687228],[-75.101617999901649,40.003142000097846],[-75.101659999734451,40.002995000093826],[-75.10181100024549,40.002863000115411],[-75.103083000314754,40.002150000256208],[-75.102864000031644,40.002120999793583],[-75.101176000035764,40.00190299978938],[-75.100839999576777,40.001859000038742],[-75.100500999643074,40.001816000114239],[-75.099913000187328,40.001739000261814],[-75.100084999716458,40.000977000025458],[-75.099554000162115,40.000906999678364],[-75.099509999781191,40.00078999990145],[-75.099370999864036,40.000631999684586],[-75.099263999733921,40.000586000057993],[-75.098896000386191,40.000161999796255],[-75.099221000076199,39.999948999828412],[-75.098979000226848,39.99968799988271],[-75.09842299965986,39.999067999811373],[-75.09618400001817,40.000240999806017],[-75.095039000170502,39.999164999857712],[-75.094819999887392,39.99934999983364],[-75.093859000162738,40.000375999663405],[-75.093608999917492,40.000644000210414],[-75.093346999976674,40.000588999675522],[-75.093206000409666,40.000559999926189],[-75.08951700042347,40.003663000283034],[-75.089497000331988,40.003679000273344],[-75.089464999646623,40.003716999891282],[-75.089360000064644,40.003673999760686],[-75.089127000436122,40.003573999752398],[-75.089099999773637,40.003592999937297],[-75.089158000398271,40.003648999944403],[-75.089217999774419,40.003692999917753],[-75.089158000398271,40.003708999901029],[-75.089051000268142,40.003676000103439],[-75.088961999681374,40.00366800010837],[-75.088862000122262,40.003615000289621],[-75.088710999611195,40.003540999889552],[-75.088612999701908,40.00347400028577],[-75.088501000447252,40.003373000152813],[-75.088405000187763,40.003267000016109],[-75.088298999882568,40.003172999796114],[-75.088195999950401,40.003088999870712],[-75.088108000086848,40.002977000268181],[-75.088067999903885,40.002885000014842],[-75.088046999987498,40.00279300032566],[-75.088031999918869,40.002721999934749],[-75.087995000108947,40.002653999685002],[-75.087933000184663,40.002546999964451],[-75.087872000085298,40.002422000104211],[-75.08781699983372,40.002346999940613],[-75.087785000046665,40.002261999839128],[-75.087749999886569,40.002188999886037],[-75.087728000145262,40.002092000006783],[-75.087699999657843,40.001998000233485],[-75.087681000289578,40.001874999763658],[-75.087677000091617,40.001774999872964],[-75.087692000160246,40.001708999768518],[-75.087713000076633,40.001667000294425],[-75.087708000053752,40.001598999682088],[-75.087697000183127,40.001546000321568],[-75.087692000160246,40.001486999699758],[-75.087679999566376,40.001257999870589],[-75.087672000068764,40.001141999871393],[-75.087658999649975,40.001037000265761],[-75.087648999604241,40.000915999864652],[-75.087657999825055,40.00067600022598],[-75.087636999908653,40.000548999946865],[-75.08759300042604,40.000304000323219],[-75.087569999961502,40.000198000238868],[-75.087507000212312,40.000073000207109],[-75.087437999717025,39.999960999786097],[-75.087339999807739,39.999822000261553],[-75.087288999754108,39.999734000114323],[-75.087255000317242,39.999679000222713],[-75.08718400017213,39.999600000250915],[-75.087097999958402,39.999479999944633],[-75.08701000009485,39.999382999657598],[-75.086840000215531,39.999187000260505],[-75.086708999795988,39.999051000221797],[-75.086625000130397,39.998974000003905],[-75.08657099970371,39.998907000047559],[-75.086447999680075,39.998971000315422],[-75.086369999862271,39.998894999904635],[-75.085902999882038,39.99844400000039],[-75.085485000305596,39.998093999703492],[-75.085266999847391,39.99791100027722],[-75.084716000201581,39.997509000176748],[-75.084434000169267,39.997336999681302],[-75.084261999741827,39.997208000229762],[-75.084142000091219,39.997118000308042],[-75.083952999945325,39.996960999778395],[-75.083880000150401,39.996899000232453],[-75.08370400042331,39.99675299979193],[-75.083346000223031,39.996409999998761],[-75.083015999611817,39.996063000104279],[-75.082900999984105,39.996219999945694],[-75.082686999723848,39.996512999973156],[-75.082647000439195,39.996569000281596],[-75.082607000256232,39.996622999994827],[-75.082399999668652,39.996903999864962],[-75.082259000101672,39.997096999850491],[-75.082064999932911,39.997367000030984],[-75.08195199995501,39.997522999709879],[-75.08122999970665,39.998536000044162],[-75.08055000018939,39.999490000207579],[-75.079466000441116,40.000895999754938],[-75.079355000113026,40.001052000317635],[-75.078991999889865,40.001548000038525],[-75.078791999873332,40.001836999808667],[-75.078579000336319,40.002124999881843],[-75.078392999665155,40.002405999819331],[-75.077385000084846,40.00363600011886],[-75.077416000046981,40.003739000203659],[-75.077422999719687,40.003760999820813],[-75.077446000184224,40.003928000155454],[-75.077476000321425,40.00413899976752],[-75.077504999735439,40.004277000318808],[-75.077666000292254,40.004274999993662],[-75.077945999776404,40.004239000324482],[-75.078037000012998,40.004641999838917],[-75.078115999655708,40.004993999905011],[-75.078185000150995,40.004985000256312],[-75.078246000250374,40.005259000115899],[-75.078257000121027,40.005316999739215],[-75.078271000364722,40.00539500017527],[-75.078210000265358,40.005402999967913],[-75.078330999740871,40.005944999908486],[-75.078343000334755,40.00600300032518],[-75.078466000358404,40.006620999783465],[-75.078478000053977,40.006677999842509],[-75.078553000397036,40.007034000220841],[-75.078122000401805,40.007080000319831],[-75.078194000371838,40.007411000163017],[-75.078653999781068,40.007348000010971],[-75.078775000154877,40.007949000240174],[-75.078822999835467,40.007943000275482],[-75.078859999645388,40.008092000159976],[-75.078917000445117,40.008184000277261],[-75.079002999760519,40.008260999741559],[-75.079112000438784,40.008317000048066],[-75.079241000310205,40.00838899988311],[-75.078447999916733,40.008586000142749],[-75.076513999873569,40.009065000326586],[-75.074409000126167,40.009585000293505],[-75.072371000325944,40.010088999878938],[-75.072307999678415,40.010104999739333],[-75.070777000041375,40.010484999793057],[-75.070581000222816,40.010532999772487],[-75.069508000345166,40.010797999810954],[-75.067849999588191,40.011207999907342],[-75.067523000248357,40.011285999804635],[-75.067196999835147,40.011365000015481],[-75.065749999863669,40.011711000183929],[-75.063580999643861,40.012230999946034],[-75.063274000395509,40.012304000169763],[-75.063084000424723,40.012348000068947],[-75.062609000048553,40.012458000036901],[-75.062290000206318,40.012531999715442],[-75.061962999968188,40.012608999779189],[-75.061636999554963,40.01268799983481],[-75.061338999629129,40.012764000028426],[-75.061413000147269,40.01328400002425],[-75.061900000218998,40.013838000270525],[-75.062060000052568,40.014020999664332],[-75.061803000134603,40.014159999864816],[-75.062260999894022,40.014672999817193],[-75.062518999636879,40.014542000071273],[-75.06291500037031,40.015001999982125],[-75.063384999825274,40.015520000130593],[-75.064312000113063,40.016585000162358],[-75.06400400014148,40.016748999800349],[-75.064786999590893,40.017679999764766],[-75.064867999781754,40.017777000197995],[-75.064931000429254,40.017851999920723],[-75.065292000104279,40.018264999824773],[-75.065727000297457,40.018777999877948],[-75.065766999582124,40.018821000125627],[-75.06600500013181,40.01907600017369],[-75.065805000115262,40.019178000063675],[-75.066527000363621,40.019765000223764],[-75.066643999641173,40.019859999888617],[-75.066712000311554,40.019916000309763],[-75.067211999903733,40.020327000249978],[-75.067708000196291,40.020735999935667],[-75.067575999951814,40.020807999740917],[-75.067606999913949,40.02084699971838],[-75.067876000425784,40.021183999706253],[-75.068105999681237,40.021069999690468],[-75.068189000420233,40.021011999693847],[-75.068273999910716,40.021109000206117],[-75.068515999760066,40.021384999831348],[-75.068622999890181,40.021513999692083],[-75.069087000395683,40.021903999931524],[-75.069764000438198,40.022386999794549],[-75.070197000083255,40.02272399974332],[-75.071230999602832,40.023570999875218],[-75.07333200005057,40.025289000192153],[-75.073363999837625,40.025369000212223],[-75.074782000395061,40.026555999985888],[-75.074943999878471,40.026691000080596],[-75.075141000420274,40.026848000338767],[-75.07536700037609,40.027037999760523],[-75.075487999851603,40.027070999957317],[-75.075636999814506,40.027080000133274],[-75.076774000164562,40.027380999755273],[-75.077030000257608,40.02744500015497],[-75.076807999601442,40.027688999881228],[-75.077534999872668,40.028094999673456],[-75.077594000322222,40.028152999839598],[-75.077678999812719,40.028235999718753],[-75.078139000120245,40.028494000115479],[-75.078181999777954,40.028516000008153],[-75.078261000318989,40.028555999857417],[-75.078719000078394,40.028818000319298],[-75.078791000048426,40.028857999991452],[-75.079425000433218,40.02921400023633],[-75.079487000357517,40.029166999781026],[-75.079651000389035,40.028994999946235],[-75.079693000221823,40.028893999745122],[-75.079985000299871,40.029059999662813],[-75.079720999810917,40.029335000000799],[-75.080608999740633,40.029823000192408],[-75.08070800037315,40.029876999739678],[-75.082295000086674,40.030771999984147],[-75.08234799979013,40.030716000219492],[-75.082443000224686,40.030773000102371],[-75.08335799991859,40.031325999944272],[-75.08351299972928,40.031755999843497],[-75.084111000129084,40.031617999825698],[-75.084197000342797,40.031437999801604],[-75.084371000420077,40.031555000008872],[-75.084486999872723,40.031634000141132],[-75.084553999819875,40.031681999689233],[-75.08460099967553,40.03171599980724],[-75.084691000087204,40.031765000089145],[-75.084753999836394,40.032028000017974],[-75.084831999654199,40.032348999657913],[-75.084953000028037,40.032307999873723],[-75.085055000135284,40.032275000147024],[-75.085157000242532,40.032232000124786],[-75.085321000274064,40.032147000097105],[-75.086480000365441,40.032900000304394],[-75.08612899983784,40.033085000330878],[-75.086598000366209,40.033374000007569],[-75.087698999832938,40.034096000340909],[-75.087785999871571,40.034134000219147],[-75.087893000001685,40.034166999734182],[-75.088712000334439,40.034619000280394],[-75.089153000375404,40.034880000092755],[-75.089282000246826,40.03495400021616],[-75.090834999625187,40.035794000189441],[-75.090626000286122,40.036005000327108],[-75.090437000140241,40.036204000037969],[-75.090233999750652,40.036405999962788],[-75.090057000198641,40.036586999976201],[-75.089807999778301,40.036834000100946],[-75.089595000241275,40.037065000293531],[-75.089404000445569,40.037263000327016],[-75.090100999681255,40.037673000284613],[-75.090739000264023,40.038026999888714],[-75.091227999985563,40.038341000128959],[-75.091334000290772,40.0384089998985],[-75.091310999826248,40.038586000083171],[-75.090543000445436,40.03914199983523],[-75.090665999570788,40.039209000187014],[-75.091590000383817,40.039734000089823],[-75.091915999898745,40.040045000088142],[-75.092029999701552,40.040214000315018],[-75.094299000378783,40.03820199967091],[-75.094769999658681,40.037820999891892],[-75.09556600042518,40.037177999691799],[-75.096097999804442,40.036574000234431],[-75.096233000421961,40.036645999831151],[-75.096774999846957,40.036933000181065],[-75.096846999816989,40.036969999826709],[-75.096991999581917,40.036941999743533],[-75.097502999943103,40.036925999985584],[-75.098415999987168,40.036101000114925],[-75.098434000428824,40.036113999946863],[-75.099122000341993,40.036580999778259],[-75.099385000107745,40.036760999984573],[-75.101571999870899,40.038292999765282],[-75.101880999667372,40.03802299984131],[-75.102123000415034,40.037802000294903],[-75.102329000279369,40.037620000049706],[-75.103309000270585,40.036669999909094],[-75.104725000279885,40.035321000162241],[-75.104330000269684,40.035107999862404],[-75.103971000244471,40.034905000161991],[-75.105191000435212,40.033670999753539],[-75.105538999691433,40.03388399972679],[-75.105624999905174,40.033830999986129],[-75.106265999962659,40.033152999839018],[-75.10660499989639,40.033457999802842],[-75.106624000162967,40.033436000128468],[-75.106912000043039,40.03313499971285],[-75.107264000395546,40.03276999987397],[-75.107574000016953,40.032438999902872],[-75.107908999752709,40.032149999703421],[-75.108040000172281,40.032107999701026],[-75.108403000395441,40.031977999824512],[-75.109056999973404,40.031740999660713],[-75.111074999682174,40.031060999831929],[-75.111139000154594,40.03103799995791],[-75.111165000093848,40.030920000123437],[-75.111141999629325,40.030613999694815],[-75.111128000283941,40.030389999841496],[-75.111095999598561,40.030125000219698],[-75.111054999590692,40.029955000309585],[-75.110967999552045,40.029758999960222],[-75.110899999779988,40.029602999658664],[-75.110899999779988,40.029370000051806],[-75.110954000206661,40.029095999997736],[-75.111013999582795,40.028903999826191],[-75.111114000040246,40.028724999666707],[-75.111274999698708,40.028486999741659],[-75.111416000164027,40.02830900001797],[-75.111540000012582,40.028175999998545],[-75.111677000279926,40.028067000073712],[-75.111810000349323,40.02799800015115],[-75.111928000350105,40.027994000203392],[-75.112089000008581,40.02799800015115],[-75.112202999811402,40.027956999815252],[-75.112308000291705,40.02794799975495],[-75.112436000338221,40.028016000257317],[-75.112473000148142,40.027911000029732],[-75.112683000210424,40.02781999983933],[-75.112846000417036,40.027734000341503],[-75.112874999831035,40.027678000146331],[-75.112884000051864,40.027604999859726],[-75.112879999853902,40.027457000094223],[-75.112849999716687,40.027335000269218],[-75.1128439998689,40.027025000262235],[-75.112826000325555,40.02695999998226],[-75.112807000058979,40.026887999790375],[-75.112770000249043,40.026630999689303],[-75.112751999807401,40.026360999683156],[-75.112714999997479,40.026196000261628],[-75.112627999958832,40.026055000126995],[-75.112531999699371,40.025953999700185],[-75.112398999629974,40.025889999965294],[-75.112197999788535,40.025812000250269],[-75.112042999977831,40.025762000315446],[-75.11188300014426,40.02573399975811],[-75.11170900006698,40.025697999712534],[-75.111508000225527,40.025643000103074],[-75.111402999745238,40.025561000015124],[-75.111351999691593,40.025446000237487],[-75.11139299969949,40.025282000177334],[-75.111402999745238,40.025076000205942],[-75.111457999996816,40.024907000299173],[-75.111508000225527,40.024796999760468],[-75.111562999578808,40.024650999822136],[-75.11154900023341,40.024504000049149],[-75.111493999981818,40.024284999771837],[-75.111443999753106,40.02409299981737],[-75.11139299969949,40.023914000103964],[-75.111375000156144,40.023708999663164],[-75.111348000391956,40.023566999667828],[-75.111278999896669,40.023411000339927],[-75.111180999987383,40.023254999967413],[-75.111032000024466,40.023035999808265],[-75.110996000039449,40.022908000307012],[-75.110976999772888,40.022738999845238],[-75.11093599976499,40.022605999973095],[-75.110831000183026,40.022500999673632],[-75.110717000380191,40.022418999936718],[-75.110551999625429,40.022360000157335],[-75.110382999571044,40.022323000153058],[-75.11019500014838,40.022290999965861],[-75.11024200000405,40.022241999757583],[-75.110835000380987,40.02172000009984],[-75.112217000055097,40.020055999785725],[-75.111687000325674,40.01997800028019],[-75.111605000309922,40.019965999713314],[-75.110812999741356,40.019858000020108],[-75.110502000295043,40.019826000052689],[-75.110087000193346,40.019770000245643],[-75.110421999929102,40.018152000051096],[-75.110436999997702,40.018078999890868],[-75.110626999968517,40.017210999916735],[-75.110636000189331,40.017156999975192],[-75.110309999776121,40.017117999952653],[-75.109600999946537,40.017026000181552],[-75.108888999743925,40.016938000194756],[-75.109024000361458,40.016285999665484],[-75.111360000087515,40.015867000211834],[-75.111495999631657,40.015167999990283],[-75.111811000174228,40.013662000217678],[-75.112160999978599,40.012084999952378],[-75.114141000052527,40.012325999778888],[-75.117819999992975,40.012811999781178],[-75.119439000391893,40.013025999902268],[-75.117570999572635,40.015581999967232],[-75.117475000211499,40.015783000082401],[-75.117814000145188,40.015688999896859],[-75.119558000217566,40.014808999697095],[-75.118642999625365,40.019200000208791],[-75.119415000102435,40.01931500019532],[-75.120729999829408,40.019469000065158],[-75.121379000282843,40.019549000030089],[-75.121944000172377,40.019618999836496],[-75.122751999736138,40.019721999882996],[-75.122841000322893,40.019322999732523],[-75.122852000193561,40.019231999781816],[-75.123304999930085,40.019440000080479],[-75.123346999762887,40.019383999956581],[-75.123465999588561,40.019395000340808],[-75.123583999589343,40.019385999838981],[-75.123750000169011,40.019322000134395],[-75.123863999971846,40.0192199997717],[-75.123923000421385,40.019128000082667],[-75.123945000162692,40.019029999903601],[-75.123957999683157,40.018873000228972],[-75.123941999789622,40.01869599979451],[-75.123920999873221,40.018413999879563],[-75.123942999614542,40.01826200029592],[-75.124002999889001,40.018098000166269],[-75.124130000110611,40.01790200014868],[-75.124326999754103,40.017822000316706],[-75.124468000219423,40.0178109996789],[-75.124556000082976,40.017826000172931],[-75.125007000169674,40.01807699997017],[-75.125091999660171,40.018105000230179],[-75.12525999988965,40.01730399975412],[-75.125331999859682,40.016959999686073],[-75.125987999985796,40.013862000117491],[-75.126201000421148,40.01297899999107],[-75.126634000066176,40.010816000326678],[-75.127137000031425,40.008405999900013]]]},"properties":{"ZCTA5":"19124"}},{"type":"Feature","geometry":{"type":"Polygon","coordinates":[[[-75.154903000198814,39.986169000095693],[-75.154938000358911,39.986117999941442],[-75.154062999949673,39.986002999777803],[-75.153274999579097,39.985898999696538],[-75.15298000002629,39.985862999975652],[-75.152484999558652,39.985800999991284],[-75.151699999561103,39.985699999874022],[-75.150912999913714,39.985597000111767],[-75.150197000411467,39.985503999752019],[-75.149342000093725,39.98539200021645],[-75.149014000030675,39.985350000343296],[-75.148946000258604,39.985643000198529],[-75.148485000126158,39.985583000198915],[-75.148548999700239,39.985292000279316],[-75.148259000170327,39.985252999947512],[-75.14828500010961,39.985350999750601],[-75.148280999911648,39.985390000026406],[-75.148258000345436,39.985527999923605],[-75.148137999796518,39.985512999903378],[-75.148121000078064,39.985596000019761],[-75.148008000100177,39.985581000014513],[-75.148024999818617,39.985504999845382],[-75.147705999976381,39.985459999759712],[-75.14776600025084,39.985189999999903],[-75.147274000156258,39.985123999697478],[-75.146782000061663,39.985062999830539],[-75.146101999646078,39.984978000241135],[-75.145444999695073,39.984895000062203],[-75.144654999674628,39.984790000255302],[-75.144154000257529,39.984724000254765],[-75.143843999737825,39.984683000076323],[-75.143227999794675,39.984602999858737],[-75.142806000020272,39.984548000171003],[-75.142537000406776,39.984516000169648],[-75.142380000047922,39.984493999858884],[-75.141870000410009,39.984432000008709],[-75.141394000208919,39.984368999992341],[-75.140933999901407,39.984311999894665],[-75.140478999616732,39.984248000344174],[-75.140020999857327,39.984191000145557],[-75.13952100026512,39.984124000141065],[-75.139013000277004,39.984060999840679],[-75.138466999755735,39.983988999819537],[-75.137798999934063,39.983906999932479],[-75.137099000325335,39.983812999907258],[-75.13651299962109,39.983740000193897],[-75.135966000173241,39.983666000282277],[-75.135444999766335,39.983598000330055],[-75.13534400038229,39.984051000071737],[-75.13488900009763,39.983989999935069],[-75.13443299998805,39.983930999976764],[-75.13396000016003,39.983870999850247],[-75.13348899998185,39.983809000123024],[-75.133586000066217,39.9833599999642],[-75.133073000055234,39.983295000084553],[-75.132599000402308,39.98322799988977],[-75.13254400015073,39.983166000267381],[-75.132438999670427,39.983183999808254],[-75.131985000108983,39.98341700016784],[-75.132011999873157,39.9835029997571],[-75.132133000246981,39.98363999990368],[-75.132026000116852,39.983695000322321],[-75.132077000170497,39.983754999915078],[-75.131978000436291,39.983805999768428],[-75.132002999652329,39.983834000319504],[-75.131889999674428,39.983892000244673],[-75.131959999994635,39.983970999802359],[-75.13202399956873,39.983938000102796],[-75.132057000079016,39.984096999822803],[-75.132002999652329,39.984121999913945],[-75.132061000276963,39.984187999807723],[-75.132046000208362,39.984266000288308],[-75.131925999659444,39.984333000153548],[-75.132170000056917,39.984608999809453],[-75.132207999691744,39.984740999969013],[-75.132105999584496,39.98477099965681],[-75.13164500035036,39.985004000110543],[-75.131061000194265,39.985316999933183],[-75.131801999810875,39.986150999964636],[-75.131907000291179,39.986305999714247],[-75.131831000123185,39.986519000248585],[-75.131676000312495,39.987228999986371],[-75.131304999693427,39.987179000004019],[-75.131250000340145,39.987180000072861],[-75.131200000111434,39.987200000069897],[-75.131040000277849,39.987286999782384],[-75.130877000071251,39.987381999911541],[-75.130798000428527,39.987704999775325],[-75.130892000139866,39.987716999819696],[-75.131205999959221,39.987755000060972],[-75.13102799968398,39.988617999939734],[-75.130901000360694,39.989249999679004],[-75.131240000294397,39.989296000059021],[-75.130897999987639,39.990889999807244],[-75.130821999819645,39.991236999832033],[-75.130786999659549,39.99139699977723],[-75.130727000283414,39.991669999790524],[-75.130278999671447,39.991611000270829],[-75.130195999830775,39.992005000004887],[-75.130121000386012,39.992361999801375],[-75.130258999579965,39.992378999679602],[-75.130249000432528,39.992432999952904],[-75.130186999609933,39.992762999930804],[-75.129933000065037,39.993927999730438],[-75.129703999736179,39.993899999875538],[-75.129496000222034,39.993868000125666],[-75.129280000311965,39.993698000041761],[-75.128888999601401,39.993370999698513],[-75.128748000034406,39.993457999810104],[-75.128553000040739,39.993577999687211],[-75.128291999924826,39.993739000315259],[-75.128375999590403,39.993867000154744],[-75.12918499987741,39.994528999722007],[-75.129890000407329,39.995072999865144],[-75.129983000293748,39.995132999787671],[-75.129882999836312,39.995171999984287],[-75.129671999949124,39.995202999860027],[-75.12963900033715,39.995424999713279],[-75.129620000070588,39.995548000102509],[-75.129456999863976,39.99629400002199],[-75.129398000312747,39.996573000006947],[-75.129324999619499,39.996917000284043],[-75.129080000295431,39.996883999956509],[-75.12893499963215,39.997545999870574],[-75.129457999688881,39.997618000054345],[-75.129379000046157,39.998019000291251],[-75.129260000220484,39.998538999751808],[-75.129801999645451,39.998613000067785],[-75.130319999679344,39.998676999923092],[-75.129970999699879,40.000267000059281],[-75.130445000251115,40.00032700023538],[-75.130909999683197,40.000389000109656],[-75.131250000340145,39.998806000040432],[-75.132171999706742,39.998913000118222],[-75.13183399959793,40.000510999942051],[-75.132360000027703,40.000571999776504],[-75.132700999611245,39.998985000237006],[-75.13323600026186,39.999057000279819],[-75.133828999740473,39.999129000246768],[-75.134412000071649,39.999207000182629],[-75.134074999787771,40.000794000067742],[-75.13530199965119,40.000958999667802],[-75.135652000353872,39.999374999847745],[-75.135968999647957,39.999416000153822],[-75.138523999657153,39.999742999767015],[-75.139070000178421,39.999811000163334],[-75.139527000112906,39.999876000155034],[-75.139987000420447,39.999931999770055],[-75.140317999958242,39.999970999978657],[-75.140411999669567,39.999982999932485],[-75.140497999883294,39.999993000121762],[-75.140476999966893,40.000092999869743],[-75.140518999799681,40.000125000143534],[-75.140757000349382,40.000315000342006],[-75.140996999650582,40.000503000264295],[-75.14135300020105,40.000538999839009],[-75.141655000324832,40.000576999828198],[-75.141663999647363,40.000536000219242],[-75.142072999901274,40.000588999675522],[-75.142161999589732,40.000600000336561],[-75.142432999751378,40.00063400011647],[-75.14264399963858,40.000661999962951],[-75.142855000424078,40.000688999926957],[-75.142958000356245,40.000885999697907],[-75.141984000212801,40.001247999866578],[-75.141928999961223,40.001268999735693],[-75.141866000212019,40.001291000148733],[-75.142040000289313,40.001479999995816],[-75.142217999666229,40.001703999799723],[-75.142399000314498,40.001928000245037],[-75.142416000032938,40.001949999757599],[-75.143026999953221,40.001732999751326],[-75.143647000094333,40.001509999901593],[-75.143796999882156,40.001455000064269],[-75.143958000438957,40.001397999773218],[-75.144884000003501,40.001057000334178],[-75.145190000325258,40.000940999993503],[-75.145499000121731,40.000826000012964],[-75.146418000013597,40.000474999664462],[-75.147029999758786,40.000239000050783],[-75.147239999821053,40.000159000159925],[-75.147716999847034,39.999974000311369],[-75.147793999839934,40.000153000198736],[-75.148032000389634,40.00070599979685],[-75.148147999842251,40.000987000069159],[-75.148741000219189,40.001054000049059],[-75.148699000386401,40.001262999872054],[-75.148793999922631,40.00150800018352],[-75.150532999972143,40.001729000328247],[-75.150616999637705,40.00175500001486],[-75.150712000072275,40.001312000004681],[-75.150851999814364,40.00071400013897],[-75.150890000347502,40.000548999946865],[-75.150919999586435,40.000406000054234],[-75.150984999883747,40.000101000283685],[-75.151066000074607,39.999718999772917],[-75.150794000088041,39.999681999880146],[-75.1501920003886,39.999911000177846],[-75.150120000418568,39.999594000240613],[-75.150046999725333,39.999232000249087],[-75.15001999996116,39.999096000300007],[-75.149982000326304,39.998900999976357],[-75.149876999846015,39.998385000138967],[-75.149902999785297,39.998293999797866],[-75.150628000406684,39.998027000260016],[-75.151516000336414,39.997699000084332],[-75.151867999790596,39.997568000106838],[-75.152037999669901,39.996781999781732],[-75.151714999629718,39.996740999958675],[-75.15181699973698,39.99627000019202],[-75.15183199980558,39.996206000145449],[-75.151882999859211,39.995992000285398],[-75.151924999692,39.995776999811746],[-75.151945999608401,39.995680999714601],[-75.152041999867862,39.995241000065924],[-75.152129999731415,39.99483800011987],[-75.152154999845777,39.994726000059231],[-75.152212999572086,39.994480000227576],[-75.153119999768393,39.994597999765006],[-75.153293999845658,39.993773000070213],[-75.152389000197502,39.993658999691576],[-75.152488999756613,39.993182000118409],[-75.152558000251886,39.992841000255758],[-75.152642999742412,39.992475000288877],[-75.15272999978103,39.992071999850602],[-75.152740999651698,39.992028999957213],[-75.152822999667464,39.991685999838118],[-75.152860000375696,39.991526999886858],[-75.152896000360712,39.991368000253708],[-75.152922000299966,39.991250999962624],[-75.152976999653248,39.991007000028453],[-75.15303100007992,39.990795999754923],[-75.153072999912723,39.990633999741902],[-75.153070000437964,39.990577000053769],[-75.153076000285779,39.990510000118086],[-75.153165999799128,39.990116000019249],[-75.153412999671332,39.990148000150477],[-75.153537000418211,39.989578999860086],[-75.153626999931589,39.989192000173126],[-75.153638999627148,39.989119000013055],[-75.153647000023071,39.989066999955178],[-75.153790000138187,39.989087000087984],[-75.153887000222582,39.988628999776111],[-75.154084999690994,39.987722000124315],[-75.154145999790344,39.987726999740339],[-75.154161999683879,39.987650999893788],[-75.154186999798242,39.98753600024591],[-75.154412999754044,39.986479999928989],[-75.154817999809993,39.986548999843926],[-75.154903000198814,39.986169000095693]]]},"properties":{"ZCTA5":"19133"}},{"type":"Feature","geometry":{"type":"Polygon","coordinates":[[[-75.263859999674537,40.054557000177901],[-75.264431000310154,40.05409400018177],[-75.262677000192042,40.0523039998413],[-75.261097000151196,40.050670999675951],[-75.259620999867437,40.049238000299901],[-75.257655000037218,40.047611000173703],[-75.255893000421466,40.046496999698157],[-75.255098000378183,40.04612200024151],[-75.254678000253634,40.045923999800841],[-75.254318000403515,40.045754999973482],[-75.254226000342001,40.04568899976438],[-75.252882000302719,40.044732999781097],[-75.251360999813087,40.043554000131415],[-75.251298000063926,40.043505000067469],[-75.250701000387323,40.043904999685978],[-75.250672000075028,40.043922999720266],[-75.250646000135745,40.043944000212683],[-75.250616999823421,40.043979000331262],[-75.250605000127877,40.044008000199824],[-75.250595000082129,40.044045000132755],[-75.250575999815553,40.044083999891598],[-75.250559000097113,40.044114000325763],[-75.250520999563975,40.044172999857345],[-75.25050399984552,40.044202000331069],[-75.250487999952014,40.044243999762124],[-75.250450000317173,40.044338999722527],[-75.250415000157062,40.04436800012563],[-75.250373000324259,40.044400000271558],[-75.250294999608158,40.04434799968292],[-75.250270000392121,40.044332000287334],[-75.250011999750939,40.044159000264514],[-75.249295000423757,40.04368900027977],[-75.249230999951351,40.043645999889655],[-75.248969999835438,40.043475000053057],[-75.248877999773924,40.043413000118974],[-75.248713999742392,40.043300999984218],[-75.248459000372591,40.043126000221982],[-75.248092999776375,40.04287199992114],[-75.247835000033518,40.042668999950756],[-75.247105000287547,40.042096000201909],[-75.246505000237931,40.041479000109582],[-75.246130000319212,40.041010000186581],[-75.245844999913857,40.04059499979045],[-75.245653000293231,40.040147000262984],[-75.245419999766412,40.039591999753846],[-75.245090999878443,40.039105999988529],[-75.244691999670266,40.038671000338816],[-75.244197000100939,40.038304999859371],[-75.243675999694034,40.038046000110839],[-75.242991000153921,40.037852999671813],[-75.241888999963962,40.037686999833674],[-75.241453999770769,40.037589000178734],[-75.241042999867048,40.037420000323586],[-75.240615000244873,40.037161999989266],[-75.240096000386103,40.036831000012903],[-75.239667999865617,40.036537999719776],[-75.239350999673206,40.036354000155072],[-75.238783000308942,40.036110999827152],[-75.238056000037716,40.035811000257297],[-75.237670000248343,40.035643000169379],[-75.237088999566978,40.035361000147532],[-75.236814000105682,40.03520500027841],[-75.236556000362825,40.035031999794597],[-75.236311999965338,40.034848000293323],[-75.236266999759508,40.034812000243129],[-75.236148999758726,40.034859000247543],[-75.235858000403908,40.035093999783896],[-75.23540399994414,40.035460000302642],[-75.234936999963921,40.034899999873765],[-75.23404999985911,40.035696999923452],[-75.232746000002791,40.034561000110024],[-75.23261600030645,40.034655999805942],[-75.232459999772516,40.034415999812232],[-75.232010000409048,40.033986000175879],[-75.231027999869696,40.033094999797505],[-75.230399000406067,40.033446000231464],[-75.230182999597673,40.033565999977256],[-75.230062000122174,40.033634999769809],[-75.229761999648204,40.03380299998971],[-75.228752000418083,40.034372999764251],[-75.228149999820303,40.034713999895523],[-75.227908999795872,40.034849999722418],[-75.227871999985965,40.034795999985427],[-75.227724999672873,40.034623999901463],[-75.227610000045146,40.034486000184231],[-75.227405999830637,40.034579999922236],[-75.227224000255774,40.034338000217026],[-75.227382000439505,40.034265000180007],[-75.226933000002617,40.03367500005622],[-75.226686999955334,40.033787000183111],[-75.226542000190378,40.03359799969035],[-75.22651500042619,40.033615000305659],[-75.226466999847304,40.033643999767513],[-75.226081999882837,40.033806000210959],[-75.225849000254328,40.03350600013075],[-75.225634999994085,40.033219999884821],[-75.225956000384457,40.033067000186755],[-75.225703999591062,40.03272700016386],[-75.225445000023299,40.032843000135593],[-75.225366000380575,40.032861000338826],[-75.22509900041689,40.032492000037429],[-75.225125000356144,40.032412000116949],[-75.225385999573746,40.032298000291703],[-75.225182000257561,40.032024999718502],[-75.225348999763824,40.031941000221742],[-75.225163999815891,40.031721999745436],[-75.225127000005969,40.031642999715046],[-75.224592000253679,40.030938000146342],[-75.224504000390127,40.030822999803483],[-75.224143999641711,40.030349999691992],[-75.22382499979949,40.029927000097651],[-75.223474000170199,40.029441000237753],[-75.22320800003142,40.029078000176604],[-75.222881999618181,40.029268999718134],[-75.222763999617399,40.029104999906572],[-75.222606000331979,40.029172999943391],[-75.222357999736531,40.028784000132383],[-75.221911999672713,40.028272999955568],[-75.22183700022795,40.028200999773709],[-75.22178899964905,40.028155000152786],[-75.221606000249253,40.027909999869593],[-75.221776000128571,40.02783400003527],[-75.22161700011992,40.02762499971044],[-75.221819999611185,40.027536000157738],[-75.221679000044205,40.027339000255679],[-75.221239999653065,40.027550999889556],[-75.220653000022224,40.027008000067994],[-75.220642000151571,40.026997000223339],[-75.220212999806165,40.026588000236281],[-75.219698999970262,40.026140000179623],[-75.219124000034995,40.02556699980682],[-75.219072999981393,40.025602999921475],[-75.218991999790532,40.025616999884505],[-75.218929000041328,40.025580999777247],[-75.218862999919097,40.025502999708863],[-75.218322000319034,40.025028000136579],[-75.21819599992233,40.024971999783709],[-75.21803699991365,40.024937999743592],[-75.21754999984195,40.024930999692764],[-75.216706000293158,40.024941999870599],[-75.215979999846851,40.024368999754017],[-75.215789999876037,40.024229000184903],[-75.215348000010167,40.023902999760374],[-75.215106000160844,40.023622999798192],[-75.215440000071681,40.023429999818539],[-75.215005999703408,40.022923999913857],[-75.214912999816974,40.022964999835139],[-75.214696999906906,40.0227020000465],[-75.214419999897487,40.022825000136628],[-75.214060999872302,40.022358999915816],[-75.213895000190945,40.022131999737503],[-75.214008000168846,40.022061999757405],[-75.214203000162513,40.021975000320879],[-75.214049000176715,40.021764000119731],[-75.213994999750042,40.021702999959523],[-75.213951000267429,40.021652999764967],[-75.213900000213798,40.021676000051642],[-75.213823000220913,40.021570000131646],[-75.213875000099449,40.021548000062722],[-75.21364300029586,40.02123100015821],[-75.213598000090016,40.02115600002179],[-75.213571000325828,40.021112000297776],[-75.213449000127099,40.020948999712758],[-75.213509000401558,40.020920999931803],[-75.213162000071918,40.020464000138567],[-75.213065999812457,40.020340000336596],[-75.212947999811675,40.020393999823121],[-75.212895000108233,40.020314999744478],[-75.212856999575081,40.02025900033874],[-75.212896999758044,40.020239999977107],[-75.212664999954455,40.019933000207416],[-75.212924000420557,40.019816000016817],[-75.212725000228914,40.01955200019033],[-75.212464000113016,40.019671000019677],[-75.212397000165865,40.019579999845106],[-75.212464999937922,40.019550000312861],[-75.212330000218714,40.019370999687879],[-75.211930000185617,40.019554000067806],[-75.211695999833907,40.019246999963478],[-75.211470999702996,40.01894800012299],[-75.212028999919823,40.018700000287438],[-75.212787000153199,40.018342000300031],[-75.212660999756494,40.018198999839697],[-75.212536000083034,40.018073000128652],[-75.212228999936372,40.017835000192598],[-75.211997000132769,40.017547999975079],[-75.211744000412793,40.017388000075265],[-75.211416000349729,40.017101000041684],[-75.21141899982446,40.017032999667492],[-75.211375000341846,40.016942000102794],[-75.211366000121004,40.016929999689964],[-75.211278000257465,40.016812999854174],[-75.210496999559552,40.016390999897197],[-75.209290999612534,40.015816999868775],[-75.209031000219852,40.015698999849576],[-75.208872000211201,40.015623000172312],[-75.208698999958827,40.015480000206061],[-75.207169999971612,40.015034999808663],[-75.206903000007912,40.014957999729887],[-75.206730999580458,40.01490800009686],[-75.206702000166459,40.014969999801473],[-75.206487999906216,40.01541600027813],[-75.206466999989829,40.015454999897344],[-75.206435000202774,40.015518999788746],[-75.206292999912549,40.015863000240778],[-75.206106000314804,40.016109999733786],[-75.205873999612905,40.016265000287753],[-75.205503999717038,40.016488000098697],[-75.205251999821954,40.016564000188644],[-75.205348999906349,40.016708000271763],[-75.205333000012814,40.01671299982965],[-75.205221999684738,40.016723000320312],[-75.205133999821186,40.016708000271763],[-75.205091999988383,40.01669500018123],[-75.204967000314923,40.016653000295022],[-75.204880000276276,40.016629000053555],[-75.20481499997895,40.016615000310182],[-75.204753999879586,40.016604000165756],[-75.20470399965086,40.01658799976493],[-75.20462800038122,40.016560999897031],[-75.20454700019036,40.016534000018403],[-75.204301999967967,40.016482999836384],[-75.204148999807103,40.016459000223122],[-75.203977000277959,40.0164409998197],[-75.203905000307941,40.016436999882295],[-75.203860000102111,40.016432000304178],[-75.203788000132079,40.016430000335212],[-75.203686999849737,40.016434999913471],[-75.203615999704624,40.016444999756878],[-75.20357200022201,40.01646399979925],[-75.203527999841086,40.016486999771097],[-75.203408000190478,40.016562000223601],[-75.203343999718072,40.016612999658591],[-75.203228000265426,40.016723000320312],[-75.203113999564295,40.01686900002403],[-75.203091999822988,40.016901000002221],[-75.203049999990199,40.016972000093624],[-75.202963999776472,40.017132999911027],[-75.202899000377457,40.017262999871029],[-75.202875999912933,40.017334999901038],[-75.202827000407424,40.017443000147601],[-75.202788000049367,40.017520999798968],[-75.202731999972869,40.017630000062134],[-75.202668000398774,40.017750000112549],[-75.202605999576178,40.017851999920723],[-75.202569999591162,40.017907999925924],[-75.202552999872736,40.017940999723209],[-75.202536999979202,40.017969999656977],[-75.20252799975836,40.018014000031116],[-75.202530000306524,40.018048999698664],[-75.20252799975836,40.018094000325981],[-75.202521999910587,40.018119999971603],[-75.202504000367242,40.018159000109527],[-75.202490999948438,40.018209000112535],[-75.202473000405107,40.018260999994276],[-75.202439000069916,40.018319000265471],[-75.202300000152746,40.018561999999747],[-75.202234000030501,40.018688000183751],[-75.202121000052585,40.018877000023593],[-75.202085000067598,40.018932999875595],[-75.202039000036848,40.019000999732391],[-75.202023000143299,40.01902600011794],[-75.20199899985387,40.019057999772564],[-75.201983999785242,40.019109000094055],[-75.201961000219029,40.01914899995532],[-75.20191799966301,40.019219000172065],[-75.20186800033261,40.019303000199798],[-75.201820999578615,40.019389000006385],[-75.201770000423323,40.019472999824856],[-75.201735000263199,40.019526999997503],[-75.201680000011635,40.019603000142602],[-75.201609999691428,40.019704999932777],[-75.201571000231695,40.019758000330135],[-75.201541999919357,40.019805999979489],[-75.201519000353144,40.019846999710538],[-75.201479000170167,40.019926999920251],[-75.201433999964337,40.020007000036223],[-75.20139899980424,40.020078999922767],[-75.201353999598396,40.020152000007272],[-75.201320999986436,40.020185999680749],[-75.201290000024301,40.020223000155937],[-75.201249999841323,40.02027999986327],[-75.201223000077135,40.02032299985239],[-75.20116299980269,40.020408999749336],[-75.201105999901273,40.02052500003056],[-75.201068000266432,40.020598000325869],[-75.201059999870523,40.020636999735409],[-75.201002999969106,40.020727999876172],[-75.20098600025068,40.020760000108474],[-75.200961000136317,40.020820000159716],[-75.200929000349277,40.020909999793595],[-75.200898000387127,40.020962999942881],[-75.200855999656014,40.021030999840519],[-75.200838999937574,40.021061000097525],[-75.200826000417109,40.02109800009822],[-75.200816000371361,40.021149000270817],[-75.200804999602397,40.021240999986702],[-75.200780000386359,40.021376000279957],[-75.20073400035561,40.02144399976595],[-75.200700999845324,40.021508999798002],[-75.200678000279098,40.021546000243745],[-75.200632000248348,40.021605000039081],[-75.200581000194717,40.021657000084588],[-75.20049499998099,40.021737000235987],[-75.200453000148201,40.021786000119],[-75.200418999813024,40.021823999975979],[-75.200366999934474,40.021861999811797],[-75.200289000116669,40.021939999915354],[-75.200190000382477,40.022028000330835],[-75.200000000411663,40.02217799998008],[-75.199785000326514,40.022340000138961],[-75.199652000257132,40.022431000072174],[-75.199600000378581,40.022457999681286],[-75.199423999753179,40.022532000211285],[-75.199319999996106,40.022572999680193],[-75.19923999963018,40.02259300031821],[-75.199164000360497,40.022621000100962],[-75.199080999621501,40.02265799994364],[-75.198987999735095,40.022683999914044],[-75.198883000153117,40.022723000195022],[-75.198776999847894,40.022756999963192],[-75.198457000180753,40.022849999809026],[-75.198335999806915,40.022882999967941],[-75.198240000445779,40.02291400033198],[-75.198134999965461,40.022958000269746],[-75.198056000322765,40.022996999706208],[-75.197986999827478,40.023029000250212],[-75.197887000268366,40.023068999877225],[-75.197690999551455,40.023161999985703],[-75.197611999908759,40.023217999760568],[-75.197536999565671,40.02325699973629],[-75.197442999854346,40.023319000110462],[-75.197340999747112,40.023374999756456],[-75.197221000096491,40.023431000044354],[-75.19712400001211,40.023469999898381],[-75.197022999729782,40.023520000137168],[-75.196918999972709,40.023573999858606],[-75.196833999583887,40.023624000021179],[-75.196708999910427,40.023693000240407],[-75.196581999688803,40.023768999872701],[-75.196457000015343,40.023846999859892],[-75.196320999572919,40.023927999725736],[-75.196221000013807,40.023984999777483],[-75.196078999723568,40.024053000102789],[-75.195990999860015,40.024108999834183],[-75.195947000377402,40.024136000155103],[-75.195842999722018,40.024200999686286],[-75.195814000308019,40.024222000061329],[-75.195790000018576,40.024236999833903],[-75.195760999706252,40.024252000291042],[-75.19564600007854,40.024297999792253],[-75.195600000047776,40.02432099987513],[-75.195567000435801,40.024351000061365],[-75.195544999796184,40.024388999865536],[-75.195527000252824,40.02443300022788],[-75.19550100031357,40.024517000027835],[-75.195475000374302,40.024587000240693],[-75.195453999559589,40.024636000140582],[-75.195427999620307,40.024683000278259],[-75.195406999703906,40.024727999969926],[-75.195383000312788,40.024769999701206],[-75.195357000373519,40.024793999830841],[-75.195338999931863,40.024813999817823],[-75.195339999756769,40.024846000197435],[-75.195333999908982,40.024899000040882],[-75.195328999886129,40.024963000017543],[-75.195332000259157,40.025009999929885],[-75.195332000259157,40.025080999838586],[-75.195319999665287,40.025166999929397],[-75.195313999817515,40.025244000182653],[-75.195312000167675,40.025313000139263],[-75.195293999726005,40.025372000116555],[-75.19526299976387,40.025442000140032],[-75.195193000342002,40.02555900031377],[-75.195159999831716,40.025630999844672],[-75.195131000417703,40.0257140000409],[-75.195070000318353,40.0258620001484],[-75.195039000356218,40.025905000059041],[-75.194979000081759,40.025940999995377],[-75.194921000355436,40.025976999912714],[-75.194845000187442,40.026036000003664],[-75.194775999692155,40.026086999924537],[-75.194656999866481,40.026192999705636],[-75.194575999675621,40.026244999693759],[-75.19450700007863,40.02628800005084],[-75.194439000306588,40.02633899978337],[-75.194368999986381,40.026383999758472],[-75.194296000191443,40.026424999664073],[-75.194230999894131,40.026471999944988],[-75.19418099966542,40.02651399997837],[-75.194134999634656,40.026560000018023],[-75.194075000258508,40.026603999668005],[-75.19398900004478,40.026658999878478],[-75.193846999754555,40.026739999845077],[-75.193800999723805,40.026777000205442],[-75.193780999632324,40.026809999840602],[-75.19376999976167,40.026848999826633],[-75.193752000218325,40.026905000014466],[-75.193710000385522,40.026962999816675],[-75.19365599995885,40.027014999905703],[-75.193599000057432,40.027065999782636],[-75.193551000376871,40.027105999794252],[-75.193527999912334,40.027124000135792],[-75.193475000208892,40.027174999931184],[-75.193424000155261,40.027229000199],[-75.193382000322472,40.027289000064272],[-75.193353999835068,40.027335999749951],[-75.193338999766439,40.027379000107217],[-75.193327000070894,40.027424000084167],[-75.193322000048013,40.027470999676787],[-75.193322000048013,40.027495999710375],[-75.193320000398188,40.027515000114953],[-75.19333000044395,40.027548000080991],[-75.19335600038319,40.027578999701042],[-75.193384999797203,40.027599999724139],[-75.193450000094529,40.027627000039111],[-75.193529999562159,40.027654000343396],[-75.193624000171795,40.027670000212943],[-75.193698999616558,40.027666999721781],[-75.193891999960414,40.027631000008448],[-75.19400300028849,40.027615000129764],[-75.194127000137058,40.027594000111293],[-75.19423900029004,40.027570000278807],[-75.19433700019934,40.027536000157738],[-75.194414000192239,40.027502000019716],[-75.19452600034522,40.027473000009969],[-75.194650000193775,40.027449000134915],[-75.194769999844382,40.027417999767955],[-75.194909999586457,40.027404000174521],[-75.195047999678721,40.027401999839249],[-75.195189999968946,40.027401999839249],[-75.19553399992553,40.027420000102701],[-75.195692999934181,40.027436000027116],[-75.195810999934963,40.027442000341743],[-75.195902000171571,40.027437000194254],[-75.195988000385299,40.027436000027116],[-75.196052999784314,40.027437999673495],[-75.196077999898662,40.027437000194254],[-75.196206999770084,40.027400000191875],[-75.196308999877346,40.027397999856497],[-75.196355999733001,40.02740699998936],[-75.196421999855247,40.02739699968884],[-75.196508999893879,40.02736899980259],[-75.196615000199088,40.027348999876814],[-75.196717000306336,40.027348999876814],[-75.196847999827597,40.027368000322333],[-75.196963000353648,40.027381999923165],[-75.197081000354416,40.027399000024197],[-75.197192999609086,40.027430999879186],[-75.197287000218736,40.027467999864754],[-75.197380000105142,40.027512999782992],[-75.197469999618519,40.027557999671544],[-75.197559000205302,40.027603999695046],[-75.197641000221068,40.027636000141712],[-75.197719999863779,40.027692999846913],[-75.19758299959642,40.027724000088917],[-75.19763299982516,40.027797000248221],[-75.19774099978018,40.028086000319242],[-75.197853999758081,40.028314000101595],[-75.197889999743097,40.028395000166583],[-75.197926999553005,40.028477999751338],[-75.198077000239167,40.028701999692863],[-75.198158000430013,40.028911000157215],[-75.198241000270698,40.02913500005252],[-75.198289999776179,40.029337999730714],[-75.198289999776179,40.029526000198416],[-75.198247999943376,40.0297529998494],[-75.198200000262801,40.030056999756219],[-75.198136999615301,40.030357999998941],[-75.198090999584537,40.030606000105763],[-75.198052999949709,40.030839999734816],[-75.198081000437114,40.03098299983894],[-75.198189000392148,40.031168999674989],[-75.198366999769078,40.031385000223658],[-75.198570000158654,40.031604999824587],[-75.198745000060853,40.03175200011605],[-75.199000000328965,40.031892000066321],[-75.199177999705881,40.032003999682082],[-75.199370000224832,40.032147000097105],[-75.199569000416446,40.032265999968672],[-75.199658000104904,40.03232400002728],[-75.199596000180634,40.032387999916182],[-75.199796000197182,40.032512999923597],[-75.1999119996498,40.032570999772226],[-75.200053999940039,40.032667000267082],[-75.200118000412459,40.032722999805522],[-75.200146000001553,40.032776999808227],[-75.200144000351713,40.03282800019187],[-75.200144000351713,40.032876000275294],[-75.200119000237379,40.033011000242936],[-75.200065999635612,40.03318200018515],[-75.200032000198718,40.033303999869808],[-75.199990000365929,40.033405999810746],[-75.199961999878525,40.03350099973995],[-75.199944000335179,40.033598999767129],[-75.199923000418778,40.03368999981366],[-75.199913000373044,40.03377099968494],[-75.199914000197936,40.03384100003116],[-75.199936999764162,40.033947000143563],[-75.199951999832777,40.034003000006656],[-75.200019999604848,40.034202000056986],[-75.200029999650596,40.034242000010842],[-75.200016000305212,40.034287000274773],[-75.20002299997789,40.034356000025753],[-75.200064999810692,40.03446600028181],[-75.200108000366711,40.034613999971192],[-75.200151000024405,40.034669999974426],[-75.200187000009421,40.034736999905554],[-75.200209999575648,40.034767999697443],[-75.200213999773595,40.034797000044648],[-75.200248999933706,40.034869000141875],[-75.200289999941589,40.034934999820337],[-75.200322999553549,40.035004999659627],[-75.20035600006382,40.035082999867591],[-75.200406000292546,40.035160999986282],[-75.20046700039191,40.035227000069959],[-75.20051300042266,40.035263999953457],[-75.200544000384795,40.035309000230839],[-75.200585000392692,40.035370999968265],[-75.200640999570879,40.035433999699201],[-75.200689000149751,40.035476999765997],[-75.200715000089033,40.035503999714109],[-75.200730000157634,40.035529000242441],[-75.200742999678113,40.035556000169962],[-75.200768999617381,40.035596000017421],[-75.20081299999832,40.035653999995354],[-75.200838999937574,40.03570400024504],[-75.200832000264882,40.035756999905743],[-75.200809999625264,40.035785999832385],[-75.200818000021201,40.03582899967725],[-75.200790000432093,40.035845999736374],[-75.200787999883957,40.035875999668569],[-75.200782999861076,40.035924999712869],[-75.20076500031773,40.035971000283837],[-75.200763999594514,40.0360020002026],[-75.200772999815342,40.036029999983931],[-75.200802999952586,40.036067000119566],[-75.200817000196281,40.036108999747277],[-75.200857000379244,40.036159999702598],[-75.200904000234914,40.036210000269087],[-75.200934000372129,40.03623799996501],[-75.200968999633929,40.036273999950261],[-75.2009870000756,40.03630699980539],[-75.201017000212815,40.036341999717706],[-75.201058000220698,40.036356000227805],[-75.201114000297181,40.036369000011085],[-75.201157999779809,40.036383999863794],[-75.201193999764826,40.036414000247113],[-75.201217000229349,40.036451000174409],[-75.201232000297964,40.036479999805934],[-75.201269000107899,40.036510000147011],[-75.201421000443858,40.03655600032338],[-75.201475999797125,40.036559999769089],[-75.201535000246679,40.036567000002144],[-75.201572000056601,40.036562999869048],[-75.2016640001181,40.036540999820701],[-75.201729000415426,40.036517999731345],[-75.201818000103898,40.03648299990941],[-75.201848000241128,40.036466000009078],[-75.201895999921703,40.036433000230879],[-75.201951999998187,40.036391000114918],[-75.202018999945338,40.036331000002647],[-75.202059999953235,40.036291999935749],[-75.202115000204813,40.036244000193143],[-75.202172000106216,40.036191000223184],[-75.202196000395674,40.036159999702598],[-75.202217000312061,40.036133000014217],[-75.202251999573846,40.036075999796331],[-75.202275999863303,40.036040999747549],[-75.202321999894053,40.03599099974489],[-75.202355000404324,40.035932000011059],[-75.202383999818323,40.035877999755265],[-75.202405999559645,40.03582899967725],[-75.202423000176395,40.035785999832385],[-75.202448000290758,40.035736000330623],[-75.202476999704757,40.035694999831392],[-75.202510000215028,40.035665999866048],[-75.202566000291512,40.035607999898318],[-75.202599999728392,40.035559999674277],[-75.202649000132197,40.035502999665255],[-75.202695999987853,40.035464999862057],[-75.202741000193711,40.035421999787687],[-75.20276700013298,40.035388000141559],[-75.202793999897168,40.035349000223178],[-75.202819999836407,40.035315999904462],[-75.20289199980644,40.035214000068933],[-75.202923999593494,40.035177000158299],[-75.202983000043048,40.035126000155664],[-75.203035999746476,40.035061000029593],[-75.203087999625041,40.034991000247778],[-75.203136000203926,40.034944999703526],[-75.20317600038689,40.034891000041817],[-75.203231999565077,40.034871000258114],[-75.203361000334809,40.0348299999267],[-75.203426999558729,40.03480000022217],[-75.203516000145513,40.034765000206271],[-75.203610999681743,40.034735999845452],[-75.203703999568177,40.034720000257735],[-75.203798000177812,40.034711999774686],[-75.203870000147845,40.034707000160076],[-75.203972000255092,40.034714999955945],[-75.20407799966199,40.034728000052091],[-75.204229000173044,40.034754000236894],[-75.204333999755022,40.03477899966456],[-75.204457999603591,40.034811000184128],[-75.204548999840171,40.034832000044076],[-75.204676999886701,40.034855000014311],[-75.204866000032595,40.034879000034749],[-75.204978000185577,40.034903000046754],[-75.205177000377205,40.034935999877511],[-75.205261000042796,40.034947999874532],[-75.20535099955616,40.034972999918892],[-75.205514999587706,40.035010999996238],[-75.205569999839284,40.035030999738879],[-75.205610000022261,40.035057999863554],[-75.205703999733586,40.035145999864575],[-75.205758000160259,40.035193000326615],[-75.205799999993047,40.03524400027915],[-75.205842999650756,40.035299999765058],[-75.205883999658639,40.035372000019052],[-75.205923000016696,40.035425999987709],[-75.20595200032902,40.035483000061092],[-75.205978000268288,40.035529000242441],[-75.205986999590806,40.035568000057893],[-75.205984000116061,40.035616000276306],[-75.205984999940981,40.035657000135181],[-75.205981999567925,40.035702000153243],[-75.205988000314022,40.035755999860598],[-75.206022999575822,40.035813999702462],[-75.206052999713037,40.035872000182735],[-75.206111000337685,40.035923000315293],[-75.20615599964519,40.035986000224092],[-75.206199000201224,40.036036000230354],[-75.206237999660971,40.03609299979388],[-75.206299999585255,40.03623099969824],[-75.206327000247754,40.036297000121962],[-75.206352000362102,40.036377000299801],[-75.20640900026352,40.03650399994229],[-75.206478999685388,40.03667500006754],[-75.206529999739018,40.036762000014981],[-75.206584999990611,40.036834000100946],[-75.206661999983496,40.036913000308431],[-75.20670700018934,40.036991999736664],[-75.206759000067876,40.037065000293531],[-75.206794000227973,40.037119000297132],[-75.206845000281604,40.03717899971609],[-75.206884999566256,40.037235999699817],[-75.206923999924314,40.037282000074242],[-75.206979000175906,40.03733899997183],[-75.207048999597788,40.03739999990605],[-75.207129999788634,40.037473000026104],[-75.207190000063093,40.037534999859481],[-75.207267999880898,40.037588000160454],[-75.207430000262605,40.03768599981688],[-75.207509999730249,40.037739000000443],[-75.207580999875333,40.037784000020196],[-75.207713999944744,40.037851000330811],[-75.207775999869014,40.037897000290371],[-75.207864999557472,40.037960999763847],[-75.207933000227854,40.038002000276201],[-75.208023999566137,40.038050000156893],[-75.208091000411599,40.038086999884314],[-75.20826700013869,40.038159999956697],[-75.208335999735667,40.038191000255871],[-75.208411999903646,40.038229999924503],[-75.208469999629969,40.038266000233683],[-75.208529999904428,40.03832199998903],[-75.208556999668602,40.038358000249644],[-75.208611999920194,40.038414999935597],[-75.208743000339751,40.038522999825311],[-75.2088510002948,40.038627000219684],[-75.208977999618085,40.038771999817079],[-75.209083000098389,40.0388969998154],[-75.209181999832595,40.038995000341629],[-75.209287000312884,40.039127999897119],[-75.209376000001356,40.039232000056515],[-75.209437000100692,40.039326000130252],[-75.209508000245833,40.039428999996431],[-75.209556999751314,40.039502999997879],[-75.20966800007939,40.039664000290493],[-75.209735000026541,40.039747999903511],[-75.209786000080172,40.03982100026105],[-75.209842999981589,40.039896999805897],[-75.209900999707884,40.039981999802819],[-75.209972999677916,40.04011500018408],[-75.210024999556452,40.040202999849072],[-75.210073000135338,40.040270999825026],[-75.210114000143236,40.040326000018901],[-75.210167999671597,40.040394999849305],[-75.210206000204735,40.040451999895758],[-75.210244999664482,40.040520000311083],[-75.210284999847445,40.040579000201852],[-75.21031300033485,40.040611000062995],[-75.210374000434228,40.040639999988599],[-75.210397000000455,40.040677999659096],[-75.210412999893961,40.040734000184564],[-75.210431000335646,40.04078900000497],[-75.210396000175535,40.040827000280117],[-75.21041200006907,40.040885999905242],[-75.210417999916842,40.040928999972891],[-75.210413999718881,40.04099499997595],[-75.210417000091923,40.041067999686113],[-75.21042899978751,40.041132000309823],[-75.210468000145568,40.041224999862514],[-75.210531999719677,40.041347000288802],[-75.210554000359281,40.041407000113992],[-75.2105839995982,40.041466999886332],[-75.210611000260698,40.04154800014863],[-75.210627999979124,40.04162900031465],[-75.210643999872659,40.041714000215656],[-75.210672000360063,40.041767999976308],[-75.21071099981981,40.04184000027842],[-75.210764000421577,40.041935000149941],[-75.210787999812709,40.041968999970457],[-75.210781999964908,40.042023000216894],[-75.210798999683348,40.042086999944182],[-75.210831000368728,40.042171999961894],[-75.210868000178635,40.042244999787322],[-75.210910000011424,40.042340999730847],[-75.210947999646265,40.04241799985293],[-75.21099299985211,40.042487000317166],[-75.211045999555566,40.042543000044539],[-75.211125999921492,40.042633999847347],[-75.211172999777162,40.042668000006984],[-75.211203999739297,40.042693999915393],[-75.211228000028754,40.042731999816546],[-75.211241000447558,40.042773000210993],[-75.211244999747194,40.042832000215341],[-75.211265999663595,40.042892000109134],[-75.211305999846559,40.042924000260129],[-75.211339000356844,40.042967999669557],[-75.211397999908058,40.043033999762038],[-75.211428999870193,40.043087999852695],[-75.211455999634381,40.043127000158989],[-75.211503000388362,40.043180000239765],[-75.211556999916723,40.043213000191329],[-75.211607999970354,40.043237000021108],[-75.211674999917506,40.043247000062273],[-75.211693000359148,40.04330299985314],[-75.21170099985676,40.043348000327185],[-75.211755000283446,40.043420000336226],[-75.211801000314196,40.04350599999897],[-75.211847000344946,40.043604000090156],[-75.211906999721094,40.043710000156551],[-75.211936000033404,40.043778000073445],[-75.2119560001249,40.043876999699691],[-75.21198899973686,40.043943000287598],[-75.212013000026303,40.044056999902196],[-75.212038999965557,40.044200999722108],[-75.212045999638264,40.044335000045358],[-75.212047000361494,40.044459000243343],[-75.212043999988438,40.044577000033698],[-75.21201800004917,40.04481999976295],[-75.212008000003422,40.044949999916156],[-75.212006000353611,40.045063000001413],[-75.21200100033073,40.045184999749225],[-75.211991000284996,40.045325000318243],[-75.211982999889074,40.045452999702718],[-75.211958999599617,40.045527999944923],[-75.21194299970611,40.045631000069761],[-75.211941999881191,40.045700000032916],[-75.211916999766828,40.045792000333677],[-75.211858000215614,40.046016999693926],[-75.211837000299212,40.046130000073568],[-75.211818000032636,40.046225000156568],[-75.211773999651712,40.046360999719205],[-75.211734000367045,40.04649200025996],[-75.21170099985676,40.046569999706449],[-75.211663000221932,40.046637000323514],[-75.211619999665913,40.046724999822793],[-75.211520999931707,40.046855999664061],[-75.211493000342628,40.046898000210838],[-75.211473000251132,40.047008000177549],[-75.211460999657248,40.047102999724622],[-75.211550000244017,40.047276999717248],[-75.211664000046852,40.047401999939694],[-75.212177000057849,40.047802000073951],[-75.212663000304644,40.048040999850627],[-75.212794999650797,40.048170000187483],[-75.212864000146098,40.048191000059262],[-75.212905999978886,40.048291999876334],[-75.213064999987537,40.048376999722095],[-75.213249999935456,40.048453000044596],[-75.213403000096349,40.048598999919669],[-75.213460999822672,40.048719999673366],[-75.213439999906285,40.048910000052352],[-75.213434999883404,40.049059999724051],[-75.213471999693326,40.049194999971569],[-75.213377000157095,40.049214999679869],[-75.213640999747724,40.049371999661815],[-75.213885000145183,40.049516999788175],[-75.214123999621478,40.049660999764875],[-75.214246999645127,40.049916999889184],[-75.214388999935352,40.050146999933013],[-75.214435999791021,40.050260000342924],[-75.214553999791789,40.050460000225911],[-75.214660000096998,40.050637000069436],[-75.214706000127748,40.050762000319153],[-75.21480800023501,40.050907000239128],[-75.21487000015928,40.050970999878047],[-75.215066999802787,40.051117999680706],[-75.215208000268092,40.05124299973594],[-75.215323999720738,40.051376000153589],[-75.215426999652891,40.051459999776995],[-75.215533999783005,40.051568000319484],[-75.215651999783788,40.05165300020586],[-75.215794000074013,40.051706999657952],[-75.216029000250657,40.051904999804187],[-75.216174999840518,40.051993000066595],[-75.216364999811304,40.052138999923109],[-75.216476000139409,40.052206999683591],[-75.216531000390972,40.052220999686519],[-75.216824000293954,40.052399000258987],[-75.217030000158246,40.052569999714414],[-75.217137000288375,40.052667999840253],[-75.21718800034202,40.052758999880034],[-75.217333000106976,40.052902000090029],[-75.217416999772553,40.053123999989815],[-75.217607999568273,40.053532999674268],[-75.217730999591907,40.053850999819204],[-75.217764000102207,40.054070000048682],[-75.217824000376652,40.05430599984421],[-75.217933000156592,40.055025999729303],[-75.217924999760669,40.055082999919584],[-75.217919999737788,40.055103999724331],[-75.217912000240204,40.055155999671427],[-75.217917000263071,40.055220000133609],[-75.217922000285938,40.055271000233276],[-75.217917000263071,40.055311999962186],[-75.217909999692054,40.055339000306816],[-75.217904999669187,40.055368999913206],[-75.217903000019362,40.055400999708048],[-75.218026999867917,40.055424000303333],[-75.218111000431819,40.055325000256772],[-75.218137000371101,40.055192999741834],[-75.218088999792215,40.05474799986726],[-75.218176999655753,40.054664999938403],[-75.218312000273272,40.055455000316087],[-75.218349999908114,40.055638999902087],[-75.218390000091077,40.055860999825029],[-75.218420000228321,40.056008999830247],[-75.21844699999248,40.05614799973759],[-75.218467999908881,40.056260999824325],[-75.218504999718803,40.056375999896659],[-75.218581999711702,40.056537999962316],[-75.218852000048443,40.057005000165084],[-75.219037999821282,40.057203999776711],[-75.219123000210104,40.057282000029154],[-75.219226000142257,40.057370999952475],[-75.219369000257402,40.057509999831964],[-75.219531999565703,40.057634000128203],[-75.219622999802297,40.057706000174541],[-75.219641000243953,40.057726000135688],[-75.219695999597221,40.057786999705925],[-75.219876000420598,40.057987999909805],[-75.219991000048324,40.058146000026724],[-75.220131999615319,40.058387000087016],[-75.220241000293584,40.058526999667862],[-75.220488999990707,40.058783999888256],[-75.22060799981638,40.058945000024778],[-75.220738000411032,40.05907000016316],[-75.221069999773746,40.059485999857642],[-75.221222999934625,40.059659999865758],[-75.221457000286335,40.059956999931821],[-75.22164700025715,40.060173999728775],[-75.221806000265801,40.060328999848188],[-75.221950000205851,40.060502999766186],[-75.222067000381728,40.060655000097498],[-75.222238000085937,40.060886000019607],[-75.2223550002618,40.061114000139099],[-75.222478000285449,40.06143899971422],[-75.222633000096153,40.061940999850989],[-75.222703000416345,40.062180000236609],[-75.222797000127684,40.06242499977035],[-75.222899000234932,40.062665000171179],[-75.223002000167099,40.06289800013532],[-75.223083000357946,40.06302699985244],[-75.223409999697779,40.063355000223588],[-75.223620999584966,40.063653999955292],[-75.223704000323977,40.063768999925777],[-75.223762999875191,40.063894000151777],[-75.223801000408343,40.064054999901472],[-75.223809999730861,40.064153000011139],[-75.223818999951689,40.064295999686806],[-75.22382300014965,40.064418000071839],[-75.223803000058169,40.06453300012771],[-75.223721999867323,40.06466200018653],[-75.223645999699329,40.064753000022456],[-75.223531999896508,40.06485599996963],[-75.223423000116554,40.064938999860438],[-75.223301999742745,40.065026999791684],[-75.223172000046404,40.06509099992023],[-75.22305099967258,40.065142999808529],[-75.223002999992019,40.065160000120386],[-75.222915000128452,40.065188999914632],[-75.222756000119787,40.065245999853552],[-75.222387000048855,40.065383999870001],[-75.222176999986559,40.065457999883265],[-75.22200899975708,40.065522000294401],[-75.221865999641935,40.065573999853775],[-75.22153699975398,40.065694000113197],[-75.221378999570234,40.065767000184799],[-75.221273000163322,40.065842999677123],[-75.221124000200419,40.065963000150198],[-75.22101700007029,40.0660719999957],[-75.220926999658616,40.066217999938011],[-75.220858999886545,40.066391999940976],[-75.220837999970144,40.06652900010463],[-75.220826000274585,40.06665099992815],[-75.220823999726449,40.066805999749448],[-75.22082799992441,40.066858999980035],[-75.220940999902297,40.067000000301782],[-75.221068999948827,40.067209000246713],[-75.221121999652269,40.067290000168036],[-75.221149000314782,40.06741599970151],[-75.221223999759516,40.067572999688885],[-75.221341999760298,40.067799000278889],[-75.221424999600998,40.067933999841657],[-75.221515000012673,40.068025999690853],[-75.221592999830477,40.068099000013319],[-75.221941999809928,40.068412999915132],[-75.222444999775192,40.068853000057111],[-75.22289599986189,40.069243999985567],[-75.223433999987222,40.069734999844663],[-75.223776000293981,40.07001299974408],[-75.224068000372043,40.070232000275368],[-75.224592000253679,40.070609999724198],[-75.225126000181064,40.070989000040676],[-75.225459000266994,40.071237999677464],[-75.225650999887606,40.07139700021164],[-75.225731000253546,40.071477999964927],[-75.225789999804789,40.071548000089997],[-75.225812000444421,40.071619999868567],[-75.225845999881287,40.071904999677365],[-75.225694000443639,40.07188000011574],[-75.225607000405006,40.07186400030897],[-75.225546000305641,40.072064000029314],[-75.225440999825338,40.072206000086076],[-75.225261999725191,40.072421999856395],[-75.224948999730742,40.072616000224656],[-75.224576000360159,40.072833000258193],[-75.22423300022848,40.073003999990746],[-75.223911999838108,40.073153000062909],[-75.223613000087383,40.073354999797104],[-75.223321999834241,40.07356400017779],[-75.223157999802709,40.073779999765684],[-75.223008999839791,40.074093000116996],[-75.22298700009847,40.074398999932839],[-75.223099000251466,40.074653000285757],[-75.223263000283012,40.074959000335028],[-75.223397000177314,40.075197999729383],[-75.223494000261681,40.075570999745622],[-75.223725000240364,40.075996000320295],[-75.223919000409126,40.076354000099926],[-75.2241510002127,40.076719999737755],[-75.224358999726846,40.076995999741136],[-75.224501000017085,40.07731700004156],[-75.224731999995768,40.077875999704276],[-75.224904000423223,40.078369000099059],[-75.22508299962503,40.078614999937123],[-75.2252700001211,40.078875999698909],[-75.225475000160515,40.07924700000089],[-75.225490000229129,40.07924200021592],[-75.225588999963335,40.079207000336062],[-75.225988000171512,40.079068000046448],[-75.226067999639142,40.079236000335982],[-75.226221999624912,40.079556000297259],[-75.226326000280309,40.079758999684231],[-75.22661400016041,40.080129999986461],[-75.226734999635909,40.080283999985134],[-75.227062999698958,40.080613999889401],[-75.227215000034931,40.08075399984466],[-75.227251999844853,40.08081600017475],[-75.227326000363021,40.080945000325784],[-75.227444000363789,40.081209000288631],[-75.227610999870052,40.081377000106926],[-75.227789999970199,40.081490000275195],[-75.228417999608922,40.081819999832966],[-75.229004000313139,40.082045999886091],[-75.229409000369088,40.082195000106907],[-75.229707000294923,40.08226799967629],[-75.229995999999929,40.082383999885536],[-75.230310999644189,40.082451999703011],[-75.23086899986103,40.08254900010342],[-75.231412000009243,40.082658000211289],[-75.231597999782082,40.082741999759186],[-75.231847000202421,40.082892999913206],[-75.232002000013125,40.082969000228161],[-75.232485999711798,40.083155999846113],[-75.232703000345083,40.083258000108529],[-75.232828000018557,40.083340000222179],[-75.232901999638401,40.083457000012167],[-75.232941999821378,40.083588000031881],[-75.232951999867126,40.083618000258014],[-75.234455999739978,40.082138999969899],[-75.236274000330511,40.081962000166826],[-75.236241999645159,40.081710999758094],[-75.237662999677326,40.081604000315764],[-75.23888899971584,40.080411999692117],[-75.239578000352253,40.080828999726791],[-75.239636000078562,40.081237000058046],[-75.240973000445166,40.082013000180595],[-75.241371999755003,40.08198600009721],[-75.241892000337018,40.081880999823909],[-75.247235999808808,40.076402999917569],[-75.247316000174735,40.07632099969787],[-75.247233000334077,40.076257999948147],[-75.245138999559018,40.075025999850084],[-75.244835999610302,40.074816999831668],[-75.244295000010226,40.074409999691746],[-75.243910000045759,40.074098000280017],[-75.243653999952727,40.073858999774835],[-75.243288000254836,40.07349400006251],[-75.24345800013414,40.073334000118095],[-75.245856999609416,40.071127000109186],[-75.252208999559826,40.065277999822491],[-75.252023999611907,40.06519000021553],[-75.25468199955327,40.062545000076419],[-75.256285999883545,40.061080999915717],[-75.263240000431736,40.055128000180886],[-75.263499999824433,40.054888000048358],[-75.263519000090994,40.054870999923821],[-75.263596000083879,40.05480999980611],[-75.263811000169056,40.054602000098917],[-75.263859999674537,40.054557000177901]]]},"properties":{"ZCTA5":"19128"}},{"type":"Feature","geometry":{"type":"Polygon","coordinates":[[[-75.04679399957152,40.041169999706064],[-75.047073999954009,40.040873000295313],[-75.046654999654336,40.040634000147335],[-75.04594300035005,40.04025500016045],[-75.045584000324837,40.0398909998992],[-75.045514000004644,40.03976900030645],[-75.045110999598506,40.039868000251978],[-75.044604000333621,40.039987999701502],[-75.044944999917149,40.039629000019985],[-75.04458699971687,40.039412000142754],[-75.043935999613623,40.039021000275127],[-75.043899999628607,40.038976999694079],[-75.043762000434654,40.038914999796305],[-75.043635000213072,40.038858999840187],[-75.043217999563225,40.038622000204363],[-75.04257099965794,40.038256000149694],[-75.042209999982916,40.038051000168394],[-75.042088999609106,40.037983000041812],[-75.041691999949052,40.038217999817213],[-75.040593999957053,40.036859000141703],[-75.040666999751991,40.036834000100946],[-75.040860000095847,40.03675699986286],[-75.040446999643962,40.036538999753446],[-75.040340000412158,40.0364579997308],[-75.040198999946838,40.036561999835726],[-75.039922999762325,40.036699000135286],[-75.039054999924105,40.035706000336837],[-75.039013999916222,40.035638999982083],[-75.038977999931205,40.035579999943714],[-75.038178999689947,40.034671000035438],[-75.038130000184466,40.03460800028747],[-75.038021000404527,40.034470999914049],[-75.037561000096986,40.033952999885443],[-75.037294999958206,40.033651000299891],[-75.037277000414861,40.033554999814442],[-75.037260999623015,40.033470000059978],[-75.036966999895142,40.03313499971285],[-75.036477000348683,40.032572999955853],[-75.036421000272185,40.032505999962297],[-75.036330000035591,40.032395999984033],[-75.03547899991581,40.031436000272492],[-75.035202999731297,40.031113999661649],[-75.035736999658667,40.030823999920969],[-75.035625000403996,40.030678999932178],[-75.035170000119322,40.030115999757633],[-75.035098000149304,40.030041999887651],[-75.034748000344933,40.029591000096872],[-75.034354000159624,40.029095999997736],[-75.033939999882847,40.028560999922924],[-75.03352499978115,40.02803099988359],[-75.033107000204723,40.027500999853537],[-75.032752000377485,40.027049999771378],[-75.032384000131444,40.026585999877135],[-75.032076999984795,40.026196999758994],[-75.031707999913834,40.02574499980647],[-75.031632999570775,40.025676000286794],[-75.031324999599192,40.025279999779904],[-75.031167000313758,40.02508200004025],[-75.031127999955714,40.024987000079285],[-75.030989999863451,40.024823000291555],[-75.03089199995415,40.024702000090549],[-75.03086000016711,40.024650999822136],[-75.030819999984132,40.024564999768771],[-75.030804000090598,40.024498000164016],[-75.03079999989265,40.024423000179304],[-75.0308459999234,40.024403000077704],[-75.031395999744305,40.024203000115349],[-75.031851999853899,40.024051999886034],[-75.032131000411468,40.023965999765508],[-75.032410999895617,40.023895000072265],[-75.033031000036743,40.023742000094508],[-75.033809000361586,40.023545000242827],[-75.034674999651685,40.023323999871899],[-75.034611999902495,40.023176999991328],[-75.034580000115454,40.023103000160908],[-75.034483999855965,40.022881999734032],[-75.034472000160406,40.022807000036572],[-75.034430000327603,40.022724999979538],[-75.034146999572087,40.022351000046612],[-75.033807999638384,40.021905000179771],[-75.033178000349835,40.021024000076707],[-75.032296000267905,40.020291999686982],[-75.032168000221375,40.020118000316913],[-75.032071999961914,40.020118999903374],[-75.032000999816816,40.020105000188039],[-75.0319649998318,40.020048999921947],[-75.030527000081165,40.016138000112903],[-75.029453000378609,40.016279000102969],[-75.026581000177018,40.016657999856939],[-75.023770999899696,40.017069000157321],[-75.022501000378583,40.01727700016945],[-75.021478999656239,40.017491999674441],[-75.020605999795151,40.017666999859337],[-75.020414999999446,40.017704999946361],[-75.019368999885984,40.017981999886921],[-75.018255999825357,40.018385000134487],[-75.016278000299593,40.019212999822166],[-75.014863999940104,40.01989499998524],[-75.013944000223319,40.020441000131299],[-75.013677000259634,40.020598999905253],[-75.013228999647666,40.020878000319541],[-75.012595000161156,40.021272999978464],[-75.010630000155857,40.022784999678635],[-75.009691999997429,40.023462999696925],[-75.006229999791955,40.025671000009865],[-75.00342299988769,40.027392999705789],[-75.002099999764781,40.028203000085547],[-75.000861000205788,40.02896300013704],[-75.000467000020507,40.029191999880858],[-74.999759000015843,40.029604999929333],[-74.998758999933145,40.030281000015265],[-74.99773000043642,40.031162999688199],[-74.995782000149546,40.032893999782054],[-74.992555000120731,40.035764000221171],[-74.990724000009692,40.037349000190297],[-74.987707000043144,40.039958000202773],[-74.987676000081009,40.039982999785934],[-74.990302000235317,40.042376999932728],[-74.990605000184019,40.042372000192387],[-74.99094099974468,40.042515000186583],[-74.990975999904776,40.042526000279516],[-74.991657000145267,40.043130999907021],[-74.992268999890456,40.043674999899821],[-74.992878000160914,40.044208999779599],[-74.993202999850922,40.044494000097529],[-74.993487000431372,40.044759000277381],[-74.99382299999202,40.045043999671535],[-74.994100000001453,40.045297000227457],[-74.99472099996747,40.045840000232019],[-74.995399999659824,40.04643800011479],[-74.996270000046181,40.047202000023887],[-74.996654000185728,40.047540000337186],[-74.996798999950698,40.047676999897305],[-74.997140000432537,40.048017000336728],[-74.9972919998702,40.048151999899254],[-74.997626999605956,40.04843899995538],[-74.997859000307869,40.048645000192344],[-74.998091999936364,40.04884999995371],[-74.998153000035742,40.048905000103453],[-74.998618000366136,40.049317999735088],[-74.999221999715402,40.049861000030084],[-74.999791999627789,40.050364000025226],[-74.99987700001661,40.050401999777002],[-75.000020999956647,40.050355000171407],[-75.001176999674968,40.049590999842842],[-75.001473999775897,40.049390000315498],[-75.002013999551053,40.049024000300541],[-75.002141999597583,40.049056000323922],[-75.002421999980058,40.049123999721942],[-75.002734999974521,40.049214999679869],[-75.002851000325464,40.049247000301193],[-75.003293000191348,40.049368000279934],[-75.003868000126616,40.04957500030244],[-75.004152999633646,40.049690999807694],[-75.004418999772426,40.049805999964114],[-75.004761999904105,40.049971000028989],[-75.005265999694245,40.05023499971464],[-75.005767999834589,40.050558999775468],[-75.006162000019884,40.05084299985247],[-75.007886000000781,40.052380999712327],[-75.008374999722321,40.052778000122359],[-75.00846400030909,40.053111999753533],[-75.00852700005828,40.053537999971297],[-75.00877899995335,40.053649999789862],[-75.009211999598421,40.053999000063932],[-75.010143000084142,40.054607000317517],[-75.010873999655004,40.055083999681251],[-75.012734000078339,40.056295000063209],[-75.012827999789664,40.056404000249628],[-75.013138000309368,40.056627999908777],[-75.013367999564835,40.056716999998685],[-75.014166999806093,40.057236000084998],[-75.014443999815526,40.057423999959774],[-75.015828999862705,40.058315999786927],[-75.017074999992701,40.059100000189709],[-75.017639999882221,40.059474999751316],[-75.018393000092729,40.059927999973134],[-75.019814999949816,40.060783000258247],[-75.020574999833016,40.061252000275005],[-75.020621999688672,40.061282000028406],[-75.020733999841667,40.061350999961192],[-75.021051999858969,40.061566000110652],[-75.02118499992838,40.06169100025344],[-75.021306000302189,40.061838000309407],[-75.021401999663354,40.061991000072943],[-75.021465000310855,40.062110999768343],[-75.021991999667222,40.063113000215694],[-75.021839000404668,40.063259000311952],[-75.021707000160191,40.063391999967223],[-75.022216999798133,40.063519999798629],[-75.022252999783134,40.063580999682038],[-75.022325999578072,40.063682000067629],[-75.022388000400682,40.063772000203414],[-75.022563000302853,40.063926999700193],[-75.022657000014178,40.06399800034103],[-75.02422600018437,40.064931999790758],[-75.025330999849061,40.065589000155533],[-75.025427000108536,40.065647000053978],[-75.025318000328582,40.065374000326585],[-75.025227999916893,40.065119999743835],[-75.025157999596701,40.064863000047126],[-75.02514199970318,40.06478999969432],[-75.025100999695283,40.064604000136988],[-75.025054999664533,40.064342999990643],[-75.025017000029706,40.064080999902181],[-75.024985000242651,40.063817999860206],[-75.024960000128303,40.0635559998153],[-75.024940999861727,40.063292999809129],[-75.024925999793112,40.063030000162762],[-75.024914999922458,40.062767000188607],[-75.024914000097539,40.062700000302186],[-75.024905999701616,40.062503999886751],[-75.024899000028938,40.062240000288107],[-75.024878000112537,40.061714000100707],[-75.024866000416978,40.061450999859275],[-75.024844999602252,40.060924999768446],[-75.024817999838064,40.060286000329505],[-75.026337999604465,40.058776000166247],[-75.026864000034237,40.058255000002646],[-75.027481999627213,40.057641999984334],[-75.028097999570363,40.057031999838948],[-75.028397000219428,40.056727999862652],[-75.028473000387393,40.056751999747263],[-75.028578999794306,40.056769000090114],[-75.028668000381074,40.056780999682459],[-75.028756000244613,40.056780999682459],[-75.028829000039551,40.05675100001006],[-75.028904000382624,40.056708000296176],[-75.02896799995672,40.056667000032022],[-75.029019000010351,40.056617000028631],[-75.029035999728791,40.056561000173858],[-75.029048000322661,40.056476999961561],[-75.029032000429154,40.056399000162877],[-75.031091999970698,40.056572999802789],[-75.032780999791484,40.056722999799668],[-75.032934999777268,40.056732000187786],[-75.033168000304101,40.056767999665624],[-75.033477999925481,40.05682699993374],[-75.033734000018526,40.056883999992763],[-75.033954000126542,40.056949999675837],[-75.034329999870195,40.057067000113328],[-75.034946999638251,40.0572779997363],[-75.035062000164288,40.05732700021349],[-75.035205000279433,40.057386999725502],[-75.035529000144521,40.057531999989699],[-75.035654999642901,40.057612000003402],[-75.03621500040785,40.057810999905094],[-75.036367999670418,40.057864999978612],[-75.036475999625466,40.057904000081429],[-75.036889999902257,40.058051000056913],[-75.037833999908457,40.05828699981739],[-75.038249000010154,40.058375999803275],[-75.038576000248298,40.058404999734918],[-75.038649000043236,40.058406000135371],[-75.038591000316927,40.057711000165334],[-75.038587999943857,40.057694000057488],[-75.038658000264078,40.056708000296176],[-75.038719000363429,40.056434999816588],[-75.038844999861823,40.056224000333771],[-75.0394490001094,40.055286000053115],[-75.04000200030336,40.054411999771901],[-75.040039000113282,40.05424700014386],[-75.040059000204764,40.054079000099627],[-75.040027000417709,40.053893999960614],[-75.039998000105399,40.053736000299139],[-75.039995999557263,40.053614999823324],[-75.040051999633761,40.053432000059416],[-75.040246999627442,40.053157999730971],[-75.041320000403374,40.051996000175137],[-75.041515000397041,40.051762000252886],[-75.041526000267709,40.051525999899638],[-75.041521000244828,40.051294000061198],[-75.04149799978029,40.051024000049253],[-75.041529999567345,40.050818999949854],[-75.04162699965174,40.050578999771155],[-75.041778000162793,40.050360999844898],[-75.041933999798374,40.050200999890606],[-75.042076000088613,40.050103000343455],[-75.042278999579892,40.049992000033619],[-75.045149000131673,40.048854000053595],[-75.04523299979725,40.047207000097693],[-75.045238999645022,40.047110000250676],[-75.045268999782266,40.046508999723756],[-75.045312000338271,40.04564300024775],[-75.045293999896629,40.045212999886061],[-75.045272000155322,40.044951999736746],[-75.045201000010195,40.044353999885125],[-75.045062999917931,40.043756000289797],[-75.044973000404568,40.043403000102153],[-75.044877000145107,40.043078999725921],[-75.045092000230255,40.042964999851385],[-75.04513999991083,40.042923000320094],[-75.04562899963237,40.042396000318163],[-75.046203999567638,40.041796000141041],[-75.0467430004162,40.041223999897603],[-75.04679399957152,40.041169999706064]]]},"properties":{"ZCTA5":"19136"}},{"type":"Feature","geometry":{"type":"Polygon","coordinates":[[[-75.015527999563815,40.094860000047802],[-75.015366999905339,40.094733999751902],[-75.015222999965303,40.094626000294326],[-75.01506700032968,40.094514999680577],[-75.011231000030392,40.091398999690071],[-75.010190999764703,40.090598999712078],[-75.010088999657469,40.09055899984434],[-75.005997999988352,40.087228999892993],[-75.002628999669298,40.084486000342721],[-75.002577999615667,40.084425999954973],[-74.998753999910264,40.081319999920488],[-74.997233000318957,40.080023000121564],[-74.995803000065962,40.080845000176666],[-74.994347999698576,40.081681000066311],[-74.993391999996817,40.081611000046742],[-74.993278000193982,40.081501000263316],[-74.991256000287279,40.079804000143568],[-74.990975999904776,40.079989000039369],[-74.990363000334696,40.080401000215403],[-74.989436000046908,40.081005999726031],[-74.989312000198339,40.081106000325967],[-74.989272000015376,40.081147000316406],[-74.988763000202354,40.080697999897112],[-74.988164999802549,40.081089999937419],[-74.9881670003507,40.081249000152049],[-74.987861000028943,40.081256999984419],[-74.98752200009524,40.081339999822482],[-74.987486999935115,40.081256999984419],[-74.987382000353136,40.081306999774803],[-74.987246999735632,40.081074000232448],[-74.987163999894932,40.080973000203755],[-74.987026999627588,40.080801999861215],[-74.987744999677986,40.080340000273189],[-74.988219000229222,40.080028999932161],[-74.98838699956039,40.079902000277279],[-74.988370999666884,40.079879999782634],[-74.988552000315167,40.079911999749967],[-74.990272999922993,40.078780999767112],[-74.989636999888361,40.078230000160836],[-74.988770999699966,40.077506000300787],[-74.989138999945993,40.077230999739022],[-74.988851000065907,40.076994000173507],[-74.988271999932678,40.076466000220528],[-74.987568000125975,40.075824999851577],[-74.987382000353136,40.075654000328278],[-74.987162000245107,40.075501999780563],[-74.986886000060608,40.075332000285513],[-74.986569999693089,40.075197999729383],[-74.986285000186058,40.075105999943908],[-74.985993999932916,40.075019000129508],[-74.985748999710552,40.074919999684077],[-74.985413999974782,40.074755999698802],[-74.984987000177526,40.074526000227721],[-74.984900999963799,40.074480000240293],[-74.984630999627043,40.074335000300749],[-74.984319000355839,40.074648000163428],[-74.983069999852788,40.073974999874558],[-74.982345999954617,40.073457999798471],[-74.981389000427924,40.07275099986429],[-74.981545000063534,40.072438000219506],[-74.981603999614762,40.072307000057585],[-74.981172999619545,40.071985000000325],[-74.981257000183447,40.071783000327308],[-74.981346999696811,40.071493000341526],[-74.981412999819042,40.070987999824929],[-74.981562999606879,40.069521999826613],[-74.981083999931073,40.069483000186864],[-74.981026000204764,40.069279000173907],[-74.980780999982386,40.068596000006941],[-74.980679999700044,40.068419000061176],[-74.980164000214316,40.067627000275216],[-74.98011499981051,40.067549999757141],[-74.980083000023455,40.06746499976267],[-74.980069999604666,40.067402000070409],[-74.980078999825494,40.067311000335643],[-74.980124000031338,40.067176000225679],[-74.980262999948508,40.066977000176564],[-74.980488999904338,40.066642000162801],[-74.981080999558017,40.066020000129015],[-74.981129999961823,40.065958000077394],[-74.981148000403493,40.06589499967891],[-74.981155999901105,40.065852000235523],[-74.981157999550931,40.065819000244609],[-74.981151999703144,40.065779999859743],[-74.981129999961823,40.065732999859797],[-74.980989000394828,40.065508000274065],[-74.980953000409841,40.065564999946091],[-74.980919000074636,40.065718000277194],[-74.980892000310462,40.065906999726565],[-74.980878000066753,40.066027999688004],[-74.980837999883775,40.06610199968916],[-74.980689999745778,40.066202999774752],[-74.980575000118066,40.06625000013787],[-74.980421000132267,40.066337000154007],[-74.980191999803409,40.066444999806123],[-74.97999000013705,40.066566000186889],[-74.979913999969071,40.066625999813112],[-74.979843999648864,40.066719000332277],[-74.979836999976158,40.066791999992994],[-74.979804000364197,40.066855000249447],[-74.979780000074769,40.066910999893771],[-74.979712000302698,40.066972999765468],[-74.979605000172569,40.067035000268177],[-74.979554999943872,40.067080999784189],[-74.979411999828727,40.06719800001229],[-74.979180999850044,40.067301999969999],[-74.9790920001616,40.067367000292577],[-74.978881000274384,40.067421999935377],[-74.97861599996051,40.067518999747186],[-74.978370999738132,40.067577000064745],[-74.978159000026025,40.067637999752876],[-74.978008000413297,40.067725000058729],[-74.977856999902244,40.067807999891428],[-74.97762699974848,40.067906000102028],[-74.977415999861265,40.068028000209274],[-74.977297999860511,40.068121000189329],[-74.977209999996958,40.068167999916582],[-74.977123999783217,40.068250000328497],[-74.977116000285619,40.068322999723435],[-74.97710299986683,40.068396999981417],[-74.97710299986683,40.068444000205666],[-74.976988000239103,40.068632000091085],[-74.976901000200471,40.068712999695258],[-74.976886999956761,40.068793999890595],[-74.976860000192588,40.068874999989596],[-74.976785999674433,40.069008999924897],[-74.976732999970977,40.069069999705548],[-74.976698999635786,40.069143999839476],[-74.976618000343265,40.069203999944747],[-74.976287999732051,40.069328000269813],[-74.976202000416635,40.069431999725332],[-74.976142000142204,40.069481999949048],[-74.975994999829098,40.069602999747381],[-74.97548299964302,40.069833000032666],[-74.975265999908046,40.069929999848377],[-74.975236999595722,40.069943000103784],[-74.975173000021613,40.069985000171584],[-74.975097999678539,40.070033999759659],[-74.975096000028728,40.070061999999417],[-74.975120000318171,40.070223999835157],[-74.975121999967996,40.070287999893239],[-74.975100000226689,40.070397999917013],[-74.97507000008946,40.07049400008006],[-74.975039999952244,40.07059300008499],[-74.974979999677771,40.070678000300767],[-74.974897999662005,40.070759999753335],[-74.974799999752719,40.070821000028168],[-74.974609999781933,40.070892999887853],[-74.974415999613157,40.07097199980862],[-74.974325000274888,40.070987999824929],[-74.974197000228372,40.071042999981202],[-74.974137999778819,40.071067999850101],[-74.973988999815901,40.071131999802574],[-74.973900999952349,40.071169999659922],[-74.973888000431884,40.071175000037606],[-74.973865999792238,40.071185000104364],[-74.973743999593509,40.0712449997866],[-74.973630999615608,40.071345000285334],[-74.973616000445318,40.071391999850313],[-74.97360499967634,40.071457999915971],[-74.973602000201609,40.071522000189432],[-74.973565000391687,40.071573999980643],[-74.973527999683441,40.071632999801409],[-74.973474000155079,40.071689000329677],[-74.973380000443768,40.071746999846283],[-74.973212000214261,40.071826000151333],[-74.973062000426452,40.071875999992542],[-74.972935000204828,40.071921000161936],[-74.972585000400471,40.072138999858971],[-74.972444999760071,40.072235000317832],[-74.97237799981292,40.072342000046788],[-74.972349000398907,40.072407999879353],[-74.972334000330306,40.072559000265905],[-74.972289999949382,40.072670000250085],[-74.972281999553445,40.072684000173318],[-74.97226300018518,40.072799000022989],[-74.972238000070817,40.072939000235429],[-74.97223499969779,40.073038000123553],[-74.972212000131577,40.073142000101043],[-74.972152999682024,40.073200999938301],[-74.972079999887086,40.073248999779906],[-74.971942999619742,40.073322000003991],[-74.971626000325642,40.073373999795713],[-74.971397999821704,40.073518000227999],[-74.971258000079601,40.073606000074925],[-74.971103000268911,40.073694999984141],[-74.971062000261043,40.073731000122912],[-74.97103600032176,40.073823999877796],[-74.97103600032176,40.07385700011509],[-74.971063000085934,40.073965999702054],[-74.971262000277576,40.074146999658744],[-74.971405000392693,40.074257999804367],[-74.971438000004667,40.074294999812729],[-74.971465999593761,40.07435500019222],[-74.971484000035431,40.074429000083427],[-74.971465999593761,40.074517000128026],[-74.971391999973918,40.074586999879195],[-74.97133599989742,40.074641999878757],[-74.971308000308341,40.074692999876099],[-74.971279999820922,40.07482800021041],[-74.97127099960008,40.07493899993348],[-74.971279999820922,40.075064000284442],[-74.971313000331193,40.075225999908447],[-74.971345000118248,40.07532300029235],[-74.971350000141129,40.075428999831018],[-74.971355000163982,40.075541000098156],[-74.971350000141129,40.075618999978985],[-74.971330999874553,40.075720999846965],[-74.971299000087498,40.075841000102599],[-74.971196999980236,40.075933999725642],[-74.971133000406141,40.075966000172656],[-74.971085999652161,40.076006999821196],[-74.970940000062299,40.076135000007],[-74.970837000130132,40.076212999894871],[-74.970692000365176,40.076252999943719],[-74.970509999891988,40.076237999928153],[-74.970366999776843,40.076221999770418],[-74.970249999600995,40.076219000041185],[-74.970109000034,40.076269000094122],[-74.9700110001247,40.076332999970873],[-74.969899999796624,40.076386999798643],[-74.96982399962863,40.076445000126014],[-74.969749000183896,40.076473999927458],[-74.969626999985152,40.076473999927458],[-74.96947999967206,40.076453999970902],[-74.969294999724127,40.076399000060029],[-74.969228999601881,40.076356999823261],[-74.969040000354312,40.076327999971944],[-74.968761999621648,40.076300000246029],[-74.968446999977374,40.076300000246029],[-74.968030000225866,40.076314000110401],[-74.967766999561817,40.076317999972936],[-74.96758599981186,40.076336999832293],[-74.967400999863926,40.076336999832293],[-74.967062999755129,40.07637799994486],[-74.966882000005157,40.076438999999624],[-74.966770999677067,40.076632999923177],[-74.966733999867159,40.076735000334473],[-74.9666739995927,40.07688800032134],[-74.96652999965265,40.077082000340475],[-74.966400999781214,40.077189000015352],[-74.96621599983331,40.077258000333231],[-74.965923999755248,40.077280999736296],[-74.96561400013384,40.077243999975551],[-74.965424000163054,40.077230000302329],[-74.964963000030608,40.077169999706328],[-74.964886999862614,40.077157000143053],[-74.96484199965677,40.077147999703698],[-74.96451399959372,40.077104999802977],[-74.964485000179721,40.077098000296147],[-74.964234000109542,40.077059000182871],[-74.96398899988715,40.077040999964389],[-74.963763999756253,40.077063000001644],[-74.963603999922682,40.077104999802977],[-74.963465999830419,40.077154999892763],[-74.963333999585956,40.077212000129101],[-74.963265999813899,40.077241000291288],[-74.963145000338372,40.077325999771205],[-74.963091999736605,40.077417999994431],[-74.963066999622257,40.077504000060749],[-74.963020999591507,40.077570999821425],[-74.96293500027609,40.077645999772756],[-74.962860999757936,40.077691999683765],[-74.96276100019881,40.077774000314633],[-74.962714000343169,40.077858999816613],[-74.962660999741402,40.077995000173786],[-74.962580000448867,40.078072999993239],[-74.96252600002218,40.078123000059634],[-74.962452000402351,40.078200999732459],[-74.962428999937799,40.078231000270172],[-74.962429999762719,40.078252999922917],[-74.96247999999143,40.078404999829068],[-74.962516999801366,40.078459000075824],[-74.962531999869952,40.078519000223409],[-74.962534000418117,40.078579000318079],[-74.962505000105779,40.078638999672556],[-74.962468000295857,40.078687999908048],[-74.96237100021149,40.078785000172061],[-74.962331999853433,40.078825000084841],[-74.962269000104243,40.078894000119639],[-74.962198999784022,40.07900899979321],[-74.962155000301422,40.079118000069592],[-74.962129000362154,40.079329000133953],[-74.96213199983687,40.079375999687862],[-74.962105999897616,40.0794720002554],[-74.962013999836103,40.079584000059043],[-74.96189300036059,40.079662000120379],[-74.961727999605841,40.079774000298848],[-74.961633999894502,40.079838000318148],[-74.961521999741521,40.079921999908535],[-74.961404999565659,40.080030000015078],[-74.961272000394573,40.080186999794485],[-74.961120999883519,40.080387999894292],[-74.961074999852769,40.080440999866163],[-74.960882000407238,40.08058300032679],[-74.960813999736857,40.08065099988103],[-74.960411000229044,40.080966999789005],[-74.960299999900954,40.081053000184347],[-74.960242999999537,40.081108999839977],[-74.96003899978507,40.081323000112356],[-74.960059999701457,40.081450999928109],[-74.960078000143113,40.081535000277832],[-74.960077000318208,40.081672000224934],[-74.960072000295327,40.081784999903597],[-74.960048999830803,40.081922000034993],[-74.960010000371057,40.082049000046013],[-74.959952999571328,40.082136999866002],[-74.959858000035098,40.082248000046889],[-74.959741999684141,40.082304000094197],[-74.959652000170763,40.082316000000148],[-74.959247999939734,40.082373000040128],[-74.959084999733108,40.082349000246161],[-74.959049999573011,40.082408999715199],[-74.958999000417691,40.082503000037079],[-74.959037999877438,40.082582000236449],[-74.959129999938952,40.0827149999649],[-74.959153000403475,40.082805999737907],[-74.959133000311994,40.082919000283717],[-74.959016999961037,40.083080999778019],[-74.958945999815938,40.083161000030998],[-74.958955999861672,40.083222000195065],[-74.958943000341193,40.083320000220318],[-74.95898299962586,40.083451999849032],[-74.958964000257595,40.083584999939774],[-74.958902000333325,40.08372299991435],[-74.958720999685028,40.08390099997645],[-74.958653999737891,40.083913000288234],[-74.958590999988701,40.083923999884874],[-74.958421000109382,40.08391999978187],[-74.95838199975131,40.083957000038794],[-74.958371999705577,40.084023000298529],[-74.958364000207965,40.084112999674872],[-74.958421000109382,40.084206999705991],[-74.958546999607762,40.084257000079084],[-74.958628999623528,40.084294000152859],[-74.958678000027319,40.084381999820266],[-74.958626000148797,40.084593000066796],[-74.958385000124366,40.084897000099566],[-74.95834900013935,40.084941999912182],[-74.958297000260814,40.085057999689148],[-74.958250000405144,40.085273999932078],[-74.958214000420156,40.085641999734776],[-74.958209000397275,40.085870000153427],[-74.958173000412259,40.086015000272596],[-74.958093000046318,40.086131000283025],[-74.958027999748978,40.086239000162422],[-74.958021000076286,40.086391000109721],[-74.958035000319995,40.086470999909501],[-74.958027999748978,40.086551000302563],[-74.958006000007686,40.086644999716377],[-74.957948000281363,40.086746000265279],[-74.957912000296346,40.086811999882975],[-74.957825000257714,40.086877000141591],[-74.957753000287681,40.086949000207575],[-74.957666000249063,40.087029000038875],[-74.957600000126803,40.087094000090289],[-74.957600000126803,40.087181000283998],[-74.957621999868124,40.087311000034461],[-74.957687000165464,40.087623000072135],[-74.957825000257714,40.087839999704499],[-74.957948000281363,40.088100999840826],[-74.958006000007686,40.088275000292036],[-74.958027999748978,40.088405000015022],[-74.958180000084951,40.088810999708222],[-74.958173000412259,40.088998999724289],[-74.958165000016336,40.089158999972327],[-74.958158000343644,40.089260000227334],[-74.958122000358628,40.089332999780801],[-74.958036000144901,40.089451000211419],[-74.957978000418592,40.089528999964465],[-74.957857000044768,40.089694000046208],[-74.957806999816043,40.089763000061758],[-74.957747000439909,40.089843999960877],[-74.957824000432794,40.089995000168713],[-74.957917000319227,40.09011599994335],[-74.957935999687479,40.090237000190129],[-74.957944999908321,40.09034800022161],[-74.957935999687479,40.090422999843277],[-74.957898999877571,40.090570999669687],[-74.95781500021198,40.090729999732943],[-74.95770300005897,40.090925000094337],[-74.957573000362629,40.091119999897089],[-74.957395999912308,40.09131599974554],[-74.957256999995153,40.091530000232794],[-74.957210000139483,40.091650000115294],[-74.957144999842143,40.091761999814686],[-74.957088999765659,40.091902000210602],[-74.957005999924974,40.091985000127742],[-74.95688499955115,40.092088000124249],[-74.956764000075637,40.092274000216804],[-74.956642999701799,40.092450000109743],[-74.956549999815408,40.092599000237307],[-74.956446999883241,40.092756999790268],[-74.956391999631649,40.09289700020112],[-74.956344999775979,40.09298999989268],[-74.956326000407714,40.093120000231323],[-74.956307999966057,40.093203999926928],[-74.956298999745229,40.093636000257881],[-74.956328000057539,40.093845000235468],[-74.956306000316246,40.094037000287145],[-74.956049000398281,40.094597999846997],[-74.955912999955842,40.094717999817625],[-74.955813000396745,40.094855999900162],[-74.955763000168034,40.094981999970187],[-74.955777000411729,40.09510299981239],[-74.955835000138038,40.095234999957121],[-74.956062999743679,40.095570000190129],[-74.956113999797296,40.095690999673984],[-74.956164000026021,40.095744999953546],[-74.95627100015615,40.095767000131474],[-74.956636000029135,40.095942999924638],[-74.956829000372977,40.095942999924638],[-74.957078999719897,40.095915000019204],[-74.957415000178884,40.095969999969768],[-74.957744000066867,40.096091000116779],[-74.958159000168564,40.096569000201036],[-74.958344999941389,40.096723000119717],[-74.958488000056533,40.096809999687679],[-74.958622999775756,40.096871999825325],[-74.958749000172446,40.09692900004611],[-74.958770999913753,40.096937999931974],[-74.959154000228381,40.097046999676365],[-74.959339000176314,40.097128999671597],[-74.959940000050864,40.097369999923657],[-74.960083000165994,40.097376000266905],[-74.960454999711644,40.097464000201157],[-74.961048999913501,40.09743099972377],[-74.961192000028632,40.097446999707351],[-74.961341999816469,40.097496000149057],[-74.961443000098782,40.097599999875726],[-74.961618000000982,40.097661999980772],[-74.961721999758055,40.097708000110813],[-74.961766000138994,40.097751999877545],[-74.961787000055395,40.097773000271502],[-74.961807000146877,40.097851999928608],[-74.961811000344824,40.097928000034081],[-74.961772999811672,40.098016999760326],[-74.961659000008879,40.098095000003816],[-74.96159500043477,40.098166000068353],[-74.961576999993113,40.098229999976013],[-74.961604999582192,40.098290999692345],[-74.96172299958296,40.098378000004224],[-74.961906999705974,40.098495999870401],[-74.962060999691772,40.09861000029214],[-74.962093000377152,40.098662999820391],[-74.962069000087681,40.09876699982496],[-74.961783999682339,40.099035999779957],[-74.961729000329072,40.099091999759459],[-74.961684999948133,40.099154999681332],[-74.961672000427654,40.099195999795427],[-74.961737999651589,40.099254999731961],[-74.961813999819569,40.099318000190067],[-74.961915999926816,40.099407999957961],[-74.961983999698887,40.099502000168691],[-74.962018999858984,40.099587000028187],[-74.962012000186277,40.099650999973562],[-74.961976000201261,40.099707999927894],[-74.961930999995431,40.099787999879702],[-74.961888000337709,40.099902999989247],[-74.961853000177612,40.100088000235644],[-74.961844999781704,40.100169000214862],[-74.961798999750954,40.100377000271294],[-74.961766999963899,40.100520999937864],[-74.961742999674456,40.100648000292708],[-74.961686999597958,40.100730999850072],[-74.961700000016748,40.100768999679886],[-74.961642000290439,40.10089600025897],[-74.961475999710757,40.101059999806644],[-74.961392999870085,40.101150999791493],[-74.961224999640592,40.101288999883664],[-74.961124000256575,40.101396999760574],[-74.961059999784155,40.101667999842093],[-74.961099999967132,40.101797000330819],[-74.961176000135112,40.101867999968086],[-74.961268000196611,40.101948999889643],[-74.961293000310974,40.102016000328724],[-74.961289000113013,40.102120999776488],[-74.961233000036515,40.102275999941277],[-74.96120100024946,40.102419999711387],[-74.961197999876418,40.102596999913153],[-74.961088000271559,40.102777000274919],[-74.961050999563327,40.102917999744697],[-74.961064999807036,40.102949999876074],[-74.960908000346492,40.103033000060769],[-74.960885999706889,40.103103999782434],[-74.961001000232926,40.103324000123735],[-74.961140999975001,40.10343099977959],[-74.961156000043616,40.103445999987599],[-74.961227000188728,40.10348899974106],[-74.961401000266022,40.103574000116474],[-74.961562999749404,40.103673999856348],[-74.961766000138994,40.103810000173681],[-74.961991000269876,40.104018000092651],[-74.962090000004082,40.104137000212894],[-74.962377000059263,40.104344000093505],[-74.962537999717753,40.104476000176433],[-74.962537999717753,40.104548000176187],[-74.962465999747735,40.10464799985855],[-74.962432000310841,40.104755000180432],[-74.962428000112894,40.104848000156537],[-74.962445999656225,40.104882999907709],[-74.962498000433101,40.104984999904474],[-74.962553999611274,40.105076999851178],[-74.962691999703537,40.105134999783566],[-74.962962999865184,40.105203000233573],[-74.963182999973213,40.10528400030703],[-74.963398000058376,40.105384999992161],[-74.963591000402218,40.105467999954456],[-74.963796000441633,40.105538999883223],[-74.963926000137974,40.105588999701531],[-74.963962000122976,40.105635999675833],[-74.963962000122976,40.105728999821679],[-74.963906000046492,40.105802999965114],[-74.963784999672654,40.105902000161159],[-74.963690999961329,40.105969000142665],[-74.963627000387234,40.106063000220807],[-74.963604999747602,40.106137999700302],[-74.963669000220023,40.106278999762047],[-74.963658000349369,40.1063779999524],[-74.963594999701868,40.106440000303607],[-74.963459000157755,40.106481999844519],[-74.963372000119094,40.106512999979799],[-74.963268000362035,40.106560000002787],[-74.963198999866748,40.106671000205964],[-74.963248000270539,40.10677100020294],[-74.963335000309186,40.106871999741472],[-74.96351600005913,40.106981000061623],[-74.963681999740487,40.10704699998152],[-74.963957000100095,40.107099000123092],[-74.964193999926565,40.107119000008439],[-74.964419999882381,40.107138999887859],[-74.964725000379218,40.107173000150375],[-74.964977000274288,40.107190000275224],[-74.965055999917013,40.107214999925745],[-74.965122000039258,40.107303999871256],[-74.965210999727717,40.10744300021706],[-74.965293999568402,40.10762199975958],[-74.965367000261637,40.107774000045325],[-74.965430999835746,40.107886000002338],[-74.965501999980859,40.107980999852018],[-74.965559999707168,40.108039999728057],[-74.965606999562837,40.108091000126976],[-74.965573999950877,40.108151999934172],[-74.965385999629902,40.108387000245749],[-74.96520499987993,40.108653000279546],[-74.965116000191472,40.108773000197139],[-74.965057999566824,40.108820000032736],[-74.964933999718284,40.108878000208996],[-74.96487599999196,40.108926000317418],[-74.964809000044809,40.108997000072286],[-74.964763000014059,40.109083000092106],[-74.964737000074777,40.109180999982222],[-74.964677999625252,40.109313000298009],[-74.964600999632339,40.109400999908253],[-74.964507999745948,40.109469000216116],[-74.964408000186822,40.109497999690205],[-74.964233000284636,40.109426999771294],[-74.964074000275971,40.109453000311454],[-74.963977000191605,40.109508000311493],[-74.963890000152958,40.109602000308534],[-74.96376999960404,40.109752999958715],[-74.963709000402972,40.109867000068604],[-74.963709000402972,40.109957000309699],[-74.963745000387988,40.110086000195608],[-74.963810999611937,40.110220999734345],[-74.963839000099327,40.11037000011018],[-74.963838000274421,40.110457000091039],[-74.963901000023611,40.110560000295685],[-74.964039000115875,40.110705999658215],[-74.964120000306735,40.110857999922608],[-74.964120000306735,40.110950999799385],[-74.964104000413201,40.111061000080483],[-74.964044999963647,40.111211000301999],[-74.963933999635572,40.11137299978494],[-74.963850999794914,40.111472999739661],[-74.963794999718388,40.111544000270925],[-74.963776000350151,40.111645000279651],[-74.963783000022843,40.111737999767357],[-74.963849000145075,40.111912999854745],[-74.96387900028229,40.112003000136525],[-74.963882999581941,40.112194000179763],[-74.963876999734154,40.112431000167483],[-74.963917999742051,40.112629999962778],[-74.964020999674204,40.113010000229472],[-74.964136000200256,40.113281000079049],[-74.964154999568507,40.113372999797683],[-74.964137000025147,40.113461999929719],[-74.964090000169506,40.11355400009051],[-74.963999999757817,40.113681999748714],[-74.963669000220023,40.113991999940737],[-74.963455999784685,40.114200000327848],[-74.963346000179826,40.114338000055319],[-74.963201000414884,40.114675999758049],[-74.963167999904599,40.114815999724179],[-74.96323599967667,40.114960999998686],[-74.963259999966098,40.115026000163489],[-74.963347999829651,40.11512600024291],[-74.963413000126991,40.115208999997954],[-74.963393999860415,40.115289999835021],[-74.963328999563089,40.115473000333004],[-74.96331600004261,40.115517000289188],[-74.963248000270539,40.115642000321699],[-74.963199999691653,40.115711999689921],[-74.963146000163292,40.115790999812923],[-74.963110000178276,40.115871000087445],[-74.963114000376237,40.115996999710681],[-74.963131999919582,40.116096000183241],[-74.963155000384134,40.116196000063141],[-74.963141000140425,40.116358000037451],[-74.963150000361253,40.116499000209778],[-74.963173999752371,40.116674999956267],[-74.963218999958229,40.116759000111841],[-74.963294000301289,40.116888000148698],[-74.963377000141975,40.116966000052258],[-74.963442000439301,40.117003999743865],[-74.963574999610373,40.117039000109962],[-74.963735000342254,40.117079999750388],[-74.963829000053593,40.117122999815891],[-74.963997000283072,40.117223000246462],[-74.963856999642687,40.11755699984927],[-74.964080000123772,40.117765999852239],[-74.964332999843748,40.117822000213948],[-74.96441700040765,40.117980999799663],[-74.964487999654438,40.118122000041453],[-74.964506999921028,40.118237000070941],[-74.96449699987528,40.118316000008363],[-74.96452600018759,40.118371999917109],[-74.964612000401317,40.118476000017786],[-74.964740000447847,40.118569999985169],[-74.964990999619673,40.118635000135079],[-74.96520499987993,40.11861299979536],[-74.965462999622787,40.118552999956876],[-74.965897999815979,40.11830599999525],[-74.966078999565937,40.118234000132375],[-74.966384000062774,40.118111999999812],[-74.966533000025692,40.118077999709961],[-74.966721000346666,40.118047000036917],[-74.966949999777228,40.118002999656888],[-74.967122000204668,40.117942999967006],[-74.967353000183351,40.117928000208018],[-74.967461000138385,40.117876000101951],[-74.967482999879707,40.117799000083245],[-74.967516000389963,40.117678000073894],[-74.967559000047672,40.117626999994137],[-74.967732000300032,40.117524000187807],[-74.967889999585466,40.117399999713783],[-74.968035000248747,40.11729199982581],[-74.968124999762111,40.117216000056231],[-74.968215999998705,40.117168999839841],[-74.968319999755792,40.117092999932844],[-74.968440000304696,40.117025999917182],[-74.968684999628763,40.116934999872328],[-74.968915999607447,40.116873000156993],[-74.969086000385062,40.116840999705609],[-74.969201999837694,40.116816999700717],[-74.969324999861357,40.116846999705537],[-74.969478999847141,40.116915000125431],[-74.969591999825042,40.116973000268239],[-74.969646000251728,40.117000000211206],[-74.969738000313228,40.117016999940851],[-74.969812999757977,40.117012999721979],[-74.969866000359744,40.116981000023458],[-74.969915999690144,40.11695599984062],[-74.969986000010351,40.11694699985501],[-74.970082000269812,40.116961000290139],[-74.970177999630963,40.117003999743865],[-74.970268000042637,40.117085000190741],[-74.970346999685376,40.117189999735928],[-74.970451000340759,40.11738400030093],[-74.970613999649046,40.117524000187807],[-74.970750000091499,40.117644999784218],[-74.970842000153013,40.117752000269824],[-74.970883999985801,40.117851000248208],[-74.970950000108033,40.117909000279568],[-74.971085999652161,40.118078999920762],[-74.971171999865874,40.118260000053496],[-74.971422000111147,40.11857299990892],[-74.971873000197846,40.119084000329636],[-74.972052000297992,40.11926000025489],[-74.972645999601525,40.119654999950811],[-74.97296100014411,40.119803000080665],[-74.973110999931933,40.119779999933094],[-74.973366000200059,40.119796000156036],[-74.973608000049381,40.11980599995001],[-74.974075000029629,40.119786999859365],[-74.974286999741736,40.119785000174893],[-74.974427000382121,40.11979700034157],[-74.974536000162075,40.119848999665521],[-74.974612000330069,40.119911000102086],[-74.974689000322954,40.119998999738279],[-74.974804999775586,40.120074999831992],[-74.974972000180173,40.120164000123012],[-74.975100000226689,40.120211000330031],[-74.975225999725069,40.120215999853194],[-74.975389999756601,40.120188999813294],[-74.975566000382003,40.120172000189775],[-74.975670999963995,40.120189999993045],[-74.975723999667451,40.120252000118668],[-74.975732000063374,40.120318000212421],[-74.97573100023844,40.12039200028299],[-74.975814000079126,40.120434000138694],[-74.975931000254988,40.120457000065038],[-74.976029999989194,40.120436999980207],[-74.97606599997421,40.12037699969035],[-74.976029000164274,40.1202779999551],[-74.976070999997063,40.120200999908675],[-74.976136000294403,40.120142000278022],[-74.976398000235235,40.120040999836696],[-74.976610999772248,40.119965999888031],[-74.976794000070356,40.119924999926894],[-74.97692899978955,40.119919999695384],[-74.97704099994256,40.119958999980192],[-74.977142000224887,40.120024999671408],[-74.97724599998196,40.120061000038014],[-74.977382000424413,40.120062000219704],[-74.977518999793432,40.120017999769637],[-74.977548000105756,40.119829000088792],[-74.977586999565503,40.119760000336065],[-74.977646000015042,40.119694999887699],[-74.977737000251636,40.119653999763187],[-74.977974999903012,40.11959400015629],[-74.978242999691616,40.119481000054506],[-74.978367000438496,40.119454999913309],[-74.978477999868261,40.119500000230616],[-74.978603000440046,40.119540000258731],[-74.978687000105651,40.119533999809477],[-74.978799000258633,40.119486000318297],[-74.978891000320118,40.119418999912796],[-74.979007999597698,40.119371999845214],[-74.979132000344549,40.119342999772748],[-74.979282999957292,40.11934399996494],[-74.979468999730145,40.119378999813499],[-74.979599000324797,40.119421000294942],[-74.979712000302698,40.119499000040712],[-74.979761999633098,40.119565000178447],[-74.979842999823958,40.119624999810938],[-74.979939999908325,40.119741999731957],[-74.980000000182784,40.119700000135744],[-74.981473000093516,40.118674999985103],[-74.981744000255162,40.118464999823097],[-74.983294000158779,40.117251999849209],[-74.983765000336973,40.116943999859529],[-74.984096999699673,40.11669700023603],[-74.984976000306872,40.116047000085317],[-74.987777000363351,40.114126999970466],[-74.989620000169936,40.112845999948121],[-74.990719999811731,40.112100000329832],[-74.993660999610313,40.110067000137221],[-74.9941870000401,40.109704999746789],[-74.994432000262478,40.109534000133635],[-74.995213999886971,40.108993999726088],[-74.995496999744191,40.108797999952934],[-74.996198999901068,40.10832399994073],[-74.996668000429437,40.1080059998989],[-74.996795999577643,40.108116999803677],[-74.996956000309538,40.108007000257899],[-74.997123999640706,40.108151000264421],[-74.99812700009646,40.107473999914397],[-74.999189999928348,40.106713999982212],[-75.001795999991174,40.104929999682732],[-75.002622999821511,40.104362999689215],[-75.003126999611681,40.104016999675039],[-75.003392999750446,40.103833000225691],[-75.003663999912106,40.103637999747065],[-75.005106999685594,40.102637000263719],[-75.00640100039449,40.10175899970092],[-75.007968999841452,40.100671999819156],[-75.008640999861115,40.100211000191599],[-75.008700000310654,40.100170999788979],[-75.009384000025861,40.099703000271347],[-75.009399000094461,40.099694000064083],[-75.009789999906715,40.09942400016385],[-75.011647999781914,40.098137999703312],[-75.012248999656435,40.097732999809992],[-75.012543000282633,40.09752300026517],[-75.012727000405647,40.097392000263426],[-75.014155999935426,40.096235999765355],[-75.014320999791877,40.09606499996702],[-75.014730999870693,40.095679999917216],[-75.015150999995271,40.09527300010749],[-75.015527999563815,40.094860000047802]]]},"properties":{"ZCTA5":"19154"}},{"type":"Feature","geometry":{"type":"Polygon","coordinates":[[[-75.035087000278637,40.074616999946961],[-75.034949000186387,40.074458000056019],[-75.034838999683203,40.07430699975535],[-75.034736999575969,40.074199999676516],[-75.032964999914483,40.072151999692757],[-75.032655000293104,40.071806999720863],[-75.031282999766404,40.070198999656526],[-75.030416999577994,40.069072000193309],[-75.030394999836687,40.069042999989733],[-75.030171000429021,40.068751000214753],[-75.030118999652174,40.068693000209343],[-75.030064000298893,40.068611999893911],[-75.029660000067864,40.06815399975256],[-75.029612000387274,40.068124999845573],[-75.028255999754123,40.067313999769802],[-75.027403999809408,40.066812000037039],[-75.025870999624217,40.065911999803113],[-75.025427000108536,40.065647000053978],[-75.025330999849061,40.065589000155533],[-75.02422600018437,40.064931999790758],[-75.022657000014178,40.06399800034103],[-75.022563000302853,40.063926999700193],[-75.022388000400682,40.063772000203414],[-75.022325999578072,40.063682000067629],[-75.022252999783134,40.063580999682038],[-75.022216999798133,40.063519999798629],[-75.021707000160191,40.063391999967223],[-75.021839000404668,40.063259000311952],[-75.021991999667222,40.063113000215694],[-75.021465000310855,40.062110999768343],[-75.021401999663354,40.061991000072943],[-75.021306000302189,40.061838000309407],[-75.02118499992838,40.06169100025344],[-75.021051999858969,40.061566000110652],[-75.020733999841667,40.061350999961192],[-75.020621999688672,40.061282000028406],[-75.020574999833016,40.061252000275005],[-75.019814999949816,40.060783000258247],[-75.018393000092729,40.059927999973134],[-75.017639999882221,40.059474999751316],[-75.017074999992701,40.059100000189709],[-75.015828999862705,40.058315999786927],[-75.014443999815526,40.057423999959774],[-75.014166999806093,40.057236000084998],[-75.013367999564835,40.056716999998685],[-75.013138000309368,40.056627999908777],[-75.012827999789664,40.056404000249628],[-75.012734000078339,40.056295000063209],[-75.010873999655004,40.055083999681251],[-75.010143000084142,40.054607000317517],[-75.009211999598421,40.053999000063932],[-75.00877899995335,40.053649999789862],[-75.00852700005828,40.053537999971297],[-75.00846400030909,40.053111999753533],[-75.008374999722321,40.052778000122359],[-75.007886000000781,40.052380999712327],[-75.006162000019884,40.05084299985247],[-75.005767999834589,40.050558999775468],[-75.005265999694245,40.05023499971464],[-75.004761999904105,40.049971000028989],[-75.004418999772426,40.049805999964114],[-75.004152999633646,40.049690999807694],[-75.003868000126616,40.04957500030244],[-75.003293000191348,40.049368000279934],[-75.002851000325464,40.049247000301193],[-75.002734999974521,40.049214999679869],[-75.002421999980058,40.049123999721942],[-75.002141999597583,40.049056000323922],[-75.002013999551053,40.049024000300541],[-75.001473999775897,40.049390000315498],[-75.001176999674968,40.049590999842842],[-75.000020999956647,40.050355000171407],[-74.99987700001661,40.050401999777002],[-74.999791999627789,40.050364000025226],[-74.999221999715402,40.049861000030084],[-74.998618000366136,40.049317999735088],[-74.998153000035742,40.048905000103453],[-74.998091999936364,40.04884999995371],[-74.997859000307869,40.048645000192344],[-74.997626999605956,40.04843899995538],[-74.9972919998702,40.048151999899254],[-74.997140000432537,40.048017000336728],[-74.996798999950698,40.047676999897305],[-74.996654000185728,40.047540000337186],[-74.996270000046181,40.047202000023887],[-74.995399999659824,40.04643800011479],[-74.99472099996747,40.045840000232019],[-74.994100000001453,40.045297000227457],[-74.99382299999202,40.045043999671535],[-74.993487000431372,40.044759000277381],[-74.993202999850922,40.044494000097529],[-74.992878000160914,40.044208999779599],[-74.992268999890456,40.043674999899821],[-74.991657000145267,40.043130999907021],[-74.990975999904776,40.042526000279516],[-74.99094099974468,40.042515000186583],[-74.990605000184019,40.042372000192387],[-74.990302000235317,40.042376999932728],[-74.987676000081009,40.039982999785934],[-74.987024000152857,40.040482999840677],[-74.986280000163191,40.040942000259882],[-74.985664000220041,40.04130299983327],[-74.984942999796587,40.041768999933289],[-74.984848000260342,40.04183599976691],[-74.98442999978559,40.042155000104366],[-74.983828000086149,40.04271300021248],[-74.983132999601978,40.043506999930408],[-74.982669999819706,40.044079000276447],[-74.982349000327659,40.044475000296785],[-74.981633999751992,40.045152000064476],[-74.981166999771759,40.045527999944923],[-74.980591000011572,40.045943999781144],[-74.97989200022775,40.046340999861179],[-74.979199000291715,40.046593999729794],[-74.97861599996051,40.046755999666239],[-74.978256000110406,40.046858000116387],[-74.977188000255651,40.04716600030681],[-74.976640000084558,40.047407999873109],[-74.976214000112208,40.047699999660942],[-74.97576100037567,40.048150000172576],[-74.974783999859199,40.049316000042623],[-74.974995999571306,40.04950600013558],[-74.976012000445849,40.050416999980818],[-74.976281000059359,40.050658999695415],[-74.977923000024489,40.052131999913534],[-74.978185999790199,40.052289999855425],[-74.978415000119057,40.052414999824087],[-74.978558000234202,40.05249300005697],[-74.979093999811411,40.052861000286505],[-74.9794660002554,40.053156999941052],[-74.979549000096085,40.053244999962175],[-74.979694999685947,40.053399000241335],[-74.979714999777428,40.053473000207063],[-74.979734999868924,40.053547000092443],[-74.980027999771863,40.053636999863322],[-74.982022000089515,40.053727000202962],[-74.982202000014567,40.053803999841499],[-74.982549000344193,40.053952999966562],[-74.982665999621744,40.053952999966562],[-74.983193999701328,40.054223000064653],[-74.98348699960431,40.054447999787648],[-74.983555000274677,40.054537999743921],[-74.983838000131897,40.054911999893378],[-74.983889000185528,40.054978999874322],[-74.983904000254128,40.05499399975843],[-74.983931999843236,40.05501600004083],[-74.983967999828238,40.055042999815178],[-74.983997000140562,40.055065999843691],[-74.984073000308527,40.055123999761541],[-74.984189999586107,40.055348999947888],[-74.984189999586107,40.055470000095418],[-74.984198999806921,40.055503000285903],[-74.984203000004882,40.05551599985646],[-74.984189999586107,40.055574999833404],[-74.984301999739088,40.055849999821113],[-74.984473000341623,40.05627000027345],[-74.984493000433105,40.056290999712431],[-74.984588999794255,40.056404000249628],[-74.984692999551342,40.056509999664414],[-74.984819999772938,40.056603000241125],[-74.984941999971667,40.056727000125093],[-74.985162999904617,40.056932000331187],[-74.985181000346273,40.05701199967411],[-74.985186000369154,40.057105999985325],[-74.985152000033963,40.057198999748657],[-74.98506499999533,40.0572920000727],[-74.984912999659372,40.057391999739764],[-74.984538999565544,40.05763600026421],[-74.984372000059281,40.057785999983913],[-74.984286999670459,40.057837000225966],[-74.984171000217842,40.057872999807579],[-74.983997000140562,40.057919999729307],[-74.983894000208394,40.057938000188145],[-74.983869999918952,40.057948000135433],[-74.983310000052299,40.058187000088601],[-74.983017000149346,40.058367000319876],[-74.982899999973483,40.058367000319876],[-74.982371999893871,40.05868299980488],[-74.981843999814274,40.059088000318212],[-74.981550999911306,40.059447999670304],[-74.980437000025773,40.060304000163278],[-74.980481000406726,40.06038299998886],[-74.980548000353878,40.060454000197751],[-74.980766999738663,40.060605999950873],[-74.980842000081736,40.060683999746757],[-74.98088599956435,40.060792000110098],[-74.980917000424824,40.060879999897622],[-74.980925999747328,40.06098300019989],[-74.980943000364078,40.061093999797272],[-74.980934000143264,40.061196999776037],[-74.980917000424824,40.061304000343384],[-74.980908000203982,40.061409999698803],[-74.980953000409841,40.061589999666325],[-74.981001000090416,40.061687999884164],[-74.981015000334111,40.061779000254873],[-74.981028999679495,40.061859000095062],[-74.981006999938188,40.061964999962107],[-74.980985000196867,40.062078000027853],[-74.980974000326242,40.062092999724406],[-74.980912000401943,40.062180000236609],[-74.980868000021019,40.062292999945811],[-74.980828999662961,40.062398999825135],[-74.98080699992164,40.062501999893641],[-74.980802999723679,40.062594999855115],[-74.980863999823057,40.062694999989944],[-74.980904999830926,40.062736999714012],[-74.980904999830926,40.063007000072218],[-74.981140000007571,40.063367999671264],[-74.981139000182665,40.06368299970314],[-74.981022000006803,40.063817999860206],[-74.980904999830926,40.064269000141245],[-74.980900999632965,40.064381000197955],[-74.980873000043886,40.064465999915527],[-74.980903000181101,40.064615999724587],[-74.980939000166117,40.064713000094443],[-74.98101600015903,40.064846999967088],[-74.981022999831708,40.064938999860438],[-74.980989000394828,40.065508000274065],[-74.981129999961823,40.065732999859797],[-74.981151999703144,40.065779999859743],[-74.981157999550931,40.065819000244609],[-74.981155999901105,40.065852000235523],[-74.981148000403493,40.06589499967891],[-74.981129999961823,40.065958000077394],[-74.981080999558017,40.066020000129015],[-74.980488999904338,40.066642000162801],[-74.980262999948508,40.066977000176564],[-74.980124000031338,40.067176000225679],[-74.980078999825494,40.067311000335643],[-74.980069999604666,40.067402000070409],[-74.980083000023455,40.06746499976267],[-74.98011499981051,40.067549999757141],[-74.980164000214316,40.067627000275216],[-74.980679999700044,40.068419000061176],[-74.980780999982386,40.068596000006941],[-74.981026000204764,40.069279000173907],[-74.981083999931073,40.069483000186864],[-74.981562999606879,40.069521999826613],[-74.981412999819042,40.070987999824929],[-74.981346999696811,40.071493000341526],[-74.981257000183447,40.071783000327308],[-74.981172999619545,40.071985000000325],[-74.981603999614762,40.072307000057585],[-74.981545000063534,40.072438000219506],[-74.981389000427924,40.07275099986429],[-74.982345999954617,40.073457999798471],[-74.983069999852788,40.073974999874558],[-74.984319000355839,40.074648000163428],[-74.984630999627043,40.074335000300749],[-74.984900999963799,40.074480000240293],[-74.984987000177526,40.074526000227721],[-74.985413999974782,40.074755999698802],[-74.985748999710552,40.074919999684077],[-74.985993999932916,40.075019000129508],[-74.986285000186058,40.075105999943908],[-74.986569999693089,40.075197999729383],[-74.986886000060608,40.075332000285513],[-74.987162000245107,40.075501999780563],[-74.987382000353136,40.075654000328278],[-74.987568000125975,40.075824999851577],[-74.988271999932678,40.076466000220528],[-74.988851000065907,40.076994000173507],[-74.989138999945993,40.077230999739022],[-74.988770999699966,40.077506000300787],[-74.989636999888361,40.078230000160836],[-74.990272999922993,40.078780999767112],[-74.988552000315167,40.079911999749967],[-74.988370999666884,40.079879999782634],[-74.98838699956039,40.079902000277279],[-74.988219000229222,40.080028999932161],[-74.987744999677986,40.080340000273189],[-74.987026999627588,40.080801999861215],[-74.987163999894932,40.080973000203755],[-74.987246999735632,40.081074000232448],[-74.987382000353136,40.081306999774803],[-74.987486999935115,40.081256999984419],[-74.98752200009524,40.081339999822482],[-74.987861000028943,40.081256999984419],[-74.9881670003507,40.081249000152049],[-74.988164999802549,40.081089999937419],[-74.988763000202354,40.080697999897112],[-74.989272000015376,40.081147000316406],[-74.989312000198339,40.081106000325967],[-74.989436000046908,40.081005999726031],[-74.990363000334696,40.080401000215403],[-74.990975999904776,40.079989000039369],[-74.991256000287279,40.079804000143568],[-74.993278000193982,40.081501000263316],[-74.993391999996817,40.081611000046742],[-74.994347999698576,40.081681000066311],[-74.995803000065962,40.080845000176666],[-74.997233000318957,40.080023000121564],[-74.998753999910264,40.081319999920488],[-75.002577999615667,40.084425999954973],[-75.002628999669298,40.084486000342721],[-75.005997999988352,40.087228999892993],[-75.010088999657469,40.09055899984434],[-75.010190999764703,40.090598999712078],[-75.011231000030392,40.091398999690071],[-75.01506700032968,40.094514999680577],[-75.015222999965303,40.094626000294326],[-75.015366999905339,40.094733999751902],[-75.015527999563815,40.094860000047802],[-75.017574999584909,40.092754000102289],[-75.02006600001998,40.090170999769789],[-75.021104999562425,40.089116000097228],[-75.021550999626257,40.088645000278646],[-75.02184600007736,40.088333000114531],[-75.021862999795815,40.08831500012753],[-75.022017999606504,40.088160999738541],[-75.022029000375483,40.088151000102904],[-75.022042999720867,40.088134999995503],[-75.022540999663235,40.087615000300467],[-75.023045000351701,40.087087000235755],[-75.023396999805897,40.086716000043054],[-75.023996000030593,40.086106999751998],[-75.024652999981626,40.085428999983151],[-75.025228999741799,40.084819999862432],[-75.026423999818192,40.083594000215605],[-75.026795000437261,40.083188999684928],[-75.027611000396959,40.082361000144175],[-75.027844999850373,40.082117000198075],[-75.0289520000632,40.080967999858188],[-75.030410999730222,40.079443999760159],[-75.030804999915517,40.079035999682418],[-75.03144000012523,40.078379999904016],[-75.032898999792266,40.076876000146079],[-75.032995999876647,40.076775000076701],[-75.03365200000276,40.076073999679977],[-75.035087000278637,40.074616999946961]]]},"properties":{"ZCTA5":"19114"}},{"type":"Feature","geometry":{"type":"Polygon","coordinates":[[[-75.048541999841845,40.112728999840847],[-75.047805000423182,40.112242000009147],[-75.045007999666353,40.110600000086315],[-75.041245000060314,40.108389999931646],[-75.040019999846706,40.10766599998572],[-75.039834999898773,40.107565999930301],[-75.039459999980053,40.107361999966031],[-75.038842000387078,40.10711200015227],[-75.038214999674963,40.10695099982707],[-75.037783999679732,40.106873000117147],[-75.037156000041037,40.106831999819747],[-75.0364859996712,40.106822999868456],[-75.036063999896811,40.106784000294802],[-75.035644999597153,40.106671999897451],[-75.035360000090122,40.106557000236194],[-75.035221000172939,40.106495999685698],[-75.034760000040507,40.106216000253013],[-75.033897000225139,40.105688999914904],[-75.032998000424783,40.105110000055689],[-75.032554000010762,40.104833000257649],[-75.03156700034684,40.105285000018952],[-75.030221999584342,40.104491000154042],[-75.029995999628511,40.104716000108297],[-75.029944999574894,40.104763999718223],[-75.02958600044802,40.105117999832196],[-75.028812000321125,40.104921999884112],[-75.029549999564679,40.103202000041108],[-75.029708999573344,40.10305900029649],[-75.028882999567912,40.102543000261434],[-75.027911999797524,40.101948999889643],[-75.027634999788106,40.101764999657128],[-75.026966999966405,40.101505999920604],[-75.025654999714149,40.101141999775763],[-75.025559000352999,40.10111699995484],[-75.025525999842742,40.101108999707904],[-75.02392700043363,40.100702000074193],[-75.022789000258655,40.100415000298781],[-75.022291000316287,40.100276000022681],[-75.022086000276886,40.100211999978079],[-75.021841999879413,40.100098000178889],[-75.021422999579741,40.100404999714968],[-75.020050999951366,40.099215000141641],[-75.019531000267676,40.098776999962396],[-75.01937499973377,40.098776999962396],[-75.019226999595745,40.098502999925934],[-75.019180999564995,40.098418000086632],[-75.018957000157329,40.098488999814194],[-75.018877999616308,40.098318000180186],[-75.018664000254375,40.098155999841168],[-75.018526000162112,40.097992000165547],[-75.018497999674707,40.097917999771873],[-75.018468000435789,40.097839000191392],[-75.018413000184196,40.097870000142116],[-75.018280000114828,40.097915000311389],[-75.018203000121915,40.097779999714241],[-75.017768999753642,40.097396000261945],[-75.017673000392506,40.097297999886415],[-75.018233000259144,40.097105000269828],[-75.016570000377641,40.095716999966641],[-75.015616000325664,40.094921999900485],[-75.015527999563815,40.094860000047802],[-75.015150999995271,40.09527300010749],[-75.014730999870693,40.095679999917216],[-75.014320999791877,40.09606499996702],[-75.014155999935426,40.096235999765355],[-75.012727000405647,40.097392000263426],[-75.012543000282633,40.09752300026517],[-75.012248999656435,40.097732999809992],[-75.011647999781914,40.098137999703312],[-75.009789999906715,40.09942400016385],[-75.009399000094461,40.099694000064083],[-75.009384000025861,40.099703000271347],[-75.008700000310654,40.100170999788979],[-75.008640999861115,40.100211000191599],[-75.007968999841452,40.100671999819156],[-75.00640100039449,40.10175899970092],[-75.005106999685594,40.102637000263719],[-75.003663999912106,40.103637999747065],[-75.003392999750446,40.103833000225691],[-75.003126999611681,40.104016999675039],[-75.002622999821511,40.104362999689215],[-75.001795999991174,40.104929999682732],[-74.999189999928348,40.106713999982212],[-74.99812700009646,40.107473999914397],[-74.997123999640706,40.108151000264421],[-74.996956000309538,40.108007000257899],[-74.996795999577643,40.108116999803677],[-74.996668000429437,40.1080059998989],[-74.996198999901068,40.10832399994073],[-74.995496999744191,40.108797999952934],[-74.995213999886971,40.108993999726088],[-74.994432000262478,40.109534000133635],[-74.9941870000401,40.109704999746789],[-74.993660999610313,40.110067000137221],[-74.990719999811731,40.112100000329832],[-74.989620000169936,40.112845999948121],[-74.987777000363351,40.114126999970466],[-74.984976000306872,40.116047000085317],[-74.984096999699673,40.11669700023603],[-74.983765000336973,40.116943999859529],[-74.983294000158779,40.117251999849209],[-74.981744000255162,40.118464999823097],[-74.981473000093516,40.118674999985103],[-74.980000000182784,40.119700000135744],[-74.979939999908325,40.119741999731957],[-74.980040000365761,40.119862000005476],[-74.980057999909107,40.119882999756818],[-74.980076000350778,40.119903000004612],[-74.980112000335779,40.119933000021767],[-74.980215000267933,40.120014999909692],[-74.980808999571465,40.120070000298469],[-74.981324000130584,40.120149000167025],[-74.981507000428707,40.120080000052091],[-74.981586999896322,40.120021999811719],[-74.981697000399492,40.11996099965954],[-74.98183299994362,40.119919000198607],[-74.981981000081632,40.119909999918221],[-74.982164000379711,40.119915000150463],[-74.982371000068966,40.119942000299162],[-74.982515000009002,40.119988999972684],[-74.982617999941169,40.120047000241215],[-74.982673000192761,40.120108999810277],[-74.98271400020063,40.12016999982967],[-74.982787999820488,40.120222000242251],[-74.982920999889885,40.120281999981898],[-74.982982999814141,40.120349000223939],[-74.983033000042866,40.120455999889209],[-74.98307800024871,40.120640999882568],[-74.983080999723441,40.120796999920195],[-74.983068000202962,40.120891000113538],[-74.983002000080731,40.121007999916877],[-74.982930999935618,40.12109299969466],[-74.982770000277142,40.121150000229633],[-74.982605000420691,40.12118200002697],[-74.982540999948284,40.121321000173999],[-74.982448000061851,40.121441999882869],[-74.982290999703025,40.12173899975393],[-74.982253000068184,40.121895000019919],[-74.982325999863107,40.121905000192122],[-74.982447000236931,40.12190000010623],[-74.982504999963268,40.121950000261762],[-74.982633000009798,40.122214999991421],[-74.982721999698228,40.122351999791412],[-74.982756000033433,40.122449000335251],[-74.982737999591777,40.122537000121078],[-74.982602000047649,40.122737000022617],[-74.982583999605978,40.122789999987205],[-74.982585000329209,40.122854000083805],[-74.982678000215628,40.123007000124161],[-74.982957999699806,40.123352999704409],[-74.983001000255811,40.123377000149951],[-74.983281999564895,40.123534999666276],[-74.983432000251028,40.123619999719303],[-74.983542999680807,40.123631999896027],[-74.98367699957511,40.123608999669919],[-74.983975000399241,40.123596000046419],[-74.984079000156328,40.12356000017774],[-74.98421300005063,40.123561000307951],[-74.984305999937035,40.123592999657376],[-74.984357999815586,40.123662999770296],[-74.98438600030299,40.123758000249836],[-74.984418999914965,40.123797999833556],[-74.984459999922834,40.123807000286178],[-74.984753999650707,40.123873999802157],[-74.984982999979565,40.123895999813342],[-74.985132999767387,40.123829999758385],[-74.985527999777588,40.123603999709353],[-74.985674000265774,40.12348299972686],[-74.985920000313072,40.12333200033796],[-74.986035999765718,40.123249000194363],[-74.986243000353269,40.123134999848503],[-74.986424999928133,40.123048000287497],[-74.986491000050393,40.123038999734391],[-74.986547000126876,40.123058000290058],[-74.986669000325605,40.123160999956248],[-74.986696999914713,40.123187000054095],[-74.986844000227805,40.123326999670098],[-74.986906999976995,40.123374999884192],[-74.987045000069259,40.123477999757036],[-74.987194999857067,40.123512000094266],[-74.987315000405985,40.123586000122998],[-74.987384999827881,40.123665000027621],[-74.987543000011641,40.123790000193452],[-74.987707000043144,40.123896999938559],[-74.987779999838097,40.123916999692497],[-74.98845299968265,40.124268000048666],[-74.988631999782797,40.124415999753523],[-74.988605000018609,40.124642999965005],[-74.988579999904246,40.124858000147242],[-74.988695000430297,40.125096000067131],[-74.988712999973643,40.125152999993517],[-74.988796999639234,40.125307999877087],[-74.988938999929445,40.125418999705062],[-74.989014000272519,40.125479999768501],[-74.989071999998842,40.125567999752292],[-74.989066999975975,40.125635000280262],[-74.988990999807982,40.125725000260076],[-74.988976999564287,40.125796999746058],[-74.989011999724369,40.125905999958022],[-74.989041999861612,40.126012999807024],[-74.989057999755133,40.126106999657409],[-74.989155999664433,40.126161999926062],[-74.989338000137622,40.126196000294719],[-74.989559000070557,40.126234999726911],[-74.990081000302368,40.126231000050367],[-74.990293999839395,40.126229999959477],[-74.990364000159587,40.126242999766198],[-74.990425000258966,40.126256999660924],[-74.990620000252633,40.126295999745011],[-74.990781999736029,40.126267999968675],[-74.991066000316465,40.126204000338589],[-74.991453999755663,40.126135000186892],[-74.991702000351097,40.126070999744655],[-74.992043999759545,40.125986000008666],[-74.992364000325011,40.125932999788155],[-74.992636000311578,40.125910999749287],[-74.992875999612778,40.125905999958022],[-74.993146999774424,40.125937000169124],[-74.993480999685261,40.125998999862041],[-74.993924000274362,40.12604799965689],[-74.994166999948604,40.126093999824683],[-74.994275999728544,40.12614200014572],[-74.994350000246712,40.126219000332405],[-74.994426000414691,40.126415000039316],[-74.994480999767973,40.126520999687415],[-74.994544000415473,40.126681999705092],[-74.994525999973803,40.126953000016982],[-74.994473000270361,40.127111000151409],[-74.994407000148129,40.127277999911712],[-74.994237000268811,40.127499999821509],[-74.994004999566911,40.127675999940202],[-74.993894000137132,40.127750000244276],[-74.993751999846907,40.127912000164613],[-74.993668000181316,40.128114000177391],[-74.993687000447906,40.128209999993437],[-74.993659999785407,40.128383000156738],[-74.99379500040294,40.128460999923568],[-74.99381200012138,40.128506999832155],[-74.993782999809056,40.128613999708129],[-74.993691999572462,40.128675999706822],[-74.993659999785407,40.128752999770462],[-74.993505999799609,40.128773000156343],[-74.993422000134032,40.129002999705911],[-74.993417000111151,40.129175999911432],[-74.993448999898206,40.129426999708592],[-74.993503000324893,40.129514000034931],[-74.99352400024128,40.129630000067905],[-74.993480999685261,40.129671999711292],[-74.993388999623747,40.129704999658188],[-74.993278000193982,40.129734000118631],[-74.993186000132482,40.129761999840916],[-74.993134000253946,40.129795999782559],[-74.99310099974366,40.129894000044381],[-74.993113000337559,40.130016999675462],[-74.993104000116716,40.130093000246475],[-74.993047000215299,40.130187999982113],[-74.99294099991009,40.130197000275544],[-74.992863999917191,40.130225999839219],[-74.992813999688479,40.13030200017652],[-74.992771999855691,40.130423999726887],[-74.992744000266612,40.130504999982996],[-74.99275099993929,40.130605999989044],[-74.992780000251628,40.130726000317907],[-74.992841000350964,40.130815999738736],[-74.992921999643528,40.130946999934281],[-74.992996999986588,40.131051000030283],[-74.99310099974366,40.131184999826914],[-74.993211000246845,40.131320000062196],[-74.993355000186881,40.131461000113262],[-74.99343100035486,40.131551999947035],[-74.993508000347774,40.131616000036416],[-74.993673000204197,40.131733999935925],[-74.993894000137132,40.131882999877163],[-74.9941870000401,40.13151600017077],[-74.99744800040412,40.128249000330761],[-74.997571000427769,40.128116999680024],[-74.997799999858316,40.127902000189202],[-74.997885000247109,40.127815999927698],[-74.998517999908714,40.128190000128818],[-74.998563999939464,40.128216999738633],[-74.998980999690986,40.128458999807357],[-74.999460000265103,40.128748000188232],[-74.999584000113657,40.128818999853777],[-74.999743999947228,40.128910999842091],[-75.000956999566938,40.12960999993426],[-75.001524999829513,40.12993600021148],[-75.002273000017155,40.130376999712134],[-75.003254999658196,40.131011999927075],[-75.003909000134485,40.131338999676956],[-75.003997999822957,40.131389999773369],[-75.004095999732243,40.131446999916683],[-75.00569199966661,40.132375999838914],[-75.005901999728877,40.13249799978734],[-75.005946000109816,40.132523999748031],[-75.005987999942619,40.132547999702943],[-75.006901999811603,40.13307999996097],[-75.007412000347855,40.133376999810572],[-75.007686999809138,40.133528000237696],[-75.008530000431335,40.133991999937336],[-75.008664000325638,40.134075000012892],[-75.009117000062176,40.134355000123925],[-75.009465000216707,40.134569999806367],[-75.010626999782801,40.135275999780582],[-75.011046999907379,40.13553000026323],[-75.011453999613153,40.135788000284492],[-75.011898999852065,40.136058000056337],[-75.012269999572837,40.136283999905451],[-75.012378000426196,40.136349000288078],[-75.012586999765247,40.136477000299848],[-75.012744999949007,40.136572999978739],[-75.013883999948874,40.137268999775614],[-75.014387999739029,40.137578000322151],[-75.014575000235084,40.137692999717757],[-75.0147030002816,40.137770999788323],[-75.015065999606449,40.137991999845283],[-75.015628999846157,40.137334999830358],[-75.016321999782193,40.136527000035066],[-75.0164900000117,40.136353999997965],[-75.017020999566029,40.135806000073707],[-75.017777000149565,40.13502500029346],[-75.017950000401939,40.134848000010173],[-75.019598000214827,40.133228999698566],[-75.020570999635055,40.132273999713938],[-75.023007999643454,40.130549999854608],[-75.023709999800332,40.130053000245709],[-75.024890999633016,40.129215999741412],[-75.025130999832527,40.129082000183928],[-75.025786999958655,40.128571000041369],[-75.026233000022486,40.12826000031616],[-75.031651999837337,40.124503000311478],[-75.031804999998215,40.124397000264267],[-75.033262999840332,40.123384999838649],[-75.033632999736184,40.12312999985307],[-75.037554000424279,40.120412999870638],[-75.03784200030438,40.120213000001932],[-75.038289000193132,40.119901999820641],[-75.038336000048787,40.119870000107767],[-75.038709000317695,40.119598999724808],[-75.039043000228517,40.119356000209457],[-75.042307000067296,40.1170779999863],[-75.043806999742202,40.116030999667181],[-75.043856000145993,40.115996999710681],[-75.044215999996112,40.115747000034027],[-75.044262999851767,40.115712999935582],[-75.047448999872728,40.113492000040644],[-75.048541999841845,40.112728999840847]]]},"properties":{"ZCTA5":"19116"}},{"type":"Feature","geometry":{"type":"Polygon","coordinates":[[[-75.139683999573421,40.033885999871906],[-75.139718999733532,40.03386799993919],[-75.139492999777715,40.033554999814442],[-75.139464000363716,40.033516000223486],[-75.139409000112138,40.033525000236885],[-75.139070000178421,40.033561000278631],[-75.138728999696568,40.033574999984062],[-75.13838700028812,40.033573999906928],[-75.137701000024776,40.033556999969207],[-75.137358999718018,40.033544000337727],[-75.137018000134475,40.033519999847428],[-75.136679000200758,40.033485999940893],[-75.13634000026704,40.033447999701657],[-75.136211000395619,40.033431999811768],[-75.136244000007565,40.033293999746],[-75.136327999673171,40.032919999978212],[-75.136413999886884,40.032510000333311],[-75.136485999856916,40.032184999685597],[-75.136555000352203,40.031867999682575],[-75.136618000101393,40.031589000190188],[-75.13707900023384,40.031668000283062],[-75.137086999731437,40.031625999983916],[-75.13722099962574,40.031019999961394],[-75.137490999962495,40.029802000165816],[-75.137027000355303,40.029737999913976],[-75.137090999929399,40.029411999676647],[-75.137598000092623,40.029476999683737],[-75.137782000215637,40.028637000322966],[-75.137800999583888,40.028549000177826],[-75.137858000383616,40.028278000041773],[-75.137923999607523,40.027980000040287],[-75.137932999828365,40.027896999849588],[-75.138210999662704,40.026596999788119],[-75.138236999601986,40.026481999693218],[-75.138475000151672,40.025440999943648],[-75.138557000167438,40.024991999718445],[-75.138077999593321,40.02492700025303],[-75.138418000250255,40.023328000093535],[-75.13777499964462,40.023260999961863],[-75.137135000310337,40.023185999993082],[-75.136835999661287,40.023139999742178],[-75.136659000109276,40.023217999760568],[-75.136425999582457,40.023320000337954],[-75.135724000323904,40.02360199992664],[-75.135679000118046,40.023381999966936],[-75.13542600039807,40.023438999786933],[-75.135113000403621,40.02350500020696],[-75.133262000201114,40.023895000072265],[-75.133278000094663,40.023821000332681],[-75.133287000315477,40.023783999744865],[-75.13333099979809,40.023529000093696],[-75.13444999970649,40.023295000149851],[-75.135151000038448,40.023122999955675],[-75.135171999954849,40.022887999761338],[-75.133518000294146,40.02269799978815],[-75.132664999626229,40.022604000185083],[-75.131653999672878,40.022464999985857],[-75.131327000333044,40.02241799969606],[-75.131256000187918,40.022723000195022],[-75.130610000107538,40.022634999988007],[-75.130676000229798,40.022324999949312],[-75.13038099977868,40.022287999926057],[-75.130354999839426,40.022412000315363],[-75.130277000021621,40.022763000001433],[-75.129912000148636,40.022715999916919],[-75.128841999745731,40.022575999707477],[-75.128862999662132,40.022429999831644],[-75.128257999589636,40.022355999878947],[-75.128327999909843,40.022036000237904],[-75.127922000028974,40.021978999933673],[-75.127699000446214,40.022885999981597],[-75.127112999741968,40.022816000087197],[-75.127127999810597,40.022734000040927],[-75.12661700034775,40.02268699993644],[-75.126634000066176,40.022598000132859],[-75.12629900033042,40.022558999780436],[-75.126381000346186,40.022139000075512],[-75.125996000381733,40.022086999709423],[-75.126060999780719,40.021750000053913],[-75.125645999679037,40.021710000341557],[-75.125140000239071,40.022306000162978],[-75.124731999810066,40.022106000244627],[-75.124760000297471,40.022050999803149],[-75.124249999761204,40.021992999952488],[-75.12434600002068,40.021551999700542],[-75.124418999815603,40.021205000322055],[-75.124094000125595,40.021170999780495],[-75.124111999668941,40.021080999802869],[-75.123976999949747,40.021062999930713],[-75.124044999721789,40.020750999786692],[-75.124063999988365,40.020665000320811],[-75.124149000377187,40.020274000294634],[-75.124248000111393,40.020286000119391],[-75.124309000210772,40.020000000167428],[-75.124168999570344,40.019978999868719],[-75.124188999661854,40.019888000104906],[-75.124483000288024,40.018553000075968],[-75.12451900027304,40.018383000222805],[-75.125023000063194,40.018434999971952],[-75.125091999660171,40.018105000230179],[-75.125007000169674,40.01807699997017],[-75.124556000082976,40.017826000172931],[-75.124468000219423,40.0178109996789],[-75.124326999754103,40.017822000316706],[-75.124130000110611,40.01790200014868],[-75.124002999889001,40.018098000166269],[-75.123942999614542,40.01826200029592],[-75.123920999873221,40.018413999879563],[-75.123941999789622,40.01869599979451],[-75.123957999683157,40.018873000228972],[-75.123945000162692,40.019029999903601],[-75.123923000421385,40.019128000082667],[-75.123863999971846,40.0192199997717],[-75.123750000169011,40.019322000134395],[-75.123583999589343,40.019385999838981],[-75.123465999588561,40.019395000340808],[-75.123346999762887,40.019383999956581],[-75.123304999930085,40.019440000080479],[-75.122852000193561,40.019231999781816],[-75.122841000322893,40.019322999732523],[-75.122751999736138,40.019721999882996],[-75.121944000172377,40.019618999836496],[-75.121379000282843,40.019549000030089],[-75.120729999829408,40.019469000065158],[-75.119415000102435,40.01931500019532],[-75.118642999625365,40.019200000208791],[-75.119558000217566,40.014808999697095],[-75.117814000145188,40.015688999896859],[-75.117475000211499,40.015783000082401],[-75.117570999572635,40.015581999967232],[-75.119439000391893,40.013025999902268],[-75.117819999992975,40.012811999781178],[-75.114141000052527,40.012325999778888],[-75.112160999978599,40.012084999952378],[-75.111811000174228,40.013662000217678],[-75.111495999631657,40.015167999990283],[-75.111360000087515,40.015867000211834],[-75.109024000361458,40.016285999665484],[-75.108888999743925,40.016938000194756],[-75.109600999946537,40.017026000181552],[-75.110309999776121,40.017117999952653],[-75.110636000189331,40.017156999975192],[-75.110626999968517,40.017210999916735],[-75.110436999997702,40.018078999890868],[-75.110421999929102,40.018152000051096],[-75.110087000193346,40.019770000245643],[-75.110502000295043,40.019826000052689],[-75.110812999741356,40.019858000020108],[-75.111605000309922,40.019965999713314],[-75.111687000325674,40.01997800028019],[-75.112217000055097,40.020055999785725],[-75.110835000380987,40.02172000009984],[-75.11024200000405,40.022241999757583],[-75.11019500014838,40.022290999965861],[-75.110382999571044,40.022323000153058],[-75.110551999625429,40.022360000157335],[-75.110717000380191,40.022418999936718],[-75.110831000183026,40.022500999673632],[-75.11093599976499,40.022605999973095],[-75.110976999772888,40.022738999845238],[-75.110996000039449,40.022908000307012],[-75.111032000024466,40.023035999808265],[-75.111180999987383,40.023254999967413],[-75.111278999896669,40.023411000339927],[-75.111348000391956,40.023566999667828],[-75.111375000156144,40.023708999663164],[-75.11139299969949,40.023914000103964],[-75.111443999753106,40.02409299981737],[-75.111493999981818,40.024284999771837],[-75.11154900023341,40.024504000049149],[-75.111562999578808,40.024650999822136],[-75.111508000225527,40.024796999760468],[-75.111457999996816,40.024907000299173],[-75.111402999745238,40.025076000205942],[-75.11139299969949,40.025282000177334],[-75.111351999691593,40.025446000237487],[-75.111402999745238,40.025561000015124],[-75.111508000225527,40.025643000103074],[-75.11170900006698,40.025697999712534],[-75.11188300014426,40.02573399975811],[-75.112042999977831,40.025762000315446],[-75.112197999788535,40.025812000250269],[-75.112398999629974,40.025889999965294],[-75.112531999699371,40.025953999700185],[-75.112627999958832,40.026055000126995],[-75.112714999997479,40.026196000261628],[-75.112751999807401,40.026360999683156],[-75.112770000249043,40.026630999689303],[-75.112807000058979,40.026887999790375],[-75.112826000325555,40.02695999998226],[-75.1128439998689,40.027025000262235],[-75.112849999716687,40.027335000269218],[-75.112879999853902,40.027457000094223],[-75.112884000051864,40.027604999859726],[-75.112874999831035,40.027678000146331],[-75.112846000417036,40.027734000341503],[-75.112683000210424,40.02781999983933],[-75.112473000148142,40.027911000029732],[-75.112436000338221,40.028016000257317],[-75.112308000291705,40.02794799975495],[-75.112202999811402,40.027956999815252],[-75.112089000008581,40.02799800015115],[-75.111928000350105,40.027994000203392],[-75.111810000349323,40.02799800015115],[-75.111677000279926,40.028067000073712],[-75.111540000012582,40.028175999998545],[-75.111416000164027,40.02830900001797],[-75.111274999698708,40.028486999741659],[-75.111114000040246,40.028724999666707],[-75.111013999582795,40.028903999826191],[-75.110954000206661,40.029095999997736],[-75.110899999779988,40.029370000051806],[-75.110899999779988,40.029602999658664],[-75.110967999552045,40.029758999960222],[-75.111054999590692,40.029955000309585],[-75.111095999598561,40.030125000219698],[-75.111128000283941,40.030389999841496],[-75.111141999629325,40.030613999694815],[-75.111165000093848,40.030920000123437],[-75.111139000154594,40.03103799995791],[-75.111074999682174,40.031060999831929],[-75.109056999973404,40.031740999660713],[-75.108403000395441,40.031977999824512],[-75.108040000172281,40.032107999701026],[-75.107908999752709,40.032149999703421],[-75.107574000016953,40.032438999902872],[-75.107264000395546,40.03276999987397],[-75.106912000043039,40.03313499971285],[-75.106624000162967,40.033436000128468],[-75.10660499989639,40.033457999802842],[-75.106265999962659,40.033152999839018],[-75.105624999905174,40.033830999986129],[-75.105538999691433,40.03388399972679],[-75.105191000435212,40.033670999753539],[-75.103971000244471,40.034905000161991],[-75.104330000269684,40.035107999862404],[-75.104725000279885,40.035321000162241],[-75.103309000270585,40.036669999909094],[-75.102329000279369,40.037620000049706],[-75.102123000415034,40.037802000294903],[-75.101880999667372,40.03802299984131],[-75.101571999870899,40.038292999765282],[-75.101341999717121,40.038501999726414],[-75.10117900040882,40.038652000290874],[-75.100728000322107,40.039020000277851],[-75.100271000387636,40.039426000022559],[-75.099821999950748,40.039798999888276],[-75.099595000170012,40.039977999870047],[-75.099339000076981,40.040197999949321],[-75.099112000296259,40.04040500030731],[-75.098892000188229,40.040589999919384],[-75.098473999713491,40.040954999856702],[-75.097955999679627,40.041371000087686],[-75.096603000317828,40.042487000317166],[-75.097331000413959,40.042924000260129],[-75.097533999905238,40.043039000141562],[-75.097323000018051,40.043259999907292],[-75.097410999881589,40.04331800024368],[-75.09815400004635,40.043701000111888],[-75.098357000435939,40.043483000195728],[-75.098724999783641,40.043690000208514],[-75.098492999980053,40.043928000034576],[-75.099035000303374,40.044230000183916],[-75.099115999595909,40.04429200006269],[-75.099190999938969,40.044349000289763],[-75.099138000235541,40.044404999863175],[-75.100072000195993,40.04492400018043],[-75.100374000319789,40.044604999732535],[-75.100668999872568,40.044785000076075],[-75.101104999890651,40.045038000217765],[-75.101704000115376,40.04552000004221],[-75.102082000407165,40.045727999958224],[-75.104076999651369,40.04671500029179],[-75.104355000384018,40.046872999724783],[-75.104504000346935,40.047020999993087],[-75.104612000301984,40.047095000006749],[-75.104733999602388,40.047174000016362],[-75.104668000378481,40.047385000010948],[-75.104733999602388,40.047466000118909],[-75.104815999618168,40.047558000099343],[-75.104530000286218,40.047879000217222],[-75.105886000021073,40.048665999917837],[-75.105952999968224,40.048721000216041],[-75.106219000107018,40.048443999938463],[-75.106363000047054,40.048522999759953],[-75.106652999576966,40.048717000108297],[-75.107033000416877,40.048970000098173],[-75.107225999862408,40.04879800000883],[-75.107450000168399,40.048598999919669],[-75.107675000299295,40.048399000077495],[-75.107890000384444,40.048195000197872],[-75.108092000050803,40.047982000228224],[-75.108275000348911,40.047759000215102],[-75.108442999680094,40.047530000238041],[-75.108605000061786,40.047297999864178],[-75.108759999872504,40.047062999750516],[-75.108909999660312,40.046825999748911],[-75.109021999813308,40.04664099986563],[-75.109309999693394,40.046031000280564],[-75.109353000249428,40.045941999989701],[-75.109405999952884,40.045840000232019],[-75.109431000067232,40.045874000168197],[-75.110730999725575,40.046621999975549],[-75.110869999642759,40.046701999730203],[-75.110985000168796,40.04676900021753],[-75.111140999804405,40.046858000116387],[-75.11205499967339,40.047385000010948],[-75.112362999644958,40.047563000147036],[-75.112870999633074,40.047858000249278],[-75.112911999640957,40.047881999819161],[-75.114505999925512,40.048806000214526],[-75.115035999654935,40.049117999939568],[-75.117103999592416,40.050303999831193],[-75.118553000111987,40.051131999907327],[-75.118651999846193,40.05118599977218],[-75.118770999671881,40.051253999795811],[-75.119466999980972,40.05165300020586],[-75.119544999798777,40.051697000170137],[-75.120017999626796,40.051964000156779],[-75.120826999913788,40.052424999894207],[-75.121642999873487,40.052891000296079],[-75.122146999663642,40.053176999862075],[-75.122285999580811,40.052616000057675],[-75.121797999684176,40.052534999880933],[-75.12168300005645,40.052442999741665],[-75.121565000055668,40.052378000308373],[-75.121754000201548,40.051904999804187],[-75.121837000042248,40.051910000220666],[-75.122037000058768,40.050865000099598],[-75.121977999609243,40.050857000135565],[-75.121879999699942,40.050092999932659],[-75.121909000012252,40.049974000226527],[-75.122212999785887,40.050008999999868],[-75.122230000402638,40.04992999983763],[-75.122293000151799,40.049550000110521],[-75.122776000025581,40.049612999806428],[-75.123033999768438,40.048186000057626],[-75.12311699960911,40.047813000001511],[-75.123155999967167,40.047580000031395],[-75.123207000020798,40.047239000286325],[-75.123258999899335,40.046968000147693],[-75.125199999615205,40.047225999824725],[-75.125291999676705,40.046817999998517],[-75.126290000109577,40.046946000018075],[-75.12724300033662,40.047062999750516],[-75.128149999634601,40.047189000242852],[-75.128688999584867,40.047253999810891],[-75.128806999585635,40.046733000271786],[-75.128907000043057,40.04627999967358],[-75.128949999700779,40.046092000003327],[-75.128924999586403,40.046089000322624],[-75.129005999777263,40.045697000334961],[-75.129481999978324,40.045762999848613],[-75.130468999642261,40.045894000163173],[-75.13128299995212,40.045983999724214],[-75.132120999653097,40.04601800027622],[-75.132940999810756,40.046059000069917],[-75.134724000241192,40.046134000333119],[-75.134725999891032,40.045784999672314],[-75.134725999891032,40.045257999787097],[-75.134726999715923,40.044994999990799],[-75.134725999891032,40.044850999784963],[-75.134726999715923,40.044731999867643],[-75.134728000439154,40.043415999917421],[-75.134725999891032,40.043240999762638],[-75.134720000043231,40.042626000292778],[-75.134724000241192,40.042362000022884],[-75.134731999738804,40.042100000010372],[-75.13475000018046,40.041836999722889],[-75.134756999853167,40.041758999675281],[-75.134776000119729,40.041574999756165],[-75.134790000363424,40.041460000156341],[-75.134800000409157,40.04130699968831],[-75.134822999975384,40.041000999785503],[-75.134843999891785,40.040766999944573],[-75.134867000356309,40.040497000188282],[-75.134899000143363,40.040179000326873],[-75.134966999915434,40.039755999795808],[-75.135029999664624,40.039453999773535],[-75.135113000403621,40.03907400010884],[-75.135257000343671,40.038640000257857],[-75.135443999941401,40.03818300018002],[-75.135575000360987,40.037875999998683],[-75.135746000065197,40.037550000143504],[-75.135956999952413,40.037139000109306],[-75.136052000386968,40.036971999881324],[-75.136211000395619,40.036739000000104],[-75.13638600029779,40.03651300024918],[-75.136479000184224,40.036397999677533],[-75.136567000047762,40.03628899982386],[-75.136753999645521,40.0360680001601],[-75.136950000362418,40.035851999998989],[-75.137153999678588,40.035641000075735],[-75.137367000113926,40.035433999699201],[-75.137588000046861,40.035232999699232],[-75.137819000025544,40.035038000128836],[-75.138060000049975,40.034851999839205],[-75.138128999646952,40.034804999829916],[-75.138316999967927,40.034677999774594],[-75.138583000106706,40.034512999836871],[-75.138800999666586,40.034383999795132],[-75.138855000093272,40.034352999828698],[-75.139406999563988,40.034039999866408],[-75.139683999573421,40.033885999871906]]]},"properties":{"ZCTA5":"19120"}},{"type":"Feature","geometry":{"type":"Polygon","coordinates":[[[-75.130786999659549,39.99139699977723],[-75.130821999819645,39.991236999832033],[-75.129860000270099,39.991109999892608],[-75.128906000218151,39.990978999664314],[-75.128974999815128,39.990639999851183],[-75.127030999726202,39.990386000269154],[-75.126952000083506,39.990759999861694],[-75.126075000024429,39.990641999887515],[-75.125998000031544,39.990639999851183],[-75.126191000375385,39.990813000022911],[-75.126243000253936,39.990867000157806],[-75.126709000409264,39.991299999708907],[-75.126829000059828,39.991402999819492],[-75.127111000092157,39.991715999917311],[-75.12691500027357,39.991834000100759],[-75.126731000150556,39.991945000087313],[-75.124721999764319,39.990257000076426],[-75.1225810000319,39.988336999702398],[-75.122359000274059,39.988138000099063],[-75.122134999968083,39.987938999915968],[-75.121907000362441,39.98774199996268],[-75.121703000147946,39.987570999710371],[-75.121677000208663,39.987548000319961],[-75.121435000359341,39.987361999967789],[-75.121186999763907,39.987181000141682],[-75.120682000148832,39.986824000109415],[-75.120560999775009,39.986736999807235],[-75.120431999903573,39.986644000311088],[-75.120189000229331,39.986459000330079],[-75.119949000029834,39.986271000290031],[-75.119711000378445,39.986082000335962],[-75.119476000201814,39.98589099968369],[-75.119003000373795,39.98551099971688],[-75.11871999961825,39.985282000002243],[-75.11819800028475,39.984859999915059],[-75.117957000260333,39.984657000084702],[-75.117671000030057,39.984404999812163],[-75.117557000227251,39.984301000051438],[-75.117518999694099,39.98426799982294],[-75.117301000134219,39.984065999724578],[-75.116860000093254,39.983661999801114],[-75.116422000425331,39.98325899967984],[-75.116271999739183,39.983119999889439],[-75.116075000095691,39.982937999706643],[-75.116835999803797,39.98207199991797],[-75.115948999699,39.98137500021128],[-75.115061999594204,39.980678000277969],[-75.115201000409698,39.980603999803414],[-75.115537999795265,39.980428000119979],[-75.115804999758964,39.980287999907333],[-75.115768999773948,39.9802410001748],[-75.115531999947478,39.97997400027522],[-75.11550600000821,39.97999300014272],[-75.115458000327635,39.979938000185719],[-75.115434999863112,39.979911999765136],[-75.11531600003741,39.979778999735721],[-75.115225999625736,39.979825000297907],[-75.115048000248819,39.979624000321984],[-75.115007000240936,39.979578000312841],[-75.114680000002778,39.979212999681309],[-75.114653000238604,39.979183000306513],[-75.114381000252038,39.978875999683098],[-75.114316999779618,39.978803000201914],[-75.11427400012191,39.978753999752023],[-75.114314000304887,39.978728999761792],[-75.114165000341956,39.978547000273316],[-75.114243999984694,39.978507000025786],[-75.114209999649503,39.978467999951157],[-75.114193999755983,39.978449999856252],[-75.114110000090392,39.978358000291486],[-75.114039999770185,39.978395000034062],[-75.113944000409035,39.978291000074094],[-75.113885999784387,39.978223000279449],[-75.113847000324654,39.978175999814908],[-75.113778999654272,39.978096999752218],[-75.113720999927949,39.978127000292169],[-75.113586000208741,39.977973000088234],[-75.113662000376735,39.977931999988897],[-75.113626000391719,39.977889999660093],[-75.113602999927167,39.977862000114918],[-75.113397999887781,39.97763000029547],[-75.113349000382271,39.977656000207574],[-75.11329999997848,39.977599000016596],[-75.113124000251389,39.977391000269002],[-75.113079000045545,39.977329000168787],[-75.113029999641739,39.977261000105266],[-75.113433999872782,39.977050000054405],[-75.113330999940629,39.976928000305193],[-75.113278000237173,39.976864000033665],[-75.113227000183556,39.976802999676067],[-75.115651999598086,39.975525000270409],[-75.116682999642919,39.974984000082273],[-75.118067999690098,39.974275000020931],[-75.118030000055256,39.974156999797778],[-75.118025999857295,39.974137999684487],[-75.117864000373899,39.973969000328204],[-75.117789999855759,39.973919000279707],[-75.117657999611282,39.973832000066793],[-75.117435000028522,39.973682000199254],[-75.116911999971776,39.973331000103954],[-75.11674999959007,39.973281999860987],[-75.116272999564103,39.97315200014193],[-75.115617000336286,39.972960000242225],[-75.115004999692786,39.971851000073535],[-75.114100000044644,39.970405999660372],[-75.112887000424919,39.968531000020562],[-75.110513000165696,39.96950999990613],[-75.108451999900907,39.970309000080206],[-75.107670000276414,39.970612000079349],[-75.106754999684213,39.970967000216845],[-75.105076999734081,39.971595999871582],[-75.103042000306871,39.972257999782862],[-75.101351999762855,39.97271899984505],[-75.099180999893221,39.973258000206798],[-75.098463999667757,39.973413999873408],[-75.097389000140282,39.97370500012692],[-75.096372000339144,39.973981000031515],[-75.094557000121654,39.974231999939846],[-75.094014999798347,39.974337999706563],[-75.093469000175418,39.974445999819359],[-75.092491999658904,39.974613000244226],[-75.091541999804917,39.974775999947973],[-75.093417000296853,39.977166999885767],[-75.094880000161851,39.97903200029333],[-75.094675999947327,39.979069999858531],[-75.094425999702082,39.979115000022759],[-75.093671999666682,39.979271000087365],[-75.093025999586303,39.979400999869135],[-75.092992000149437,39.979404999911466],[-75.092694000223588,39.979438999917456],[-75.09233900039635,39.979476999944687],[-75.091940000188188,39.97951399976975],[-75.091673000224489,39.979565000035301],[-75.091448999918498,39.979607000022916],[-75.091038000014763,39.979719000093191],[-75.090605000369735,39.979887999685786],[-75.090377999690688,39.979971999926555],[-75.089827000044878,39.980176000081322],[-75.088936999567025,39.980437000251712],[-75.086224000272395,39.981176999758262],[-75.083781000416195,39.982457999879308],[-75.084813000285948,39.983593999844857],[-75.084834000202349,39.983620000241025],[-75.087056999950519,39.986146000233269],[-75.087850000343991,39.987069999984477],[-75.088173000384188,39.987428000172912],[-75.08850899994485,39.987808999860349],[-75.088708999961383,39.988035999939271],[-75.08876099983992,39.988094999793844],[-75.088912000350987,39.988267000163944],[-75.088847000053661,39.988317000038244],[-75.088621000097831,39.988506000003255],[-75.089068999811502,39.989014999857673],[-75.089411000118261,39.988833000237207],[-75.089616000157676,39.989063999831494],[-75.090172999651273,39.989693000166092],[-75.090735000066076,39.990328999685858],[-75.091216000290018,39.990879999661388],[-75.088781999756335,39.992153000264544],[-75.088990999993698,39.992391000279298],[-75.089702000371403,39.993217000131111],[-75.090146999712019,39.99372200008731],[-75.090519999980913,39.994141999864226],[-75.091470999659819,39.99521599991472],[-75.092136000006761,39.994995000024666],[-75.092705999919161,39.995078000319488],[-75.093080999837895,39.995363000149311],[-75.094522999786463,39.994603000254187],[-75.094607000350365,39.99469999976084],[-75.095557000204352,39.995796000101727],[-75.094240999754163,39.996492999950206],[-75.094778000054603,39.997297000112169],[-75.094819000062472,39.998196999890624],[-75.095190999608164,39.998443000096515],[-75.095245999859742,39.998413000219536],[-75.097066000100085,39.997518000122689],[-75.097261999918672,39.997718999754092],[-75.097949000006921,39.998495999800994],[-75.09842299965986,39.999067999811373],[-75.098979000226848,39.99968799988271],[-75.099221000076199,39.999948999828412],[-75.098896000386191,40.000161999796255],[-75.099263999733921,40.000586000057993],[-75.099370999864036,40.000631999684586],[-75.099509999781191,40.00078999990145],[-75.099554000162115,40.000906999678364],[-75.100084999716458,40.000977000025458],[-75.099913000187328,40.001739000261814],[-75.100500999643074,40.001816000114239],[-75.100839999576777,40.001859000038742],[-75.101176000035764,40.00190299978938],[-75.102864000031644,40.002120999793583],[-75.103083000314754,40.002150000256208],[-75.10181100024549,40.002863000115411],[-75.101659999734451,40.002995000093826],[-75.101617999901649,40.003142000097846],[-75.101714000161124,40.003156999687228],[-75.102320999883446,40.003235999672349],[-75.103602999998458,40.003402999914961],[-75.103720999999211,40.003479999955125],[-75.103854000068608,40.00356599974544],[-75.104670000028293,40.004481000144104],[-75.105665000088138,40.004030999799667],[-75.105335000375248,40.005517999808426],[-75.106024999938242,40.005497999670588],[-75.106660000147983,40.005479999816743],[-75.107351000434193,40.005471000232113],[-75.108035999974319,40.005430999922993],[-75.108627999628013,40.005403999769918],[-75.109371999617679,40.005392000080725],[-75.113483000276602,40.005927000172541],[-75.119298999751479,40.00667900031393],[-75.121989000378207,40.007037000243173],[-75.122718000299258,40.007133999977626],[-75.123424999580692,40.007211999713789],[-75.125178999698804,40.0074440002195],[-75.127286999819248,40.007694999668011],[-75.127818000271887,40.005262000216291],[-75.127862999579435,40.00505700016523],[-75.128021999588086,40.004327999988234],[-75.12738800010159,40.004248000071513],[-75.127426999561322,40.00406300029217],[-75.12772100018752,40.004018999869203],[-75.12781300024902,40.003669999763176],[-75.127920000379163,40.003184000040832],[-75.1279389997474,40.003071000069852],[-75.128281999879079,40.003116000251211],[-75.128332000107804,40.002879000293206],[-75.128152000182752,40.002868999838469],[-75.127972000257685,40.002838000002114],[-75.128132000091242,40.002156000041914],[-75.12825699976473,40.001654000091506],[-75.128276000031306,40.001578999772427],[-75.128291999924826,40.001514000025637],[-75.128332000107804,40.001325000272722],[-75.12845699978125,40.000727999703194],[-75.128524999553321,40.00035500020774],[-75.128487999743413,40.000351000015797],[-75.128542000170071,40.00008199981518],[-75.128553999865645,40.00001999966215],[-75.128592000398797,39.999843999764551],[-75.128623000360918,39.999847999986201],[-75.128679000437444,39.999516999946849],[-75.128660000170868,39.999514000282183],[-75.128733999790697,39.999204999708951],[-75.128839000270986,39.998826000074104],[-75.129090000341165,39.998858000253499],[-75.129190999725196,39.998859000151349],[-75.129260000220484,39.998538999751808],[-75.129379000046157,39.998019000291251],[-75.129457999688881,39.997618000054345],[-75.12893499963215,39.997545999870574],[-75.129080000295431,39.996883999956509],[-75.129324999619499,39.996917000284043],[-75.129398000312747,39.996573000006947],[-75.129456999863976,39.99629400002199],[-75.129620000070588,39.995548000102509],[-75.12963900033715,39.995424999713279],[-75.129671999949124,39.995202999860027],[-75.129882999836312,39.995171999984287],[-75.129983000293748,39.995132999787671],[-75.129890000407329,39.995072999865144],[-75.12918499987741,39.994528999722007],[-75.128375999590403,39.993867000154744],[-75.128291999924826,39.993739000315259],[-75.128553000040739,39.993577999687211],[-75.128748000034406,39.993457999810104],[-75.128888999601401,39.993370999698513],[-75.129280000311965,39.993698000041761],[-75.129496000222034,39.993868000125666],[-75.129703999736179,39.993899999875538],[-75.129933000065037,39.993927999730438],[-75.130186999609933,39.992762999930804],[-75.130249000432528,39.992432999952904],[-75.130258999579965,39.992378999679602],[-75.130121000386012,39.992361999801375],[-75.130195999830775,39.992005000004887],[-75.130278999671447,39.991611000270829],[-75.130727000283414,39.991669999790524],[-75.130786999659549,39.99139699977723]]]},"properties":{"ZCTA5":"19134"}},{"type":"Feature","geometry":{"type":"Polygon","coordinates":[[[-75.216122999961982,39.909636999952625],[-75.214927000060698,39.901615999928715],[-75.211807000161983,39.897800999775903],[-75.211761999956124,39.897746999878414],[-75.20812400002356,39.895674999929525],[-75.205804000191009,39.894934000135414],[-75.198744000235934,39.893113999804719],[-75.197344999945059,39.892646999739966],[-75.197259999556238,39.892617999687118],[-75.195513999834048,39.891840000248543],[-75.195338000106943,39.892430000116306],[-75.195877999882114,39.892903000007152],[-75.196165999762201,39.893113999804719],[-75.196238999557139,39.893365000083392],[-75.195579000131389,39.897940000005498],[-75.195420999947629,39.899029999721812],[-75.195938000156573,39.899926999829006],[-75.196923000170671,39.900883999856013],[-75.196687000169106,39.90085699974901],[-75.194538999865685,39.902499000256384],[-75.193651999760903,39.902386999830398],[-75.193660000156811,39.902352000176577],[-75.193664000354772,39.902316999815724],[-75.193671999852384,39.902282000126142],[-75.193676999875251,39.902247999662393],[-75.193681999898132,39.902212000004198],[-75.193722999906001,39.90196799998489],[-75.193731000301923,39.90193300011704],[-75.19373499960156,39.901898000231313],[-75.19376999976167,39.901687999852406],[-75.193774999784537,39.901653999783001],[-75.193782000355554,39.901617999812778],[-75.193793000226222,39.901549000333802],[-75.193844000279839,39.90119900008888],[-75.193860999998265,39.901059000317325],[-75.193867999670957,39.90098900032423],[-75.193870000219107,39.900953000004634],[-75.193872999693838,39.900848000170399],[-75.193872999693838,39.900812999730469],[-75.193874000417068,39.900777999961818],[-75.193871000044027,39.900637000062922],[-75.193869000394201,39.900601000247491],[-75.193866999846065,39.900567000327889],[-75.19386299964809,39.900495999873883],[-75.193860000173359,39.90046099994332],[-75.193857999625223,39.900425999994823],[-75.193850000127625,39.900356000044297],[-75.193849000302706,39.90033800006514],[-75.193835999883902,39.900219999778471],[-75.193834000234091,39.900187000321871],[-75.193828000386304,39.900153000196852],[-75.193819999990382,39.900085999860607],[-75.193809000119728,39.900020000113294],[-75.193800999723805,39.899986999871253],[-75.193794999876033,39.899953000336168],[-75.193772000309821,39.899853000186937],[-75.193723999730921,39.899688999764081],[-75.193713999685173,39.89965500008114],[-75.193705000362669,39.899623000323565],[-75.193651999760903,39.899460000012972],[-75.19363900024041,39.899426000216408],[-75.193629000194676,39.899393999662728],[-75.193592000384768,39.899297000003784],[-75.193553999851602,39.899200000207486],[-75.193537999958082,39.899168000237488],[-75.193526000262509,39.899137000230752],[-75.193510000369002,39.89910400025262],[-75.193496999950213,39.899072000237794],[-75.193450000094529,39.898977000084152],[-75.193399000040912,39.898884999744539],[-75.193363000055911,39.898823000150124],[-75.193346000337456,39.898791999987324],[-75.193250999902901,39.898639000312258],[-75.193230999811419,39.898609000052133],[-75.193209999895032,39.898578999778856],[-75.193171000435271,39.898518999882157],[-75.19310799978777,39.898430000271645],[-75.193019999924232,39.89831400012573],[-75.192994999809869,39.898285999704633],[-75.192972000243643,39.898256999970187],[-75.192846999671872,39.898117999694442],[-75.192795999618241,39.898063000052822],[-75.192772000227109,39.898034000224065],[-75.192722999823303,39.89797999982099],[-75.192699000432157,39.897950999957054],[-75.192648000378554,39.897895000185144],[-75.192530000377772,39.897752999869127],[-75.192508999563074,39.897723999909132],[-75.192433000293391,39.897600999942497],[-75.192425999722374,39.897576999923267],[-75.192073000443287,39.896495999990712],[-75.19206599987227,39.896472000273711],[-75.192054000176711,39.896436000337843],[-75.192048000328924,39.896421000071818],[-75.192034999910135,39.896381000035532],[-75.19194000037389,39.896089000235207],[-75.1915470000135,39.896251000273359],[-75.190649000038036,39.896618999873048],[-75.190100999866942,39.896777999998896],[-75.189992999911922,39.896809999706569],[-75.189879000109102,39.896774999960925],[-75.189552999695877,39.896694000264446],[-75.189219999609932,39.896641000198507],[-75.18888200039946,39.896596000214394],[-75.188541999742512,39.896569999811881],[-75.188200000334078,39.896584000029847],[-75.18785899985221,39.896608999722716],[-75.187519000093587,39.896636000125135],[-75.187182999634601,39.896682000097073],[-75.186850000446995,39.896740000197404],[-75.18651800018597,39.896799000261012],[-75.186185000100039,39.896860000296755],[-75.185189000215303,39.897048000121792],[-75.182871000032563,39.897501999808995],[-75.180555000397973,39.897965999888193],[-75.180224999786788,39.898033000229717],[-75.179893000424073,39.898098999823212],[-75.179562999812873,39.898166000034713],[-75.179023000037716,39.898272999825217],[-75.178571000126098,39.898364000307794],[-75.177906999604048,39.898494000196798],[-75.177576000066253,39.898556000088867],[-75.177242000155402,39.898612999995656],[-75.176903000221714,39.898652000122247],[-75.176561999739846,39.89866599991489],[-75.176222999806129,39.898643000254047],[-75.175884999697331,39.898606000094311],[-75.175570999877976,39.898568999914595],[-75.175318999982892,39.898539000312994],[-75.174959000132787,39.898488000270959],[-75.174918000124904,39.898603000136362],[-75.174857000025526,39.898900000160367],[-75.174832999736097,39.899035000309638],[-75.174819000390698,39.899115000017389],[-75.17480799962172,39.899178999991932],[-75.174780999857546,39.899333999790429],[-75.174657999833912,39.899924999895589],[-75.174590000061841,39.900254999832129],[-75.174486000304768,39.900765999820415],[-75.174394000243268,39.901224000165669],[-75.174353000235371,39.90152900009231],[-75.174005999905745,39.902911000149658],[-75.17391200019442,39.903480000224285],[-75.173858999592653,39.903681999951161],[-75.173831999828479,39.903789999997478],[-75.17376800025437,39.904033999730551],[-75.17372300004854,39.904253000321312],[-75.173557000367182,39.905047999660233],[-75.173542000298568,39.905226000180335],[-75.17353599955247,39.905389999754725],[-75.173533000077725,39.905593999820283],[-75.173492999894762,39.906702000133336],[-75.173487000046975,39.90675499999778],[-75.173481000199189,39.906940999821558],[-75.173447999688932,39.907157999666879],[-75.173234000327,39.908001999941007],[-75.173073999595104,39.908718000286939],[-75.173035999960263,39.908913000192229],[-75.172972000386167,39.909241999731819],[-75.172953000119605,39.909350999800488],[-75.172710000445363,39.910480000190475],[-75.172686999980812,39.910576999866166],[-75.172409000146473,39.911729000131032],[-75.172318999734784,39.91211699989239],[-75.172282999749768,39.912281999982561],[-75.172271000054209,39.912332000307252],[-75.172252999612539,39.912387999993683],[-75.172236999719019,39.912467999958444],[-75.172136000334987,39.912986000311314],[-75.172095000327118,39.91320300030042],[-75.171886000089742,39.914226999900876],[-75.1718769998689,39.914255999766254],[-75.17189399958734,39.914314999905827],[-75.1719250004478,39.914373000238697],[-75.171816999594455,39.914883999659146],[-75.171695000294022,39.915480999803847],[-75.17142300030747,39.916757000239585],[-75.171394999820052,39.916885000241237],[-75.171310000329569,39.917269000188732],[-75.17112200000858,39.918151999948606],[-75.170854000219975,39.919409999743593],[-75.170581000408504,39.920653000069116],[-75.170309000421952,39.921885000325382],[-75.170023000191676,39.923138000227553],[-75.169743999634107,39.924408999793386],[-75.16949900031004,39.925531000065199],[-75.169494000287159,39.925595999754478],[-75.169228000148379,39.926805999660473],[-75.168956000161828,39.928035000065186],[-75.168818999894469,39.928657999856931],[-75.168689000198128,39.929256000008507],[-75.168423000059349,39.930464999767139],[-75.168922999651528,39.930544999968831],[-75.168865999750153,39.930817999884248],[-75.169202000209111,39.930864000325499],[-75.169279000202025,39.930874999812467],[-75.16998800003158,39.930965999696177],[-75.170048000306025,39.930693999888575],[-75.170388999889568,39.930739000207375],[-75.170347000056779,39.930968000101018],[-75.170573999837515,39.930997999967147],[-75.171014999878466,39.931057000147717],[-75.171238000359537,39.931086999974831],[-75.171281999842151,39.930851999943826],[-75.171628000346871,39.93089400023721],[-75.172173000144909,39.930972999735204],[-75.172631999729234,39.931030999735839],[-75.173189999946075,39.931103999939921],[-75.173516000359285,39.931146000078733],[-75.173461999932613,39.931393000078174],[-75.173692999911296,39.931422999758034],[-75.174108999837912,39.931475999780289],[-75.174163000264585,39.931490999948075],[-75.174212999594985,39.931504999918076],[-75.174390999870212,39.931528000256144],[-75.174706000412797,39.931567000242651],[-75.174764000139106,39.931306999683066],[-75.175084999631167,39.931348999697271],[-75.175031000102805,39.931591000064351],[-75.175269999579086,39.931617999767624],[-75.175729999886642,39.931671000327746],[-75.175781999765164,39.931436000235173],[-75.176336999608949,39.931504999918076],[-75.176893000175951,39.931585000281935],[-75.177350999935356,39.931643999956528],[-75.177909999977103,39.931720000081221],[-75.178454999775141,39.931786999785835],[-75.178886999595264,39.931840999715902],[-75.179317999590495,39.931891999725522],[-75.179535000223794,39.931917000310655],[-75.179510999934351,39.932037000099101],[-75.17948699964488,39.932168999830097],[-75.179775000423305,39.932215000052231],[-75.179871999609375,39.932231000242076],[-75.181035999723605,39.932382999792331],[-75.181090000150263,39.932118000026833],[-75.181419000038247,39.932160999728382],[-75.181323999603691,39.932588999722682],[-75.181749999576041,39.932643999886785],[-75.181790999583924,39.932465000179988],[-75.182943999827501,39.932612999874877],[-75.183026999668186,39.932623999769618],[-75.183428000424485,39.932678999905598],[-75.18436099966172,39.932794000234985],[-75.184406999692484,39.932545000110657],[-75.184704999618305,39.932584000206532],[-75.185288999774414,39.932650999754202],[-75.185797999587436,39.932728000315151],[-75.186500999569205,39.932813000127041],[-75.186548000323199,39.932818999801825],[-75.187190000205618,39.932900999667091],[-75.187608999606965,39.932952000264564],[-75.188114999945256,39.933013999967322],[-75.188668999964122,39.933089999948464],[-75.189140000142316,39.933155000037573],[-75.189688000313396,39.933226999873519],[-75.190235999586164,39.933290000184428],[-75.190698000441841,39.933357999897339],[-75.191260999783239,39.933423999898508],[-75.191789999687742,39.933496000140252],[-75.192284000330474,39.933555000234101],[-75.19282599975547,39.933627999812757],[-75.193373999926536,39.933701000002436],[-75.193874000417068,39.933770000157303],[-75.194408000344438,39.933822000267966],[-75.194924999655072,39.933903000149719],[-75.195188000319121,39.933938999683726],[-75.195436999841149,39.933973000259435],[-75.195970999768548,39.934037000041251],[-75.196502000221187,39.93410900032697],[-75.197021999904877,39.934175999759489],[-75.197536999565671,39.934232000180693],[-75.19923999963018,39.934462999711712],[-75.199503000294214,39.934508000307893],[-75.199513000339962,39.934423999997669],[-75.199622999944808,39.933805000289098],[-75.199729000250031,39.93326900008725],[-75.19982200013645,39.932919000044386],[-75.199834999656915,39.932873999781123],[-75.199854999748396,39.932659999976345],[-75.199843999877743,39.932446999683286],[-75.199812000090688,39.932302000178261],[-75.199766999884844,39.932157999862241],[-75.199756000014204,39.932120999894771],[-75.199714000181416,39.932037000099101],[-75.199679000021305,39.931963000013347],[-75.19964899988409,39.931912000056641],[-75.199831000357278,39.931956000075573],[-75.200007999909289,39.931997000193029],[-75.200378999630047,39.932086000279469],[-75.200477000437644,39.93209899994185],[-75.202392000214232,39.932504999812558],[-75.203896999912018,39.932845000223359],[-75.204223000325271,39.932852000070213],[-75.204645999924566,39.932997999960513],[-75.204951000421417,39.933007000136982],[-75.204829000222659,39.933253000140056],[-75.204588000198243,39.93374500024899],[-75.204469000372541,39.933991999824208],[-75.204363000067346,39.93424299981524],[-75.204254000287406,39.934491999961516],[-75.204116000195143,39.934733000089714],[-75.203951000338691,39.934963999996178],[-75.203763000017716,39.935184000330288],[-75.203546000282728,39.935386999682478],[-75.203310000281192,39.935578000257017],[-75.203065000058814,39.935762000061217],[-75.20281200033881,39.93593999997001],[-75.202563999743376,39.936119999670161],[-75.202476999704757,39.936181999947067],[-75.201074000114218,39.93720199986101],[-75.201351999948571,39.93705499987103],[-75.201633999980885,39.936903999791504],[-75.202193999847537,39.936602000010566],[-75.202478000427973,39.936453999987094],[-75.202762999935004,39.936310000141091],[-75.203053000363226,39.936172000061759],[-75.203362000159728,39.936056999897865],[-75.20368000017703,39.935958000236873],[-75.204000999669091,39.935868000232965],[-75.204065999966417,39.935851000073484],[-75.204323999709274,39.935784999657535],[-75.204686000107543,39.935697999826047],[-75.205632999588488,39.935473999909313],[-75.205723000000162,39.935452999793448],[-75.206071999979613,39.935371000230404],[-75.206101000291937,39.935281000143377],[-75.206173000261941,39.935067000287617],[-75.206204000224076,39.934974000058041],[-75.206322000224873,39.934758999784144],[-75.206549999830486,39.934443000126066],[-75.206836999885681,39.934086000167419],[-75.20743299973735,39.933513000195873],[-75.207478999768114,39.933522000304613],[-75.208705999631533,39.931531000149903],[-75.211253000143103,39.928518999954669],[-75.211305000021639,39.928396000167616],[-75.212428000128,39.925229999989426],[-75.212057000407228,39.923562000281898],[-75.210790000360831,39.922095000107184],[-75.208525999706467,39.92103300023296],[-75.203395999596594,39.921007000147526],[-75.201700000103116,39.919834000147652],[-75.20209000009045,39.918555000085945],[-75.204147999982183,39.915073000074031],[-75.204342000150945,39.914772000187924],[-75.204471000022366,39.914573000035844],[-75.205500000417402,39.913039999912442],[-75.205717999977281,39.912717000068987],[-75.20637699957814,39.911772000235999],[-75.206841000083642,39.911186000040701],[-75.212148999570417,39.911151000058481],[-75.213906000061584,39.911071999737651],[-75.214540000446405,39.910660999808229],[-75.216122999961982,39.909636999952625]]]},"properties":{"ZCTA5":"19145"}},{"type":"Feature","geometry":{"type":"Polygon","coordinates":[[[-75.214479000347026,40.050662999689145],[-75.214553999791789,40.050460000225911],[-75.214435999791021,40.050260000342924],[-75.214388999935352,40.050146999933013],[-75.214246999645127,40.049916999889184],[-75.214123999621478,40.049660999764875],[-75.213885000145183,40.049516999788175],[-75.213640999747724,40.049371999661815],[-75.213377000157095,40.049214999679869],[-75.213471999693326,40.049194999971569],[-75.213434999883404,40.049059999724051],[-75.213439999906285,40.048910000052352],[-75.213460999822672,40.048719999673366],[-75.213403000096349,40.048598999919669],[-75.213249999935456,40.048453000044596],[-75.213064999987537,40.048376999722095],[-75.212905999978886,40.048291999876334],[-75.212864000146098,40.048191000059262],[-75.212794999650797,40.048170000187483],[-75.212663000304644,40.048040999850627],[-75.212177000057849,40.047802000073951],[-75.211664000046852,40.047401999939694],[-75.211550000244017,40.047276999717248],[-75.211460999657248,40.047102999724622],[-75.211473000251132,40.047008000177549],[-75.211493000342628,40.046898000210838],[-75.211520999931707,40.046855999664061],[-75.211619999665913,40.046724999822793],[-75.211663000221932,40.046637000323514],[-75.21170099985676,40.046569999706449],[-75.211734000367045,40.04649200025996],[-75.211773999651712,40.046360999719205],[-75.211818000032636,40.046225000156568],[-75.211837000299212,40.046130000073568],[-75.211858000215614,40.046016999693926],[-75.211916999766828,40.045792000333677],[-75.211941999881191,40.045700000032916],[-75.21194299970611,40.045631000069761],[-75.211958999599617,40.045527999944923],[-75.211982999889074,40.045452999702718],[-75.211991000284996,40.045325000318243],[-75.21200100033073,40.045184999749225],[-75.212006000353611,40.045063000001413],[-75.212008000003422,40.044949999916156],[-75.21201800004917,40.04481999976295],[-75.212043999988438,40.044577000033698],[-75.212047000361494,40.044459000243343],[-75.212045999638264,40.044335000045358],[-75.212038999965557,40.044200999722108],[-75.212013000026303,40.044056999902196],[-75.21198899973686,40.043943000287598],[-75.2119560001249,40.043876999699691],[-75.211936000033404,40.043778000073445],[-75.211906999721094,40.043710000156551],[-75.211847000344946,40.043604000090156],[-75.211801000314196,40.04350599999897],[-75.211755000283446,40.043420000336226],[-75.21170099985676,40.043348000327185],[-75.211693000359148,40.04330299985314],[-75.211674999917506,40.043247000062273],[-75.211607999970354,40.043237000021108],[-75.211556999916723,40.043213000191329],[-75.211503000388362,40.043180000239765],[-75.211455999634381,40.043127000158989],[-75.211428999870193,40.043087999852695],[-75.211397999908058,40.043033999762038],[-75.211339000356844,40.042967999669557],[-75.211305999846559,40.042924000260129],[-75.211265999663595,40.042892000109134],[-75.211244999747194,40.042832000215341],[-75.211241000447558,40.042773000210993],[-75.211228000028754,40.042731999816546],[-75.211203999739297,40.042693999915393],[-75.211172999777162,40.042668000006984],[-75.211125999921492,40.042633999847347],[-75.211045999555566,40.042543000044539],[-75.21099299985211,40.042487000317166],[-75.210947999646265,40.04241799985293],[-75.210910000011424,40.042340999730847],[-75.210868000178635,40.042244999787322],[-75.210831000368728,40.042171999961894],[-75.210798999683348,40.042086999944182],[-75.210781999964908,40.042023000216894],[-75.210787999812709,40.041968999970457],[-75.210764000421577,40.041935000149941],[-75.21071099981981,40.04184000027842],[-75.210672000360063,40.041767999976308],[-75.210643999872659,40.041714000215656],[-75.210627999979124,40.04162900031465],[-75.210611000260698,40.04154800014863],[-75.2105839995982,40.041466999886332],[-75.210554000359281,40.041407000113992],[-75.210531999719677,40.041347000288802],[-75.210468000145568,40.041224999862514],[-75.21042899978751,40.041132000309823],[-75.210417000091923,40.041067999686113],[-75.210413999718881,40.04099499997595],[-75.210417999916842,40.040928999972891],[-75.21041200006907,40.040885999905242],[-75.210396000175535,40.040827000280117],[-75.210431000335646,40.04078900000497],[-75.210412999893961,40.040734000184564],[-75.210397000000455,40.040677999659096],[-75.210374000434228,40.040639999988599],[-75.21031300033485,40.040611000062995],[-75.210284999847445,40.040579000201852],[-75.210244999664482,40.040520000311083],[-75.210206000204735,40.040451999895758],[-75.210167999671597,40.040394999849305],[-75.210114000143236,40.040326000018901],[-75.210073000135338,40.040270999825026],[-75.210024999556452,40.040202999849072],[-75.209972999677916,40.04011500018408],[-75.209900999707884,40.039981999802819],[-75.209842999981589,40.039896999805897],[-75.209786000080172,40.03982100026105],[-75.209735000026541,40.039747999903511],[-75.20966800007939,40.039664000290493],[-75.209556999751314,40.039502999997879],[-75.209508000245833,40.039428999996431],[-75.209437000100692,40.039326000130252],[-75.209376000001356,40.039232000056515],[-75.209287000312884,40.039127999897119],[-75.209181999832595,40.038995000341629],[-75.209083000098389,40.0388969998154],[-75.208977999618085,40.038771999817079],[-75.2088510002948,40.038627000219684],[-75.208743000339751,40.038522999825311],[-75.208611999920194,40.038414999935597],[-75.208556999668602,40.038358000249644],[-75.208529999904428,40.03832199998903],[-75.208469999629969,40.038266000233683],[-75.208411999903646,40.038229999924503],[-75.208335999735667,40.038191000255871],[-75.20826700013869,40.038159999956697],[-75.208091000411599,40.038086999884314],[-75.208023999566137,40.038050000156893],[-75.207933000227854,40.038002000276201],[-75.207864999557472,40.037960999763847],[-75.207775999869014,40.037897000290371],[-75.207713999944744,40.037851000330811],[-75.207580999875333,40.037784000020196],[-75.207509999730249,40.037739000000443],[-75.207430000262605,40.03768599981688],[-75.207267999880898,40.037588000160454],[-75.207190000063093,40.037534999859481],[-75.207129999788634,40.037473000026104],[-75.207048999597788,40.03739999990605],[-75.206979000175906,40.03733899997183],[-75.206923999924314,40.037282000074242],[-75.206884999566256,40.037235999699817],[-75.206845000281604,40.03717899971609],[-75.206794000227973,40.037119000297132],[-75.206759000067876,40.037065000293531],[-75.20670700018934,40.036991999736664],[-75.206661999983496,40.036913000308431],[-75.206584999990611,40.036834000100946],[-75.206529999739018,40.036762000014981],[-75.206478999685388,40.03667500006754],[-75.20640900026352,40.03650399994229],[-75.206352000362102,40.036377000299801],[-75.206327000247754,40.036297000121962],[-75.206299999585255,40.03623099969824],[-75.206237999660971,40.03609299979388],[-75.206199000201224,40.036036000230354],[-75.20615599964519,40.035986000224092],[-75.206111000337685,40.035923000315293],[-75.206052999713037,40.035872000182735],[-75.206022999575822,40.035813999702462],[-75.205988000314022,40.035755999860598],[-75.205981999567925,40.035702000153243],[-75.205984999940981,40.035657000135181],[-75.205984000116061,40.035616000276306],[-75.205986999590806,40.035568000057893],[-75.205978000268288,40.035529000242441],[-75.20595200032902,40.035483000061092],[-75.205923000016696,40.035425999987709],[-75.205883999658639,40.035372000019052],[-75.205842999650756,40.035299999765058],[-75.205799999993047,40.03524400027915],[-75.205758000160259,40.035193000326615],[-75.205703999733586,40.035145999864575],[-75.205610000022261,40.035057999863554],[-75.205569999839284,40.035030999738879],[-75.205514999587706,40.035010999996238],[-75.20535099955616,40.034972999918892],[-75.205261000042796,40.034947999874532],[-75.205177000377205,40.034935999877511],[-75.204978000185577,40.034903000046754],[-75.204866000032595,40.034879000034749],[-75.204676999886701,40.034855000014311],[-75.204548999840171,40.034832000044076],[-75.204457999603591,40.034811000184128],[-75.204333999755022,40.03477899966456],[-75.204229000173044,40.034754000236894],[-75.20407799966199,40.034728000052091],[-75.203972000255092,40.034714999955945],[-75.203870000147845,40.034707000160076],[-75.203798000177812,40.034711999774686],[-75.203703999568177,40.034720000257735],[-75.203610999681743,40.034735999845452],[-75.203516000145513,40.034765000206271],[-75.203426999558729,40.03480000022217],[-75.203361000334809,40.0348299999267],[-75.203231999565077,40.034871000258114],[-75.20317600038689,40.034891000041817],[-75.203136000203926,40.034944999703526],[-75.203087999625041,40.034991000247778],[-75.203035999746476,40.035061000029593],[-75.202983000043048,40.035126000155664],[-75.202923999593494,40.035177000158299],[-75.20289199980644,40.035214000068933],[-75.202819999836407,40.035315999904462],[-75.202793999897168,40.035349000223178],[-75.20276700013298,40.035388000141559],[-75.202741000193711,40.035421999787687],[-75.202695999987853,40.035464999862057],[-75.202649000132197,40.035502999665255],[-75.202599999728392,40.035559999674277],[-75.202566000291512,40.035607999898318],[-75.202510000215028,40.035665999866048],[-75.202476999704757,40.035694999831392],[-75.202448000290758,40.035736000330623],[-75.202423000176395,40.035785999832385],[-75.202405999559645,40.03582899967725],[-75.202383999818323,40.035877999755265],[-75.202355000404324,40.035932000011059],[-75.202321999894053,40.03599099974489],[-75.202275999863303,40.036040999747549],[-75.202251999573846,40.036075999796331],[-75.202217000312061,40.036133000014217],[-75.202196000395674,40.036159999702598],[-75.202172000106216,40.036191000223184],[-75.202115000204813,40.036244000193143],[-75.202059999953235,40.036291999935749],[-75.202018999945338,40.036331000002647],[-75.201951999998187,40.036391000114918],[-75.201895999921703,40.036433000230879],[-75.201848000241128,40.036466000009078],[-75.201818000103898,40.03648299990941],[-75.201729000415426,40.036517999731345],[-75.2016640001181,40.036540999820701],[-75.201572000056601,40.036562999869048],[-75.201535000246679,40.036567000002144],[-75.201475999797125,40.036559999769089],[-75.201421000443858,40.03655600032338],[-75.201269000107899,40.036510000147011],[-75.201232000297964,40.036479999805934],[-75.201217000229349,40.036451000174409],[-75.201193999764826,40.036414000247113],[-75.201157999779809,40.036383999863794],[-75.201114000297181,40.036369000011085],[-75.201058000220698,40.036356000227805],[-75.201017000212815,40.036341999717706],[-75.2009870000756,40.03630699980539],[-75.200968999633929,40.036273999950261],[-75.200934000372129,40.03623799996501],[-75.200904000234914,40.036210000269087],[-75.200857000379244,40.036159999702598],[-75.200817000196281,40.036108999747277],[-75.200802999952586,40.036067000119566],[-75.200772999815342,40.036029999983931],[-75.200763999594514,40.0360020002026],[-75.20076500031773,40.035971000283837],[-75.200782999861076,40.035924999712869],[-75.200787999883957,40.035875999668569],[-75.200790000432093,40.035845999736374],[-75.200818000021201,40.03582899967725],[-75.200809999625264,40.035785999832385],[-75.200832000264882,40.035756999905743],[-75.200838999937574,40.03570400024504],[-75.20081299999832,40.035653999995354],[-75.200768999617381,40.035596000017421],[-75.200742999678113,40.035556000169962],[-75.200730000157634,40.035529000242441],[-75.200715000089033,40.035503999714109],[-75.200689000149751,40.035476999765997],[-75.200640999570879,40.035433999699201],[-75.200585000392692,40.035370999968265],[-75.200544000384795,40.035309000230839],[-75.20051300042266,40.035263999953457],[-75.20046700039191,40.035227000069959],[-75.200406000292546,40.035160999986282],[-75.20035600006382,40.035082999867591],[-75.200322999553549,40.035004999659627],[-75.200289999941589,40.034934999820337],[-75.200248999933706,40.034869000141875],[-75.200213999773595,40.034797000044648],[-75.200209999575648,40.034767999697443],[-75.200187000009421,40.034736999905554],[-75.200151000024405,40.034669999974426],[-75.200108000366711,40.034613999971192],[-75.200064999810692,40.03446600028181],[-75.20002299997789,40.034356000025753],[-75.200016000305212,40.034287000274773],[-75.200029999650596,40.034242000010842],[-75.200019999604848,40.034202000056986],[-75.199951999832777,40.034003000006656],[-75.199936999764162,40.033947000143563],[-75.199914000197936,40.03384100003116],[-75.199913000373044,40.03377099968494],[-75.199923000418778,40.03368999981366],[-75.199944000335179,40.033598999767129],[-75.199961999878525,40.03350099973995],[-75.199990000365929,40.033405999810746],[-75.200032000198718,40.033303999869808],[-75.200065999635612,40.03318200018515],[-75.200119000237379,40.033011000242936],[-75.200144000351713,40.032876000275294],[-75.200144000351713,40.03282800019187],[-75.200146000001553,40.032776999808227],[-75.200118000412459,40.032722999805522],[-75.200053999940039,40.032667000267082],[-75.1999119996498,40.032570999772226],[-75.199796000197182,40.032512999923597],[-75.199596000180634,40.032387999916182],[-75.199249999675914,40.032731999923634],[-75.199037000138887,40.032958999910036],[-75.198677000288782,40.033101999698403],[-75.197918000230501,40.033242999710879],[-75.197573000448998,40.033257000169357],[-75.197266000302349,40.033283000227186],[-75.197175000065755,40.033329999909718],[-75.197120999639083,40.033375000087588],[-75.197300999564135,40.033624999694581],[-75.197534999915845,40.03389200030697],[-75.197621999954492,40.034161000011139],[-75.197646000243935,40.03426899976008],[-75.197673999833029,40.03440399972159],[-75.197269999602,40.03458899979524],[-75.193980999648858,40.036097999994638],[-75.193290000260973,40.0355199998057],[-75.193127000054332,40.035380999787535],[-75.192935000433735,40.035462999763247],[-75.190987000146833,40.037353000277236],[-75.191572999952783,40.038428000014143],[-75.191129000437073,40.038839999844583],[-75.190085999798356,40.038231999942155],[-75.189242000249564,40.039048000195542],[-75.189361000075252,40.039338000042555],[-75.189458999984538,40.03958999977602],[-75.189551000046052,40.039842999938905],[-75.189599999551547,40.039986999718408],[-75.189638000084685,40.040097999813739],[-75.189717999552315,40.040354000088065],[-75.18979500044351,40.040611000062995],[-75.189863000215581,40.040867999756948],[-75.189927999614611,40.041126999790443],[-75.189988999713961,40.041386000215553],[-75.190044999790459,40.041646000303331],[-75.190099000217131,40.04190600008738],[-75.190149000445857,40.042166000255385],[-75.190194999578296,40.042427000066965],[-75.190249999829859,40.04278800003042],[-75.189479000076034,40.042307000095875],[-75.18829700041843,40.041547000188416],[-75.188211000204717,40.04159199975831],[-75.187755000095137,40.042062999709636],[-75.187221000167753,40.04258599975492],[-75.186000000152106,40.043760000000873],[-75.185522000301233,40.044221000207898],[-75.185553000263369,40.044311999834115],[-75.185134999788616,40.044045000132755],[-75.185045000275252,40.044145999903193],[-75.183709999558474,40.045444999791208],[-75.183080000269953,40.045068000232121],[-75.18220300021089,40.045894000163173],[-75.182797000412734,40.047073999797341],[-75.181388000076097,40.048467999989647],[-75.180255999748923,40.047798999780859],[-75.179193999741941,40.04887200015645],[-75.178519000247562,40.049518000319111],[-75.177447000194846,40.05060900009758],[-75.175804000404796,40.052240999882159],[-75.175287000195837,40.052765000029531],[-75.175130999661931,40.05289599995259],[-75.174928999995558,40.052985000103121],[-75.17433599961862,40.053554999740733],[-75.174276000242486,40.053642999935526],[-75.174140999624953,40.05384399998551],[-75.173836999851346,40.054153000014573],[-75.173836000026441,40.054262999962745],[-75.173806999714131,40.054235000105322],[-75.173680000390831,40.054308999850875],[-75.172693999653504,40.055269000027856],[-75.173008000371169,40.055458000272225],[-75.172750999554921,40.055713999938369],[-75.173116000326203,40.055937000053689],[-75.172275000252171,40.056758000232762],[-75.172101000174891,40.05679299996028],[-75.171772000286921,40.056579000304097],[-75.170327999790203,40.057953999828037],[-75.170245999774451,40.058021999974613],[-75.16893199987237,40.059296000084217],[-75.168857000427622,40.059351999754071],[-75.168775000411856,40.059412999931375],[-75.167833999880372,40.060330000220446],[-75.167487000449057,40.060706000254832],[-75.16784399992612,40.060911999854646],[-75.168324000325143,40.061185000273845],[-75.168640999619242,40.06137300025388],[-75.169378999761122,40.06179699969428],[-75.169797000235874,40.062033999890694],[-75.17006300037464,40.062186000244168],[-75.170474000278389,40.062422000120925],[-75.170787000272824,40.06260000017474],[-75.171176000435267,40.062818999788242],[-75.171450000071644,40.062987999931785],[-75.171833000386286,40.063209999975484],[-75.172072999687487,40.063344999694834],[-75.172158999901214,40.063393999934206],[-75.172475000268705,40.063582000006498],[-75.172568000155124,40.063638999914943],[-75.172906000263936,40.063821000135682],[-75.173724999698351,40.06428900023851],[-75.174027999647052,40.064458000173062],[-75.174164999914396,40.064546999660905],[-75.174442999748734,40.064713000094443],[-75.174934000018425,40.064999000232149],[-75.175327000378815,40.065215999783128],[-75.17573800028255,40.065454000070417],[-75.176525999754844,40.065895999969399],[-75.1769529995521,40.066149999721276],[-75.177114000108901,40.066243000202839],[-75.177259999698776,40.066330000227921],[-75.17764600038646,40.066546000070609],[-75.178007999886376,40.066743000135212],[-75.178474000041703,40.067005000298096],[-75.178740000180483,40.066721999792506],[-75.178913000432857,40.066825999789444],[-75.178977000006952,40.066830999798484],[-75.179499000238778,40.067146000317635],[-75.179567999835754,40.067216999666073],[-75.179639999805758,40.067290999750604],[-75.180774999607692,40.067972999680819],[-75.18054500035224,40.06819000007031],[-75.180900000179477,40.068411000095487],[-75.181751000299258,40.06890199977201],[-75.182219000104396,40.069159000042582],[-75.182513999657189,40.069337999920286],[-75.182644000251855,40.069405999704486],[-75.18289500032202,40.069553000299891],[-75.183211999616105,40.069748999683739],[-75.183384999868451,40.069849000316538],[-75.183647999634204,40.069989999948746],[-75.183911000298238,40.070144000193586],[-75.184653999564688,40.070565000063468],[-75.185511000430566,40.071044999723561],[-75.1859010004179,40.070659000237498],[-75.186638999661497,40.0711189997741],[-75.186734000096024,40.071172000086008],[-75.186353000329532,40.071535000140926],[-75.186560000018773,40.071656999935222],[-75.186954000204054,40.071881000318335],[-75.187276000419345,40.072061000116925],[-75.187694999820678,40.072301000254029],[-75.188052000196066,40.07250299976554],[-75.188460999551651,40.072749999674407],[-75.188750000154968,40.072907999928404],[-75.1888659996076,40.072971000027557],[-75.189202999891506,40.073173999797746],[-75.189582000008201,40.07281000004032],[-75.189982999866189,40.072481999823829],[-75.190325000172948,40.07223299992296],[-75.190625999573513,40.071989000117064],[-75.191374999586046,40.071234999728638],[-75.191573999777674,40.071008000011894],[-75.191617000333707,40.070961000181953],[-75.191818000175147,40.070660999991141],[-75.192142999865155,40.070199999883805],[-75.192521000156944,40.069780000053697],[-75.192845000022047,40.069443000286391],[-75.193221999590577,40.069089999768238],[-75.193510000369002,40.068818999897445],[-75.193747000195458,40.068624000150415],[-75.193958999907565,40.068469999906291],[-75.194368000161475,40.06809599992625],[-75.194851999860148,40.067645000231977],[-75.195121000371969,40.067456000104819],[-75.19551700020709,40.067257999769296],[-75.195702999979915,40.067123000241772],[-75.195932000308787,40.066920999899061],[-75.196096000340319,40.066785000113704],[-75.196257999823715,40.066679000183683],[-75.196385000045311,40.066622999661156],[-75.196637999765315,40.066481000339571],[-75.196819000413598,40.066272000223542],[-75.197047999844131,40.066075999772259],[-75.197734000107474,40.065550000326489],[-75.197882000245485,40.065461999695877],[-75.198153000407146,40.065140000278831],[-75.19847899992206,40.064660000256765],[-75.198658999847126,40.064511999791243],[-75.198853999840793,40.064388999949408],[-75.199247000201169,40.064239999955333],[-75.199504999944025,40.064104999946977],[-75.199797000022087,40.063954000068804],[-75.200032000198718,40.063776999749152],[-75.200192000032303,40.063648999713074],[-75.200359000436862,40.063475999905215],[-75.200443999927373,40.063525999688132],[-75.200489000133217,40.063473999940634],[-75.200510000049618,40.063437000241528],[-75.20052900031618,40.063397999868002],[-75.200541000011754,40.063363999735706],[-75.200551999882407,40.06331500016227],[-75.200551000057501,40.063252999711416],[-75.200549000407676,40.063219999836541],[-75.20054699985954,40.063184999972663],[-75.200519000270447,40.063084999869503],[-75.200489000133217,40.062995999846805],[-75.200453000148201,40.062894000172172],[-75.200447000300414,40.062835999992508],[-75.200454999798012,40.062810000204138],[-75.200458999995988,40.062791000008765],[-75.200478000262578,40.062724999795506],[-75.200472000414763,40.062685999701927],[-75.200443000102467,40.062637999979195],[-75.200440999554317,40.062602999816328],[-75.200459999820893,40.062541000092544],[-75.200475999714413,40.062513000198813],[-75.200496999630815,40.062493000267651],[-75.200520000095366,40.062479000312386],[-75.200545000209715,40.062456999689289],[-75.200558999555099,40.062406999809319],[-75.200551000057501,40.062346000249882],[-75.200554000430543,40.062250999948041],[-75.200566999951022,40.062212999927695],[-75.200609999608744,40.062100000085799],[-75.200619999654478,40.062033999890694],[-75.200631000423442,40.062011999811439],[-75.200679999928909,40.061964000301394],[-75.200730000157634,40.061918000080311],[-75.200754000447077,40.061906999679074],[-75.200782999861076,40.061889000268778],[-75.200837000287763,40.061840000322015],[-75.200906999709645,40.061755000078243],[-75.20098399970253,40.061673999763485],[-75.20104899999987,40.061607999843204],[-75.201078000312194,40.061562999735919],[-75.201081999611844,40.06152500001938],[-75.201084000159966,40.061487999949371],[-75.201076999588963,40.061448000166969],[-75.20106700044154,40.061407999673584],[-75.20104700035003,40.061336999771214],[-75.201040999603947,40.061254999975944],[-75.201028999908388,40.061154999790141],[-75.201003999794025,40.061093999797272],[-75.20098399970253,40.061063000287156],[-75.200973999656796,40.061030999713502],[-75.200972000006971,40.060996999775064],[-75.200982999877638,40.060949999913063],[-75.200982000052718,40.060919000337435],[-75.200966000159184,40.060862999892848],[-75.200951000090583,40.060798000239856],[-75.200946000067717,40.060756000007991],[-75.200952999740394,40.060736999927364],[-75.200961000136317,40.060719999886913],[-75.200976000204932,40.060698999750159],[-75.200977999854757,40.060674999880632],[-75.201008999816892,40.060633000260509],[-75.201063000243579,40.060603999901993],[-75.201090000007753,40.060599999804161],[-75.201120000144982,40.060599999804161],[-75.201158999604729,40.060608999680191],[-75.201244999818456,40.060636999668908],[-75.20131799961338,40.060646999907597],[-75.201343999552662,40.060638999716758],[-75.201394999606265,40.060612999777497],[-75.201424999743494,40.060560000187984],[-75.201423000093683,40.060495000245993],[-75.201448000208032,40.060437000086679],[-75.201469000124433,40.06040200016821],[-75.201505000109449,40.060341000188743],[-75.201556999987986,40.060289999758218],[-75.201588999775041,40.060256000137521],[-75.201649999874405,40.060214000259116],[-75.201705000125983,40.060149999674344],[-75.20174000028608,40.060093000284652],[-75.201762999852306,40.060043999733807],[-75.201772999898054,40.059987000255447],[-75.201775000446176,40.059914999869108],[-75.201786000316844,40.05982700021039],[-75.201768999700093,40.059791000285976],[-75.201730000240346,40.059747000046961],[-75.201702999577861,40.059684999786953],[-75.201737999737958,40.059591000283199],[-75.201788999791574,40.059537000202411],[-75.201828999974552,40.059530999961623],[-75.201858000286876,40.059533000041938],[-75.201901999769476,40.059533999738328],[-75.201922999685877,40.05952300032731],[-75.201956000196148,40.059460999863475],[-75.201951000173295,40.059378999873068],[-75.201927999708744,40.059303000045425],[-75.201886999700875,40.059231000311492],[-75.201864000134648,40.059033000135081],[-75.201859000111767,40.058959000018682],[-75.201855999738726,40.058930000322817],[-75.201852000439089,40.058888000314646],[-75.201840999670111,40.058842000079494],[-75.201820999578615,40.058795000106137],[-75.20182200030186,40.058755000117912],[-75.201833000172513,40.058705000271473],[-75.201853000263981,40.058642999750901],[-75.201871999632246,40.058549999895583],[-75.201861999586512,40.058478000053526],[-75.201840999670111,40.058382999859035],[-75.201814999730843,40.058276999919912],[-75.20180600040834,40.058196999999346],[-75.201787000141763,40.058094000298496],[-75.201794999639361,40.057977000249224],[-75.201803999860189,40.057896999976499],[-75.201818999928804,40.057852000168523],[-75.201832000347594,40.057835000095857],[-75.20185499991382,40.057815000166698],[-75.201894000271878,40.057795999953505],[-75.201911999815223,40.057770000304572],[-75.201920000211132,40.057738000247092],[-75.201904000317626,40.057674999810551],[-75.201879000203263,40.057629000131762],[-75.201830999624377,40.05756600028203],[-75.201818000103898,40.057438000266124],[-75.201817000278979,40.057342999996841],[-75.20182300012678,40.057279999882752],[-75.201830999624377,40.057243000257877],[-75.201865999784474,40.057141000221698],[-75.201890999898822,40.05710000021805],[-75.201895999921703,40.057036000146283],[-75.201885000051035,40.056992999924603],[-75.201878000378343,40.056972000014412],[-75.201860999761593,40.056920999812561],[-75.201849999890953,40.056873999889326],[-75.201856999563631,40.05681399992568],[-75.201889000248997,40.056772999725247],[-75.201961000219029,40.056727000125093],[-75.202020999595177,40.056688000036196],[-75.202182999976884,40.056566000248672],[-75.202209999741058,40.056543000038822],[-75.20229500012988,40.056466000057078],[-75.202361000252097,40.056396000248156],[-75.202465999834104,40.056292999887852],[-75.202497999621158,40.056260000079916],[-75.202523999560398,40.056236999766789],[-75.202567999941337,40.056195999906841],[-75.202593999880605,40.056174999750993],[-75.202630999690527,40.056146999991526],[-75.20270400038379,40.056078000289617],[-75.202725000300177,40.056027999854109],[-75.202731999972869,40.056008999830247],[-75.202728999599827,40.055954999661154],[-75.202731999972869,40.055932999681886],[-75.202747999866403,40.055865000201059],[-75.202762999935004,40.055827999807903],[-75.202787000224461,40.055791000082259],[-75.202869000240213,40.055703999663294],[-75.202933999639242,40.055641000096642],[-75.202997000286743,40.055608999726957],[-75.20301999985297,40.055604000269476],[-75.203070999906586,40.055622999718651],[-75.203104000416872,40.055630999810859],[-75.203157000120314,40.055641999850131],[-75.203219000044584,40.055611999676316],[-75.203265000075334,40.055577000029835],[-75.203296999862388,40.055541999677779],[-75.203321999976751,40.055484000115676],[-75.203327999824523,40.055448999715843],[-75.203349999565845,40.055391999831734],[-75.203426999558729,40.055337999861329],[-75.203476999787455,40.055305000278551],[-75.203531000214127,40.055268000268953],[-75.203547999932553,40.055254999963438],[-75.203660000085549,40.055195999709504],[-75.20377300006345,40.055168000235355],[-75.203872999622575,40.055151999941337],[-75.204100000301608,40.055082999919584],[-75.204260000135179,40.055024000204298],[-75.204471000022366,40.054957000267592],[-75.204686999932434,40.054879000104307],[-75.204767000298389,40.054856000012691],[-75.204845000116194,40.054823000196507],[-75.206208000422066,40.053740999893662],[-75.206395000019796,40.053649999789862],[-75.206507999997726,40.053627999754063],[-75.206667000006362,40.053608999748704],[-75.206806999748451,40.053595000030882],[-75.206993000419601,40.053611000002839],[-75.20716300029892,40.053655000078258],[-75.207214000352536,40.053680999922001],[-75.207248999614322,40.053721999919802],[-75.207303000041009,40.053749000206807],[-75.2073520004448,40.053756000050249],[-75.207414000369084,40.053749000206807],[-75.207463999699485,40.053741999675019],[-75.207538000217653,40.053709999788815],[-75.207583000423483,40.053674999853136],[-75.207636999951831,40.053636000080424],[-75.207745999731785,40.053607000182119],[-75.207852999861899,40.053591999992726],[-75.207955999794066,40.053582999877541],[-75.208045000380849,40.053572999977334],[-75.208144000115055,40.053559000252122],[-75.208416000101607,40.053537999971297],[-75.208524999881547,40.053534999930633],[-75.2086129997451,40.053525999807917],[-75.208709000004561,40.05351800015621],[-75.208770999928845,40.053511000288324],[-75.208940999808163,40.05349800033526],[-75.208996000059756,40.053502999947241],[-75.209048999763183,40.053499999905092],[-75.209124000106272,40.05348399990703],[-75.209211999969824,40.053445999810705],[-75.209288000137803,40.053412000213228],[-75.209341999666165,40.053378999697841],[-75.20940199994061,40.053331000294897],[-75.209446000321535,40.053284999746637],[-75.209492000352299,40.053241999908614],[-75.209534000185087,40.053206999732595],[-75.209579000390931,40.053179000128893],[-75.209618999675598,40.053162000265665],[-75.209674999752082,40.053136000223979],[-75.20976599998869,40.053097000142827],[-75.209899999882992,40.053051999915695],[-75.209976999875877,40.053027000311516],[-75.210026000279683,40.053014000266138],[-75.210078999983125,40.053002999802686],[-75.21012900021185,40.053001000218273],[-75.21032000000757,40.052985000103121],[-75.210406000221283,40.052981000245659],[-75.21052000002409,40.052988000167979],[-75.210699999949142,40.053021999976991],[-75.210812000102138,40.053038999875142],[-75.210884999897061,40.053042999729186],[-75.210932999577651,40.053037000291781],[-75.210971999935722,40.053025000040179],[-75.211034999684912,40.052989999752732],[-75.211077000416012,40.052955000134929],[-75.21110099980713,40.052922000085829],[-75.211146999837894,40.052886999745475],[-75.211258999990889,40.052811000241178],[-75.211322999565013,40.052782999787155],[-75.211387999862325,40.052755999805129],[-75.211522999581533,40.052705999682765],[-75.211653000176184,40.052656000211314],[-75.211731999818923,40.052635000339869],[-75.211823000055503,40.052620999734359],[-75.211900000048402,40.052601000337809],[-75.212007000178531,40.052575999880567],[-75.212078000323629,40.052561999950512],[-75.212255999700545,40.052541000050113],[-75.212341999914273,40.052535999679932],[-75.212408999861424,40.052537999965566],[-75.212483000379592,40.052528999711178],[-75.212548999603499,40.052511999685827],[-75.212623999946572,40.052507999800603],[-75.212779999582196,40.052473999735184],[-75.212822000313295,40.052462999872162],[-75.212891999735191,40.052434999962848],[-75.212967999903171,40.052416000312533],[-75.213054000116898,40.052389999986261],[-75.21312000023913,40.052372000124791],[-75.213172000117652,40.052348999874724],[-75.213260999806124,40.052312000323127],[-75.213323999555328,40.052302000236438],[-75.21338899985264,40.052298000338894],[-75.213461999647578,40.052282000058646],[-75.213542000013518,40.052268999871217],[-75.213604999762708,40.052244999783092],[-75.213676999732741,40.052205999879718],[-75.213741000205147,40.052146999736621],[-75.213777000190163,40.052100999764463],[-75.213800999581281,40.052057000060998],[-75.213795999558428,40.052008999726993],[-75.213793999908589,40.051962999661697],[-75.213815999649896,40.051906000300114],[-75.213839999939353,40.051835999933147],[-75.213886999795008,40.051737000175478],[-75.213901000038717,40.051642000210336],[-75.213912999734291,40.05157700001314],[-75.213936000198814,40.051506999995922],[-75.213954999567079,40.051483000327117],[-75.213982000229564,40.051443000172647],[-75.214007000343926,40.051414000028814],[-75.214028000260328,40.051377999785664],[-75.214085999986651,40.05129599969564],[-75.214065000070264,40.051253999795811],[-75.21408099996377,40.051221000298462],[-75.21409699985729,40.051184999953385],[-75.214104000428307,40.051139999839073],[-75.214126999994534,40.051077999999677],[-75.214147999910921,40.051028999842707],[-75.21416299997955,40.050990999752891],[-75.214192000291845,40.05096100028225],[-75.214244000170396,40.050938000243619],[-75.214281999805223,40.050915000197293],[-75.214317999790239,40.050865000099598],[-75.214321999988201,40.050830000078157],[-75.214321999988201,40.050740000038779],[-75.214388000110446,40.050915000197293],[-75.214479000347026,40.050662999689145]]]},"properties":{"ZCTA5":"19119"}},{"type":"Feature","geometry":{"type":"Polygon","coordinates":[[[-75.188460999551651,40.072749999674407],[-75.188052000196066,40.07250299976554],[-75.187694999820678,40.072301000254029],[-75.187276000419345,40.072061000116925],[-75.186954000204054,40.071881000318335],[-75.186560000018773,40.071656999935222],[-75.186353000329532,40.071535000140926],[-75.186734000096024,40.071172000086008],[-75.186638999661497,40.0711189997741],[-75.1859010004179,40.070659000237498],[-75.185511000430566,40.071044999723561],[-75.184653999564688,40.070565000063468],[-75.183911000298238,40.070144000193586],[-75.183647999634204,40.069989999948746],[-75.183384999868451,40.069849000316538],[-75.183211999616105,40.069748999683739],[-75.18289500032202,40.069553000299891],[-75.182644000251855,40.069405999704486],[-75.182513999657189,40.069337999920286],[-75.182219000104396,40.069159000042582],[-75.181751000299258,40.06890199977201],[-75.180900000179477,40.068411000095487],[-75.18054500035224,40.06819000007031],[-75.180774999607692,40.067972999680819],[-75.179639999805758,40.067290999750604],[-75.179567999835754,40.067216999666073],[-75.179499000238778,40.067146000317635],[-75.178977000006952,40.066830999798484],[-75.178913000432857,40.066825999789444],[-75.178740000180483,40.066721999792506],[-75.178474000041703,40.067005000298096],[-75.178007999886376,40.066743000135212],[-75.17764600038646,40.066546000070609],[-75.177259999698776,40.066330000227921],[-75.177114000108901,40.066243000202839],[-75.1769529995521,40.066149999721276],[-75.176525999754844,40.065895999969399],[-75.17573800028255,40.065454000070417],[-75.175327000378815,40.065215999783128],[-75.174934000018425,40.064999000232149],[-75.174442999748734,40.064713000094443],[-75.174164999914396,40.064546999660905],[-75.174027999647052,40.064458000173062],[-75.173724999698351,40.06428900023851],[-75.172906000263936,40.063821000135682],[-75.172568000155124,40.063638999914943],[-75.172475000268705,40.063582000006498],[-75.172158999901214,40.063393999934206],[-75.172072999687487,40.063344999694834],[-75.171833000386286,40.063209999975484],[-75.171450000071644,40.062987999931785],[-75.171176000435267,40.062818999788242],[-75.170787000272824,40.06260000017474],[-75.170474000278389,40.062422000120925],[-75.17006300037464,40.062186000244168],[-75.169797000235874,40.062033999890694],[-75.169378999761122,40.06179699969428],[-75.168640999619242,40.06137300025388],[-75.168324000325143,40.061185000273845],[-75.16784399992612,40.060911999854646],[-75.167487000449057,40.060706000254832],[-75.166967999691977,40.060413000124882],[-75.166657000245664,40.060734000203624],[-75.167110999807107,40.060990999662792],[-75.166412999848205,40.061720000149251],[-75.166333000380575,40.061802000072483],[-75.16535500003917,40.062802999915689],[-75.165208999550998,40.062954999928543],[-75.164303999902842,40.06389600010403],[-75.163785999868992,40.063710999803497],[-75.163440000262582,40.063595000098388],[-75.162923000053624,40.063409000028507],[-75.16143199970125,40.064981999880111],[-75.162159999797382,40.065401000121724],[-75.161911000275367,40.065655999950778],[-75.161723999779298,40.065852999839194],[-75.161487999777748,40.066094999738979],[-75.161291000134241,40.066294999899306],[-75.1608309998267,40.066776999956069],[-75.16017100040095,40.067462999915193],[-75.159624999879668,40.068023000288036],[-75.159017000332454,40.06846699983555],[-75.159135000333222,40.068523000217048],[-75.159111000043779,40.06856600003681],[-75.15886199962344,40.068815000281937],[-75.158879000240191,40.068949000335323],[-75.158964999555607,40.069239999707555],[-75.157573999660656,40.069477999685013],[-75.157475999751341,40.069157000244843],[-75.157447000337342,40.069066000104783],[-75.156920000082664,40.069160000285194],[-75.156288000245993,40.069259999720337],[-75.156330000078782,40.069376000091104],[-75.156278000200246,40.069458999974422],[-75.156532999570061,40.069704999688781],[-75.155690999671094,40.07014899995913],[-75.155432999928237,40.070238000261178],[-75.155488000179815,40.07035400034129],[-75.155744000272861,40.070486999893696],[-75.15575699979334,40.070534000050777],[-75.155275999569412,40.071057999766154],[-75.155212999820208,40.071150000207979],[-75.154699999809225,40.071240000101547],[-75.154474999678328,40.071283999792357],[-75.154344000157081,40.071427999831585],[-75.154076000368462,40.071732000213053],[-75.154693999961424,40.072083999900315],[-75.155833999786239,40.072732999881957],[-75.158417000282839,40.074168999943481],[-75.160429000143807,40.075300999692949],[-75.161285000286469,40.07576399993421],[-75.161957000306117,40.076129999993533],[-75.163399000254685,40.076950000047411],[-75.164970000074703,40.077869000276657],[-75.167641000434855,40.079479000205559],[-75.168243000134296,40.079833999975065],[-75.169914000411723,40.08081800031745],[-75.171347999964397,40.081663999753943],[-75.171600999684387,40.081813000123425],[-75.171660999958846,40.081848000038391],[-75.171717000035343,40.081879999768127],[-75.171906000181224,40.081987000151379],[-75.172950999571455,40.082581000191013],[-75.173591999628968,40.08295799978989],[-75.174155999693568,40.083294000002958],[-75.17478199968248,40.083664000258324],[-75.175072000110688,40.083835000285752],[-75.175330999678465,40.083988000127093],[-75.175873000001758,40.084308999768339],[-75.176170000102687,40.084489999725214],[-75.176437999891291,40.084649000247175],[-75.176481000447311,40.084607000288038],[-75.17769599971686,40.08337800014074],[-75.178222999971553,40.082854999723885],[-75.178710999868173,40.082366999748757],[-75.179213999833422,40.081866999729371],[-75.179756000156715,40.081333000063644],[-75.180018999922467,40.081075000300018],[-75.180275000015499,40.080829999798006],[-75.180582999987067,40.080529999778058],[-75.180792000224443,40.080324999783208],[-75.180901000004383,40.080219000304879],[-75.181472999566608,40.079670000139203],[-75.181819000071329,40.079329000133953],[-75.182053000423039,40.07910199990117],[-75.182616999589357,40.078552000247655],[-75.182897999796751,40.078275999677281],[-75.183112999881899,40.078063999674946],[-75.183399000112175,40.077788999991853],[-75.184952000388833,40.076236999789501],[-75.185036000054438,40.076152999777577],[-75.185379000186089,40.075820999960087],[-75.185836999945508,40.075377999697452],[-75.185987999558236,40.075229999834889],[-75.186096000411581,40.075122999831443],[-75.187064999633833,40.07417699992029],[-75.188460999551651,40.072749999674407]]]},"properties":{"ZCTA5":"19150"}},{"type":"Feature","geometry":{"type":"Polygon","coordinates":[[[-75.240738000268522,40.083063999815266],[-75.240647000031927,40.083071000083457],[-75.240609000397072,40.083073000159914],[-75.240443999642324,40.083084999930378],[-75.240104999708606,40.08310900015217],[-75.239262999809668,40.08316800028922],[-75.239211999756023,40.08317099971233],[-75.237691999989636,40.083290999897947],[-75.234684000243917,40.083501000057389],[-75.233344000402596,40.083607999954964],[-75.233198999739329,40.08362000031839],[-75.232951999867126,40.083618000258014],[-75.232941999821378,40.083588000031881],[-75.232901999638401,40.083457000012167],[-75.232828000018557,40.083340000222179],[-75.232703000345083,40.083258000108529],[-75.232485999711798,40.083155999846113],[-75.232002000013125,40.082969000228161],[-75.231847000202421,40.082892999913206],[-75.231597999782082,40.082741999759186],[-75.231412000009243,40.082658000211289],[-75.23086899986103,40.08254900010342],[-75.230310999644189,40.082451999703011],[-75.229995999999929,40.082383999885536],[-75.229707000294923,40.08226799967629],[-75.229409000369088,40.082195000106907],[-75.229004000313139,40.082045999886091],[-75.228417999608922,40.081819999832966],[-75.227789999970199,40.081490000275195],[-75.227610999870052,40.081377000106926],[-75.227444000363789,40.081209000288631],[-75.227326000363021,40.080945000325784],[-75.227251999844853,40.08081600017475],[-75.227215000034931,40.08075399984466],[-75.227062999698958,40.080613999889401],[-75.226734999635909,40.080283999985134],[-75.22661400016041,40.080129999986461],[-75.226326000280309,40.079758999684231],[-75.226221999624912,40.079556000297259],[-75.226067999639142,40.079236000335982],[-75.225988000171512,40.079068000046448],[-75.225588999963335,40.079207000336062],[-75.225490000229129,40.07924200021592],[-75.225475000160515,40.07924700000089],[-75.2252700001211,40.078875999698909],[-75.22508299962503,40.078614999937123],[-75.224904000423223,40.078369000099059],[-75.224731999995768,40.077875999704276],[-75.224501000017085,40.07731700004156],[-75.224358999726846,40.076995999741136],[-75.2241510002127,40.076719999737755],[-75.223919000409126,40.076354000099926],[-75.223725000240364,40.075996000320295],[-75.223494000261681,40.075570999745622],[-75.223397000177314,40.075197999729383],[-75.223263000283012,40.074959000335028],[-75.223099000251466,40.074653000285757],[-75.22298700009847,40.074398999932839],[-75.223008999839791,40.074093000116996],[-75.223157999802709,40.073779999765684],[-75.223321999834241,40.07356400017779],[-75.223613000087383,40.073354999797104],[-75.223911999838108,40.073153000062909],[-75.22423300022848,40.073003999990746],[-75.224576000360159,40.072833000258193],[-75.224948999730742,40.072616000224656],[-75.225261999725191,40.072421999856395],[-75.225440999825338,40.072206000086076],[-75.225546000305641,40.072064000029314],[-75.225607000405006,40.07186400030897],[-75.225694000443639,40.07188000011574],[-75.225845999881287,40.071904999677365],[-75.225812000444421,40.071619999868567],[-75.225789999804789,40.071548000089997],[-75.225731000253546,40.071477999964927],[-75.225650999887606,40.07139700021164],[-75.225459000266994,40.071237999677464],[-75.225126000181064,40.070989000040676],[-75.224592000253679,40.070609999724198],[-75.224068000372043,40.070232000275368],[-75.223776000293981,40.07001299974408],[-75.223433999987222,40.069734999844663],[-75.22289599986189,40.069243999985567],[-75.222444999775192,40.068853000057111],[-75.221941999809928,40.068412999915132],[-75.221592999830477,40.068099000013319],[-75.221515000012673,40.068025999690853],[-75.221424999600998,40.067933999841657],[-75.221341999760298,40.067799000278889],[-75.221223999759516,40.067572999688885],[-75.221149000314782,40.06741599970151],[-75.221121999652269,40.067290000168036],[-75.221068999948827,40.067209000246713],[-75.220940999902297,40.067000000301782],[-75.22082799992441,40.066858999980035],[-75.220823999726449,40.066805999749448],[-75.220826000274585,40.06665099992815],[-75.220837999970144,40.06652900010463],[-75.220858999886545,40.066391999940976],[-75.220926999658616,40.066217999938011],[-75.22101700007029,40.0660719999957],[-75.221124000200419,40.065963000150198],[-75.221273000163322,40.065842999677123],[-75.221378999570234,40.065767000184799],[-75.22153699975398,40.065694000113197],[-75.221865999641935,40.065573999853775],[-75.22200899975708,40.065522000294401],[-75.222176999986559,40.065457999883265],[-75.222387000048855,40.065383999870001],[-75.222756000119787,40.065245999853552],[-75.222915000128452,40.065188999914632],[-75.223002999992019,40.065160000120386],[-75.22305099967258,40.065142999808529],[-75.223172000046404,40.06509099992023],[-75.223301999742745,40.065026999791684],[-75.223423000116554,40.064938999860438],[-75.223531999896508,40.06485599996963],[-75.223645999699329,40.064753000022456],[-75.223721999867323,40.06466200018653],[-75.223803000058169,40.06453300012771],[-75.22382300014965,40.064418000071839],[-75.223818999951689,40.064295999686806],[-75.223809999730861,40.064153000011139],[-75.223801000408343,40.064054999901472],[-75.223762999875191,40.063894000151777],[-75.223704000323977,40.063768999925777],[-75.223620999584966,40.063653999955292],[-75.223409999697779,40.063355000223588],[-75.223083000357946,40.06302699985244],[-75.223002000167099,40.06289800013532],[-75.222899000234932,40.062665000171179],[-75.222797000127684,40.06242499977035],[-75.222703000416345,40.062180000236609],[-75.222633000096153,40.061940999850989],[-75.222478000285449,40.06143899971422],[-75.2223550002618,40.061114000139099],[-75.222238000085937,40.060886000019607],[-75.222067000381728,40.060655000097498],[-75.221950000205851,40.060502999766186],[-75.221806000265801,40.060328999848188],[-75.22164700025715,40.060173999728775],[-75.221457000286335,40.059956999931821],[-75.221222999934625,40.059659999865758],[-75.221069999773746,40.059485999857642],[-75.220738000411032,40.05907000016316],[-75.22060799981638,40.058945000024778],[-75.220488999990707,40.058783999888256],[-75.220241000293584,40.058526999667862],[-75.220131999615319,40.058387000087016],[-75.219991000048324,40.058146000026724],[-75.219876000420598,40.057987999909805],[-75.219695999597221,40.057786999705925],[-75.219641000243953,40.057726000135688],[-75.219622999802297,40.057706000174541],[-75.219531999565703,40.057634000128203],[-75.219369000257402,40.057509999831964],[-75.219226000142257,40.057370999952475],[-75.219123000210104,40.057282000029154],[-75.219037999821282,40.057203999776711],[-75.218852000048443,40.057005000165084],[-75.218581999711702,40.056537999962316],[-75.218504999718803,40.056375999896659],[-75.218467999908881,40.056260999824325],[-75.21844699999248,40.05614799973759],[-75.218420000228321,40.056008999830247],[-75.218390000091077,40.055860999825029],[-75.218349999908114,40.055638999902087],[-75.218312000273272,40.055455000316087],[-75.218176999655753,40.054664999938403],[-75.218088999792215,40.05474799986726],[-75.218137000371101,40.055192999741834],[-75.218111000431819,40.055325000256772],[-75.218026999867917,40.055424000303333],[-75.217903000019362,40.055400999708048],[-75.217904999669187,40.055368999913206],[-75.217909999692054,40.055339000306816],[-75.217917000263071,40.055311999962186],[-75.217922000285938,40.055271000233276],[-75.217917000263071,40.055220000133609],[-75.217912000240204,40.055155999671427],[-75.217919999737788,40.055103999724331],[-75.217924999760669,40.055082999919584],[-75.217933000156592,40.055025999729303],[-75.217824000376652,40.05430599984421],[-75.217764000102207,40.054070000048682],[-75.217730999591907,40.053850999819204],[-75.217607999568273,40.053532999674268],[-75.217416999772553,40.053123999989815],[-75.217333000106976,40.052902000090029],[-75.21718800034202,40.052758999880034],[-75.217137000288375,40.052667999840253],[-75.217030000158246,40.052569999714414],[-75.216824000293954,40.052399000258987],[-75.216531000390972,40.052220999686519],[-75.216476000139409,40.052206999683591],[-75.216364999811304,40.052138999923109],[-75.216174999840518,40.051993000066595],[-75.216029000250657,40.051904999804187],[-75.215794000074013,40.051706999657952],[-75.215651999783788,40.05165300020586],[-75.215533999783005,40.051568000319484],[-75.215426999652891,40.051459999776995],[-75.215323999720738,40.051376000153589],[-75.215208000268092,40.05124299973594],[-75.215066999802787,40.051117999680706],[-75.21487000015928,40.050970999878047],[-75.21480800023501,40.050907000239128],[-75.214706000127748,40.050762000319153],[-75.214660000096998,40.050637000069436],[-75.214553999791789,40.050460000225911],[-75.214479000347026,40.050662999689145],[-75.214388000110446,40.050915000197293],[-75.214321999988201,40.050740000038779],[-75.214321999988201,40.050830000078157],[-75.214317999790239,40.050865000099598],[-75.214281999805223,40.050915000197293],[-75.214244000170396,40.050938000243619],[-75.214192000291845,40.05096100028225],[-75.21416299997955,40.050990999752891],[-75.214147999910921,40.051028999842707],[-75.214126999994534,40.051077999999677],[-75.214104000428307,40.051139999839073],[-75.21409699985729,40.051184999953385],[-75.21408099996377,40.051221000298462],[-75.214065000070264,40.051253999795811],[-75.214085999986651,40.05129599969564],[-75.214028000260328,40.051377999785664],[-75.214007000343926,40.051414000028814],[-75.213982000229564,40.051443000172647],[-75.213954999567079,40.051483000327117],[-75.213936000198814,40.051506999995922],[-75.213912999734291,40.05157700001314],[-75.213901000038717,40.051642000210336],[-75.213886999795008,40.051737000175478],[-75.213839999939353,40.051835999933147],[-75.213815999649896,40.051906000300114],[-75.213793999908589,40.051962999661697],[-75.213795999558428,40.052008999726993],[-75.213800999581281,40.052057000060998],[-75.213777000190163,40.052100999764463],[-75.213741000205147,40.052146999736621],[-75.213676999732741,40.052205999879718],[-75.213604999762708,40.052244999783092],[-75.213542000013518,40.052268999871217],[-75.213461999647578,40.052282000058646],[-75.21338899985264,40.052298000338894],[-75.213323999555328,40.052302000236438],[-75.213260999806124,40.052312000323127],[-75.213172000117652,40.052348999874724],[-75.21312000023913,40.052372000124791],[-75.213054000116898,40.052389999986261],[-75.212967999903171,40.052416000312533],[-75.212891999735191,40.052434999962848],[-75.212822000313295,40.052462999872162],[-75.212779999582196,40.052473999735184],[-75.212623999946572,40.052507999800603],[-75.212548999603499,40.052511999685827],[-75.212483000379592,40.052528999711178],[-75.212408999861424,40.052537999965566],[-75.212341999914273,40.052535999679932],[-75.212255999700545,40.052541000050113],[-75.212078000323629,40.052561999950512],[-75.212007000178531,40.052575999880567],[-75.211900000048402,40.052601000337809],[-75.211823000055503,40.052620999734359],[-75.211731999818923,40.052635000339869],[-75.211653000176184,40.052656000211314],[-75.211522999581533,40.052705999682765],[-75.211387999862325,40.052755999805129],[-75.211322999565013,40.052782999787155],[-75.211258999990889,40.052811000241178],[-75.211146999837894,40.052886999745475],[-75.21110099980713,40.052922000085829],[-75.211077000416012,40.052955000134929],[-75.211034999684912,40.052989999752732],[-75.210971999935722,40.053025000040179],[-75.210932999577651,40.053037000291781],[-75.210884999897061,40.053042999729186],[-75.210812000102138,40.053038999875142],[-75.210699999949142,40.053021999976991],[-75.21052000002409,40.052988000167979],[-75.210406000221283,40.052981000245659],[-75.21032000000757,40.052985000103121],[-75.21012900021185,40.053001000218273],[-75.210078999983125,40.053002999802686],[-75.210026000279683,40.053014000266138],[-75.209976999875877,40.053027000311516],[-75.209899999882992,40.053051999915695],[-75.20976599998869,40.053097000142827],[-75.209674999752082,40.053136000223979],[-75.209618999675598,40.053162000265665],[-75.209579000390931,40.053179000128893],[-75.209534000185087,40.053206999732595],[-75.209492000352299,40.053241999908614],[-75.209446000321535,40.053284999746637],[-75.20940199994061,40.053331000294897],[-75.209341999666165,40.053378999697841],[-75.209288000137803,40.053412000213228],[-75.209211999969824,40.053445999810705],[-75.209124000106272,40.05348399990703],[-75.209048999763183,40.053499999905092],[-75.208996000059756,40.053502999947241],[-75.208940999808163,40.05349800033526],[-75.208770999928845,40.053511000288324],[-75.208709000004561,40.05351800015621],[-75.2086129997451,40.053525999807917],[-75.208524999881547,40.053534999930633],[-75.208416000101607,40.053537999971297],[-75.208144000115055,40.053559000252122],[-75.208045000380849,40.053572999977334],[-75.207955999794066,40.053582999877541],[-75.207852999861899,40.053591999992726],[-75.207745999731785,40.053607000182119],[-75.207636999951831,40.053636000080424],[-75.207583000423483,40.053674999853136],[-75.207538000217653,40.053709999788815],[-75.207463999699485,40.053741999675019],[-75.207414000369084,40.053749000206807],[-75.2073520004448,40.053756000050249],[-75.207303000041009,40.053749000206807],[-75.207248999614322,40.053721999919802],[-75.207214000352536,40.053680999922001],[-75.20716300029892,40.053655000078258],[-75.206993000419601,40.053611000002839],[-75.206806999748451,40.053595000030882],[-75.206667000006362,40.053608999748704],[-75.206507999997726,40.053627999754063],[-75.206395000019796,40.053649999789862],[-75.206208000422066,40.053740999893662],[-75.204845000116194,40.054823000196507],[-75.204767000298389,40.054856000012691],[-75.204686999932434,40.054879000104307],[-75.204471000022366,40.054957000267592],[-75.204260000135179,40.055024000204298],[-75.204100000301608,40.055082999919584],[-75.203872999622575,40.055151999941337],[-75.20377300006345,40.055168000235355],[-75.203660000085549,40.055195999709504],[-75.203547999932553,40.055254999963438],[-75.203531000214127,40.055268000268953],[-75.203476999787455,40.055305000278551],[-75.203426999558729,40.055337999861329],[-75.203349999565845,40.055391999831734],[-75.203327999824523,40.055448999715843],[-75.203321999976751,40.055484000115676],[-75.203296999862388,40.055541999677779],[-75.203265000075334,40.055577000029835],[-75.203219000044584,40.055611999676316],[-75.203157000120314,40.055641999850131],[-75.203104000416872,40.055630999810859],[-75.203070999906586,40.055622999718651],[-75.20301999985297,40.055604000269476],[-75.202997000286743,40.055608999726957],[-75.202933999639242,40.055641000096642],[-75.202869000240213,40.055703999663294],[-75.202787000224461,40.055791000082259],[-75.202762999935004,40.055827999807903],[-75.202747999866403,40.055865000201059],[-75.202731999972869,40.055932999681886],[-75.202728999599827,40.055954999661154],[-75.202731999972869,40.056008999830247],[-75.202725000300177,40.056027999854109],[-75.20270400038379,40.056078000289617],[-75.202630999690527,40.056146999991526],[-75.202593999880605,40.056174999750993],[-75.202567999941337,40.056195999906841],[-75.202523999560398,40.056236999766789],[-75.202497999621158,40.056260000079916],[-75.202465999834104,40.056292999887852],[-75.202361000252097,40.056396000248156],[-75.20229500012988,40.056466000057078],[-75.202209999741058,40.056543000038822],[-75.202182999976884,40.056566000248672],[-75.202020999595177,40.056688000036196],[-75.201961000219029,40.056727000125093],[-75.201889000248997,40.056772999725247],[-75.201856999563631,40.05681399992568],[-75.201849999890953,40.056873999889326],[-75.201860999761593,40.056920999812561],[-75.201878000378343,40.056972000014412],[-75.201885000051035,40.056992999924603],[-75.201895999921703,40.057036000146283],[-75.201890999898822,40.05710000021805],[-75.201865999784474,40.057141000221698],[-75.201830999624377,40.057243000257877],[-75.20182300012678,40.057279999882752],[-75.201817000278979,40.057342999996841],[-75.201818000103898,40.057438000266124],[-75.201830999624377,40.05756600028203],[-75.201879000203263,40.057629000131762],[-75.201904000317626,40.057674999810551],[-75.201920000211132,40.057738000247092],[-75.201911999815223,40.057770000304572],[-75.201894000271878,40.057795999953505],[-75.20185499991382,40.057815000166698],[-75.201832000347594,40.057835000095857],[-75.201818999928804,40.057852000168523],[-75.201803999860189,40.057896999976499],[-75.201794999639361,40.057977000249224],[-75.201787000141763,40.058094000298496],[-75.20180600040834,40.058196999999346],[-75.201814999730843,40.058276999919912],[-75.201840999670111,40.058382999859035],[-75.201861999586512,40.058478000053526],[-75.201871999632246,40.058549999895583],[-75.201853000263981,40.058642999750901],[-75.201833000172513,40.058705000271473],[-75.20182200030186,40.058755000117912],[-75.201820999578615,40.058795000106137],[-75.201840999670111,40.058842000079494],[-75.201852000439089,40.058888000314646],[-75.201855999738726,40.058930000322817],[-75.201859000111767,40.058959000018682],[-75.201864000134648,40.059033000135081],[-75.201886999700875,40.059231000311492],[-75.201927999708744,40.059303000045425],[-75.201951000173295,40.059378999873068],[-75.201956000196148,40.059460999863475],[-75.201922999685877,40.05952300032731],[-75.201901999769476,40.059533999738328],[-75.201858000286876,40.059533000041938],[-75.201828999974552,40.059530999961623],[-75.201788999791574,40.059537000202411],[-75.201737999737958,40.059591000283199],[-75.201702999577861,40.059684999786953],[-75.201730000240346,40.059747000046961],[-75.201768999700093,40.059791000285976],[-75.201786000316844,40.05982700021039],[-75.201775000446176,40.059914999869108],[-75.201772999898054,40.059987000255447],[-75.201762999852306,40.060043999733807],[-75.20174000028608,40.060093000284652],[-75.201705000125983,40.060149999674344],[-75.201649999874405,40.060214000259116],[-75.201588999775041,40.060256000137521],[-75.201556999987986,40.060289999758218],[-75.201505000109449,40.060341000188743],[-75.201469000124433,40.06040200016821],[-75.201448000208032,40.060437000086679],[-75.201423000093683,40.060495000245993],[-75.201424999743494,40.060560000187984],[-75.201394999606265,40.060612999777497],[-75.201343999552662,40.060638999716758],[-75.20131799961338,40.060646999907597],[-75.201244999818456,40.060636999668908],[-75.201158999604729,40.060608999680191],[-75.201120000144982,40.060599999804161],[-75.201090000007753,40.060599999804161],[-75.201063000243579,40.060603999901993],[-75.201008999816892,40.060633000260509],[-75.200977999854757,40.060674999880632],[-75.200976000204932,40.060698999750159],[-75.200961000136317,40.060719999886913],[-75.200952999740394,40.060736999927364],[-75.200946000067717,40.060756000007991],[-75.200951000090583,40.060798000239856],[-75.200966000159184,40.060862999892848],[-75.200982000052718,40.060919000337435],[-75.200982999877638,40.060949999913063],[-75.200972000006971,40.060996999775064],[-75.200973999656796,40.061030999713502],[-75.20098399970253,40.061063000287156],[-75.201003999794025,40.061093999797272],[-75.201028999908388,40.061154999790141],[-75.201040999603947,40.061254999975944],[-75.20104700035003,40.061336999771214],[-75.20106700044154,40.061407999673584],[-75.201076999588963,40.061448000166969],[-75.201084000159966,40.061487999949371],[-75.201081999611844,40.06152500001938],[-75.201078000312194,40.061562999735919],[-75.20104899999987,40.061607999843204],[-75.20098399970253,40.061673999763485],[-75.200906999709645,40.061755000078243],[-75.200837000287763,40.061840000322015],[-75.200782999861076,40.061889000268778],[-75.200754000447077,40.061906999679074],[-75.200730000157634,40.061918000080311],[-75.200679999928909,40.061964000301394],[-75.200631000423442,40.062011999811439],[-75.200619999654478,40.062033999890694],[-75.200609999608744,40.062100000085799],[-75.200566999951022,40.062212999927695],[-75.200554000430543,40.062250999948041],[-75.200551000057501,40.062346000249882],[-75.200558999555099,40.062406999809319],[-75.200545000209715,40.062456999689289],[-75.200520000095366,40.062479000312386],[-75.200496999630815,40.062493000267651],[-75.200475999714413,40.062513000198813],[-75.200459999820893,40.062541000092544],[-75.200440999554317,40.062602999816328],[-75.200443000102467,40.062637999979195],[-75.200472000414763,40.062685999701927],[-75.200478000262578,40.062724999795506],[-75.200458999995988,40.062791000008765],[-75.200454999798012,40.062810000204138],[-75.200447000300414,40.062835999992508],[-75.200453000148201,40.062894000172172],[-75.200489000133217,40.062995999846805],[-75.200519000270447,40.063084999869503],[-75.20054699985954,40.063184999972663],[-75.200549000407676,40.063219999836541],[-75.200551000057501,40.063252999711416],[-75.200551999882407,40.06331500016227],[-75.200541000011754,40.063363999735706],[-75.20052900031618,40.063397999868002],[-75.200510000049618,40.063437000241528],[-75.200489000133217,40.063473999940634],[-75.200443999927373,40.063525999688132],[-75.200359000436862,40.063475999905215],[-75.200192000032303,40.063648999713074],[-75.200032000198718,40.063776999749152],[-75.199797000022087,40.063954000068804],[-75.199504999944025,40.064104999946977],[-75.199247000201169,40.064239999955333],[-75.198853999840793,40.064388999949408],[-75.198658999847126,40.064511999791243],[-75.19847899992206,40.064660000256765],[-75.198153000407146,40.065140000278831],[-75.197882000245485,40.065461999695877],[-75.197734000107474,40.065550000326489],[-75.197047999844131,40.066075999772259],[-75.196819000413598,40.066272000223542],[-75.196637999765315,40.066481000339571],[-75.196385000045311,40.066622999661156],[-75.196257999823715,40.066679000183683],[-75.196096000340319,40.066785000113704],[-75.195932000308787,40.066920999899061],[-75.195702999979915,40.067123000241772],[-75.19551700020709,40.067257999769296],[-75.195121000371969,40.067456000104819],[-75.194851999860148,40.067645000231977],[-75.194368000161475,40.06809599992625],[-75.193958999907565,40.068469999906291],[-75.193747000195458,40.068624000150415],[-75.193510000369002,40.068818999897445],[-75.193221999590577,40.069089999768238],[-75.192845000022047,40.069443000286391],[-75.192521000156944,40.069780000053697],[-75.192142999865155,40.070199999883805],[-75.191818000175147,40.070660999991141],[-75.191617000333707,40.070961000181953],[-75.191573999777674,40.071008000011894],[-75.191374999586046,40.071234999728638],[-75.190625999573513,40.071989000117064],[-75.190325000172948,40.07223299992296],[-75.189982999866189,40.072481999823829],[-75.189582000008201,40.07281000004032],[-75.189202999891506,40.073173999797746],[-75.190830999612928,40.074114000249381],[-75.191740000357342,40.074652000123827],[-75.194991999602223,40.076496000147898],[-75.195938000156573,40.077033999763607],[-75.196419000380516,40.077304999941902],[-75.197601000038105,40.077990999722374],[-75.197720999688698,40.078061000026807],[-75.198334000157104,40.07841500020897],[-75.198492000340849,40.078507000335577],[-75.200377999805127,40.079589999908315],[-75.200927999626032,40.079899000022799],[-75.202651999606928,40.080894000199358],[-75.204147000157278,40.081741000123976],[-75.204716000244758,40.082070999839864],[-75.204865000207676,40.082157000215332],[-75.206322000224873,40.082992999803579],[-75.206711000387301,40.083213999906256],[-75.207648999647404,40.083667999689048],[-75.207840000341434,40.083778000095208],[-75.208411999903646,40.08417499969535],[-75.20873999996671,40.084435000119612],[-75.209396000092823,40.084926999748866],[-75.209770000186637,40.085133000328412],[-75.210387999779613,40.085391999838947],[-75.210448999878977,40.085418999946121],[-75.211455999634381,40.085883000115075],[-75.211525000129669,40.085915000010168],[-75.211720000123336,40.086012000287496],[-75.211868000261347,40.086085999881782],[-75.211927999637481,40.086006000316836],[-75.212007000178531,40.085967999803273],[-75.212110999935589,40.085961999828797],[-75.212193999776261,40.085970999790312],[-75.212375000424544,40.085994999682057],[-75.212469999960788,40.086065999999384],[-75.213198000056934,40.086864999664996],[-75.213301999814007,40.086962999944298],[-75.21338800002772,40.087041999779196],[-75.213569999602612,40.087154000188384],[-75.214347999927469,40.087604999897337],[-75.215172000283076,40.088074000110069],[-75.216696000247424,40.088954999796307],[-75.216781999562841,40.089005000118341],[-75.216798000354672,40.089015000315804],[-75.217964000118727,40.089683999948519],[-75.218000999928663,40.089705000083235],[-75.219649999566471,40.090653999835475],[-75.22005600034565,40.090889000111964],[-75.220233999722566,40.090989999861584],[-75.220304999867693,40.091030000163279],[-75.221222000109705,40.091556999967104],[-75.221572999738996,40.091754999752958],[-75.222419999660801,40.092232000151689],[-75.223609999714313,40.092906999826752],[-75.225182000257561,40.091346999918812],[-75.227707000129527,40.088818000072727],[-75.227775999726489,40.088744999966941],[-75.227829000328256,40.088696000096803],[-75.227882000031698,40.088641999722185],[-75.228277000041913,40.088250999829654],[-75.228689999595474,40.087838999736256],[-75.228974000175924,40.087555999893837],[-75.229061000214557,40.087469000179404],[-75.229580999898232,40.086953000132652],[-75.229611999860381,40.086922000019946],[-75.229771999693938,40.086758000075569],[-75.230499999790084,40.086022000237364],[-75.230648999753001,40.086040000143448],[-75.230713000225421,40.085961999828797],[-75.230989000409934,40.08611899967493],[-75.231038999740335,40.08606899998211],[-75.231231000259271,40.086179999937748],[-75.231550999926412,40.085849000210096],[-75.231996999990258,40.086112999713713],[-75.232166999869563,40.085940999913845],[-75.233195000439679,40.085925999970598],[-75.233385000410465,40.086057000050374],[-75.233407000151786,40.086557000225127],[-75.2341129996083,40.086537999781136],[-75.234197000172202,40.086533999831722],[-75.234480999854341,40.086520000006779],[-75.23465099973366,40.086513000093227],[-75.235331999974107,40.08643400033165],[-75.235615999656247,40.086401999993271],[-75.235115000239148,40.08583900023482],[-75.234721000053852,40.085379999787868],[-75.23493100011612,40.085264999878362],[-75.235486999784825,40.085016999992],[-75.235701999869988,40.084882999937967],[-75.235968999833673,40.084752999674485],[-75.23895300018826,40.084535999823643],[-75.239012999564409,40.084526999672342],[-75.239195000037597,40.084502999950438],[-75.239256000136962,40.084494999812115],[-75.23935999989402,40.084298000233943],[-75.239585000024931,40.084110000293265],[-75.240189000272508,40.083608999985358],[-75.240220000234672,40.083601999772483],[-75.240738000268522,40.083063999815266]]]},"properties":{"ZCTA5":"19118"}},{"type":"Feature","geometry":{"type":"Polygon","coordinates":[[[-75.091310999826248,40.038586000083171],[-75.091334000290772,40.0384089998985],[-75.091227999985563,40.038341000128959],[-75.090739000264023,40.038026999888714],[-75.090100999681255,40.037673000284613],[-75.089404000445569,40.037263000327016],[-75.089595000241275,40.037065000293531],[-75.089807999778301,40.036834000100946],[-75.090057000198641,40.036586999976201],[-75.090233999750652,40.036405999962788],[-75.090437000140241,40.036204000037969],[-75.090626000286122,40.036005000327108],[-75.090834999625187,40.035794000189441],[-75.089282000246826,40.03495400021616],[-75.089153000375404,40.034880000092755],[-75.088712000334439,40.034619000280394],[-75.087893000001685,40.034166999734182],[-75.087785999871571,40.034134000219147],[-75.087698999832938,40.034096000340909],[-75.086598000366209,40.033374000007569],[-75.08612899983784,40.033085000330878],[-75.086480000365441,40.032900000304394],[-75.085321000274064,40.032147000097105],[-75.085157000242532,40.032232000124786],[-75.085055000135284,40.032275000147024],[-75.084953000028037,40.032307999873723],[-75.084831999654199,40.032348999657913],[-75.084753999836394,40.032028000017974],[-75.084691000087204,40.031765000089145],[-75.08460099967553,40.03171599980724],[-75.084553999819875,40.031681999689233],[-75.084486999872723,40.031634000141132],[-75.084371000420077,40.031555000008872],[-75.084197000342797,40.031437999801604],[-75.084111000129084,40.031617999825698],[-75.08351299972928,40.031755999843497],[-75.08335799991859,40.031325999944272],[-75.082443000224686,40.030773000102371],[-75.08234799979013,40.030716000219492],[-75.082295000086674,40.030771999984147],[-75.08070800037315,40.029876999739678],[-75.080608999740633,40.029823000192408],[-75.079720999810917,40.029335000000799],[-75.079985000299871,40.029059999662813],[-75.079693000221823,40.028893999745122],[-75.079651000389035,40.028994999946235],[-75.079487000357517,40.029166999781026],[-75.079425000433218,40.02921400023633],[-75.078791000048426,40.028857999991452],[-75.078719000078394,40.028818000319298],[-75.078261000318989,40.028555999857417],[-75.078181999777954,40.028516000008153],[-75.078139000120245,40.028494000115479],[-75.077678999812719,40.028235999718753],[-75.077594000322222,40.028152999839598],[-75.077534999872668,40.028094999673456],[-75.076807999601442,40.027688999881228],[-75.077030000257608,40.02744500015497],[-75.076774000164562,40.027380999755273],[-75.075636999814506,40.027080000133274],[-75.075487999851603,40.027070999957317],[-75.07536700037609,40.027037999760523],[-75.075141000420274,40.026848000338767],[-75.074943999878471,40.026691000080596],[-75.074782000395061,40.026555999985888],[-75.072942000063236,40.028498000033977],[-75.074033000382542,40.029117000241691],[-75.073732999908572,40.029783999843133],[-75.071064999921475,40.028306000242793],[-75.067956999718319,40.0265830000262],[-75.067089999705004,40.026776000028619],[-75.065403000432369,40.027033000271267],[-75.065107999981251,40.027073000302231],[-75.064911000337759,40.027169999764077],[-75.06487000032989,40.02724799999006],[-75.064615999886684,40.027513999948951],[-75.064319999610674,40.027822000162338],[-75.06400400014148,40.028165000342192],[-75.063146000348993,40.027700999777558],[-75.06304099986869,40.027546999915529],[-75.062923999692828,40.027371000138771],[-75.062644000208664,40.027409000324425],[-75.062567000215765,40.027420000102701],[-75.062526000207896,40.027425000251434],[-75.062393999963405,40.027443999987952],[-75.062390999590363,40.027583999838178],[-75.062388000115632,40.027700999777558],[-75.062425999750459,40.027978999881114],[-75.062486000024919,40.028284000282341],[-75.061782000218201,40.027904000283961],[-75.061597000270297,40.028094000203836],[-75.061537999820757,40.028025000308595],[-75.060716999838178,40.028139999865907],[-75.060606000408427,40.028169000279973],[-75.060480000011722,40.028098000145789],[-75.060274000147402,40.027972000142313],[-75.05998200006934,40.027793000288625],[-75.05922700020902,40.027908999709382],[-75.058957999697185,40.028262000314854],[-75.058822000153071,40.028413000168001],[-75.058407000051389,40.02884900005008],[-75.05795000011689,40.028591999770505],[-75.05787099957584,40.028519999925365],[-75.05787099957584,40.028688999823849],[-75.058183999570304,40.029228000146119],[-75.058208999684652,40.029201999918229],[-75.059305999851745,40.029802000165816],[-75.058715999847863,40.030417999863374],[-75.058176000072692,40.030119000141063],[-75.05787399994891,40.030454000169435],[-75.057231000241586,40.030093999693136],[-75.056692000291306,40.029796000058788],[-75.056613999575205,40.029867999932755],[-75.05635900020539,40.030109000238127],[-75.056038999639952,40.030432000213949],[-75.055416000024096,40.030086000043092],[-75.05527000043422,40.030219999903991],[-75.054800000080931,40.030642000312596],[-75.055298999848219,40.030919000007373],[-75.055216000007562,40.031018999846793],[-75.054995999899532,40.031254999656959],[-75.054866000203191,40.031181999759205],[-75.054584000170877,40.031385000223658],[-75.054513999850684,40.031436000272492],[-75.05442199978917,40.031502999941509],[-75.054147000327887,40.031705000033931],[-75.053850000226959,40.032029000117781],[-75.053249000352423,40.031700000198889],[-75.05317900003223,40.031781999785686],[-75.052998000282258,40.031929999796894],[-75.052661999823272,40.032319000237663],[-75.052075000192431,40.032932000329957],[-75.05097200017758,40.03232400002728],[-75.049910000170598,40.032609999903556],[-75.04870099985051,40.032945000078143],[-75.048573999628914,40.032981999824095],[-75.047718000384563,40.033301000314296],[-75.046770000180402,40.033682999973152],[-75.046853999845965,40.033757000019797],[-75.047056000410649,40.033870000084782],[-75.046950999930345,40.034001999935789],[-75.046724000149624,40.034239999876156],[-75.04666899989806,40.034209999912051],[-75.046344000208038,40.034388000055984],[-75.046312000420983,40.034370000255755],[-75.046233999704867,40.034417999941752],[-75.046126999574753,40.034482999992903],[-75.045410000247585,40.034910999819594],[-75.045292000246789,40.034981999740026],[-75.044545999709001,40.035370999968265],[-75.044436000104142,40.035428000087606],[-75.043773000305322,40.03577099984814],[-75.043687000091595,40.035815999790969],[-75.043539999778503,40.035892999715976],[-75.043000000003332,40.036179999796019],[-75.042908999766738,40.036226000194986],[-75.04280800038272,40.036278000100303],[-75.042480000319657,40.036450000139439],[-75.042322999960817,40.036613000140058],[-75.042282999777854,40.036591000107833],[-75.042256999838585,40.036609000009662],[-75.04218999989142,40.036628999971448],[-75.042069000415921,40.036664999750279],[-75.04178200036074,40.036944999826694],[-75.041691999949052,40.036893999770662],[-75.041487999734557,40.037119000297132],[-75.040860000095847,40.03675699986286],[-75.040666999751991,40.036834000100946],[-75.040593999957053,40.036859000141703],[-75.041691999949052,40.038217999817213],[-75.042088999609106,40.037983000041812],[-75.042209999982916,40.038051000168394],[-75.04257099965794,40.038256000149694],[-75.043217999563225,40.038622000204363],[-75.043635000213072,40.038858999840187],[-75.043762000434654,40.038914999796305],[-75.043899999628607,40.038976999694079],[-75.043935999613623,40.039021000275127],[-75.04458699971687,40.039412000142754],[-75.044944999917149,40.039629000019985],[-75.044604000333621,40.039987999701502],[-75.045110999598506,40.039868000251978],[-75.045514000004644,40.03976900030645],[-75.045584000324837,40.0398909998992],[-75.04594300035005,40.04025500016045],[-75.046654999654336,40.040634000147335],[-75.047073999954009,40.040873000295313],[-75.047339000267868,40.040592999842055],[-75.047423999758365,40.040497000188282],[-75.047771999912925,40.04069599985754],[-75.047342999567505,40.041120999991982],[-75.047718000384563,40.041337999932246],[-75.04775699984431,40.04130299983327],[-75.048571999979089,40.041750000060865],[-75.048663000215669,40.041794000227931],[-75.048771999995608,40.041846999969394],[-75.050227000362995,40.042659999768674],[-75.050287999564048,40.04271300021248],[-75.050387000196579,40.042797000195613],[-75.051886000046551,40.04362400006341],[-75.05222800035331,40.043270999880029],[-75.05311399973489,40.043763999711778],[-75.054061000114146,40.044325000163781],[-75.054261999955614,40.044435000156078],[-75.054287000069962,40.044447999774569],[-75.054432999659824,40.044528000017351],[-75.054489999561227,40.044559000172136],[-75.054646000095161,40.044644999773546],[-75.053960999656724,40.045296000322232],[-75.053953999984017,40.045306999966463],[-75.052455000134046,40.046731999699929],[-75.052797000440805,40.046922000118705],[-75.053331000368175,40.047220999752305],[-75.055031999884548,40.048171000050516],[-75.056656000306319,40.049084000246026],[-75.058104999927579,40.04986599990886],[-75.05828400002774,40.049688000285364],[-75.060654000088988,40.050998999701193],[-75.06242499992554,40.051989999957925],[-75.064185999716372,40.050129000166862],[-75.064560999635077,40.050338000291461],[-75.064842999667377,40.050493999920704],[-75.065131000445788,40.050664000203298],[-75.065401999709124,40.050809000331753],[-75.065754999886551,40.051008000157623],[-75.066045000314787,40.051180999990237],[-75.066532000386502,40.051461000279453],[-75.066624000448002,40.051365000113407],[-75.067154000177425,40.0508039998345],[-75.067195000185308,40.050759999981395],[-75.067717000417133,40.050216999971717],[-75.067770999945481,40.050160999671483],[-75.068309999895732,40.049590000000592],[-75.068381000040844,40.049515000101493],[-75.068831000302652,40.049039000119947],[-75.068918000341284,40.048976999744774],[-75.068974000417782,40.04893700018264],[-75.069448000070707,40.048434999831095],[-75.06951900021582,40.048354000186883],[-75.069587999812796,40.048275000169482],[-75.069669000003643,40.048320000112255],[-75.070193999710185,40.047764000248058],[-75.070237000266218,40.04771899993824],[-75.070135999983876,40.047663000336406],[-75.070315000084008,40.047476000227441],[-75.070413999818214,40.047531999982901],[-75.070797999957776,40.047102999724622],[-75.070885999821314,40.047004999849506],[-75.071356000174603,40.046477999767994],[-75.070886999646234,40.046218000227384],[-75.071464000129652,40.045646999848124],[-75.072070000027054,40.045024000114843],[-75.07254500040321,40.04528400008315],[-75.0730950002241,40.044652999778933],[-75.073149999577382,40.044590000312823],[-75.073657999565498,40.044014999668221],[-75.073720000388107,40.043944000212683],[-75.07416800010175,40.043463000181156],[-75.074266999835956,40.043400000303116],[-75.074388000209765,40.043323999848809],[-75.074837999573262,40.042850999786246],[-75.074896000197882,40.042807000301316],[-75.074968999992834,40.042752999988096],[-75.075426999752224,40.042268000008207],[-75.075472999782988,40.042163999665377],[-75.075523999836619,40.04204899968353],[-75.075815999914653,40.041745000274496],[-75.075856999922536,40.041709999696749],[-75.075914999648859,40.041660999683003],[-75.076052999741123,40.041513000157451],[-75.076193000381522,40.041362999697185],[-75.076246999909884,40.041330000225571],[-75.075834000356323,40.041095000171467],[-75.076236999864136,40.040685000157104],[-75.077744000110059,40.041535999937523],[-75.077939999928617,40.041318999939726],[-75.078151999640724,40.041096000138317],[-75.078330999740871,40.040909999866393],[-75.077257999863235,40.04031200032388],[-75.077431999940501,40.040123000033319],[-75.077594000322222,40.03994699969553],[-75.077616000063529,40.0399590001863],[-75.077796999813486,40.039764999673473],[-75.077845000392372,40.039713999663284],[-75.077990999982262,40.039558000123478],[-75.078110999632855,40.039428000005138],[-75.078089999716468,40.039417000100151],[-75.078221999960931,40.039275999785254],[-75.078262000143908,40.039233000050686],[-75.078586999833917,40.038882999826981],[-75.078657999979029,40.03885699984086],[-75.078210000265358,40.038617000188673],[-75.078389000365505,40.038433000043739],[-75.078620000344188,40.038204999698635],[-75.078998999562558,40.037796000203862],[-75.079157999571223,40.03762100006751],[-75.079264999701351,40.037516000182805],[-75.079350000090145,40.037432999904034],[-75.079546999733651,40.037221000034513],[-75.079836000336968,40.036920999845535],[-75.079870999598754,40.03694899993733],[-75.079909999956811,40.03701000022037],[-75.080600000418102,40.037403999989991],[-75.081280999760281,40.037781999989406],[-75.081977999894292,40.03816299998627],[-75.082627000347699,40.038515999793049],[-75.08313799981056,40.038790999831583],[-75.083290000146519,40.0388969998154],[-75.084022000440626,40.038134999705171],[-75.084464000306511,40.037657000010384],[-75.084773999927904,40.037837000127638],[-75.085035999868722,40.037983000041812],[-75.085589000062669,40.038272000283328],[-75.084412000427946,40.039499000037011],[-75.084895000301714,40.039798999888276],[-75.085334999619448,40.040044000105929],[-75.085650000162047,40.040217000254223],[-75.085962000331577,40.040395999826423],[-75.087821000031681,40.041448999891422],[-75.088238999608095,40.041639999862845],[-75.088401999814721,40.04192499991634],[-75.088373000400722,40.04177199980407],[-75.088241000156231,40.041124999857693],[-75.088209000369204,40.041037000007165],[-75.088202999623107,40.040956999794439],[-75.088184000254842,40.040766999944573],[-75.088196999775306,40.040527000137622],[-75.088236999958283,40.040326999997021],[-75.088242999806056,40.040304999787566],[-75.088380000073414,40.039856999730212],[-75.088565999846267,40.039096000027762],[-75.08872800022796,40.038248000081467],[-75.088730999702705,40.038235999977346],[-75.088708999961383,40.037950000309984],[-75.088892000259492,40.038085999873338],[-75.088874999642741,40.038210999753687],[-75.089247999911635,40.038419999966095],[-75.089449999578008,40.038540999904889],[-75.089972999634739,40.038845999843765],[-75.090543000445436,40.03914199983523],[-75.091310999826248,40.038586000083171]]]},"properties":{"ZCTA5":"19149"}},{"type":"Feature","geometry":{"type":"Polygon","coordinates":[[[-75.196687000169106,39.90085699974901],[-75.196923000170671,39.900883999856013],[-75.195938000156573,39.899926999829006],[-75.195420999947629,39.899029999721812],[-75.195579000131389,39.897940000005498],[-75.196238999557139,39.893365000083392],[-75.196165999762201,39.893113999804719],[-75.195877999882114,39.892903000007152],[-75.195338000106943,39.892430000116306],[-75.195513999834048,39.891840000248543],[-75.195229000327004,39.877208000167769],[-75.194229000244306,39.877660999987022],[-75.193413000284608,39.878020000299401],[-75.190135000202147,39.879462999778916],[-75.188980000308746,39.879994000006455],[-75.18833099985531,39.880234000033667],[-75.187661000383812,39.880458000036569],[-75.187221000167753,39.880583000243199],[-75.187035000394914,39.880635000069056],[-75.186266000290885,39.880775999756359],[-75.18541699982093,39.880853000049825],[-75.184947000365966,39.880885999853732],[-75.184568000249286,39.880913000245464],[-75.183784000076628,39.880891999941674],[-75.17928699962836,39.880763000002638],[-75.178233000017286,39.880803000191413],[-75.176887000328179,39.880899999828408],[-75.175045000346515,39.881018000289139],[-75.174311000402582,39.881084999963811],[-75.172143999832599,39.881287000212367],[-75.169654999945649,39.88158100011826],[-75.166995000354461,39.882029999781118],[-75.165314999856193,39.882353000219688],[-75.164186999726979,39.882571000253279],[-75.163811999808246,39.882634000291972],[-75.162885000418797,39.882789000283076],[-75.162170999668035,39.882907000250363],[-75.159972000209322,39.883192000274441],[-75.157630999562045,39.883376999740676],[-75.152371999580751,39.883751000054531],[-75.149246999659155,39.883934999880402],[-75.1469469999181,39.884061000150666],[-75.146163999570376,39.884103999697523],[-75.14525899992222,39.884237000337521],[-75.144606000169162,39.884339000223385],[-75.144366999794542,39.884424000127183],[-75.14330599961248,39.884850000320327],[-75.142343000238,39.885209999711236],[-75.141117000199486,39.88592999971516],[-75.140389000103355,39.886612999998718],[-75.139554999702,39.887373999695768],[-75.13901900012479,39.887902000268866],[-75.137730000337086,39.88917700007763],[-75.136890000087945,39.890081000337943],[-75.136285999840368,39.890751000004236],[-75.135853000195326,39.891266000239341],[-75.13556799978997,39.891776000312646],[-75.134996000227758,39.892857000255781],[-75.141533000126103,39.895062000252786],[-75.144184000394773,39.895633000088374],[-75.144225000402642,39.895647999837664],[-75.14424999961868,39.895662000243981],[-75.144277000281164,39.895682000130257],[-75.145586999985284,39.895857000092285],[-75.145924000269176,39.895900999847015],[-75.147110999949646,39.896060000260285],[-75.151526000382148,39.896647000286052],[-75.153668999764378,39.89693199970413],[-75.154006000048255,39.896976000147099],[-75.154341999608931,39.89702399990891],[-75.154679999717729,39.89706400025905],[-75.155020000374677,39.897075999670385],[-75.155361999783125,39.897081999719845],[-75.156727999563728,39.897122000036134],[-75.157070999695392,39.897131000104082],[-75.15843599965109,39.897170999702567],[-75.158777999957849,39.897179999764091],[-75.160826999628739,39.8972390001381],[-75.161168999935512,39.897248000190679],[-75.165608999584066,39.897377000125331],[-75.165950000065905,39.897388000167304],[-75.16697500026298,39.897418000272772],[-75.167315000021617,39.897429000308108],[-75.167658000153281,39.897439000338771],[-75.167997999911904,39.897449999681605],[-75.168340000218663,39.897459999709149],[-75.169705000174361,39.897503999813125],[-75.170045999757889,39.897520999845689],[-75.170095000161695,39.897519999843915],[-75.170388999889568,39.89754199988014],[-75.17072600017346,39.897582999928858],[-75.17106000008431,39.897638999955774],[-75.171389999797199,39.897710999923113],[-75.171710000362651,39.897798999780449],[-75.172028000379967,39.897896000181454],[-75.172343000024213,39.897997999730343],[-75.172656999843596,39.898101999803224],[-75.172972000386167,39.898204999726495],[-75.174062999807163,39.898359999660492],[-75.174862000048421,39.898473999752831],[-75.174959000132787,39.898488000270959],[-75.175318999982892,39.898539000312994],[-75.175570999877976,39.898568999914595],[-75.175884999697331,39.898606000094311],[-75.176222999806129,39.898643000254047],[-75.176561999739846,39.89866599991489],[-75.176903000221714,39.898652000122247],[-75.177242000155402,39.898612999995656],[-75.177576000066253,39.898556000088867],[-75.177906999604048,39.898494000196798],[-75.178571000126098,39.898364000307794],[-75.179023000037716,39.898272999825217],[-75.179562999812873,39.898166000034713],[-75.179893000424073,39.898098999823212],[-75.180224999786788,39.898033000229717],[-75.180555000397973,39.897965999888193],[-75.182871000032563,39.897501999808995],[-75.185189000215303,39.897048000121792],[-75.186185000100039,39.896860000296755],[-75.18651800018597,39.896799000261012],[-75.186850000446995,39.896740000197404],[-75.187182999634601,39.896682000097073],[-75.187519000093587,39.896636000125135],[-75.18785899985221,39.896608999722716],[-75.188200000334078,39.896584000029847],[-75.188541999742512,39.896569999811881],[-75.18888200039946,39.896596000214394],[-75.189219999609932,39.896641000198507],[-75.189552999695877,39.896694000264446],[-75.189879000109102,39.896774999960925],[-75.189992999911922,39.896809999706569],[-75.190100999866942,39.896777999998896],[-75.190649000038036,39.896618999873048],[-75.1915470000135,39.896251000273359],[-75.19194000037389,39.896089000235207],[-75.192034999910135,39.896381000035532],[-75.192048000328924,39.896421000071818],[-75.192054000176711,39.896436000337843],[-75.19206599987227,39.896472000273711],[-75.192073000443287,39.896495999990712],[-75.192425999722374,39.897576999923267],[-75.192433000293391,39.897600999942497],[-75.192508999563074,39.897723999909132],[-75.192530000377772,39.897752999869127],[-75.192648000378554,39.897895000185144],[-75.192699000432157,39.897950999957054],[-75.192722999823303,39.89797999982099],[-75.192772000227109,39.898034000224065],[-75.192795999618241,39.898063000052822],[-75.192846999671872,39.898117999694442],[-75.192972000243643,39.898256999970187],[-75.192994999809869,39.898285999704633],[-75.193019999924232,39.89831400012573],[-75.19310799978777,39.898430000271645],[-75.193171000435271,39.898518999882157],[-75.193209999895032,39.898578999778856],[-75.193230999811419,39.898609000052133],[-75.193250999902901,39.898639000312258],[-75.193346000337456,39.898791999987324],[-75.193363000055911,39.898823000150124],[-75.193399000040912,39.898884999744539],[-75.193450000094529,39.898977000084152],[-75.193496999950213,39.899072000237794],[-75.193510000369002,39.89910400025262],[-75.193526000262509,39.899137000230752],[-75.193537999958082,39.899168000237488],[-75.193553999851602,39.899200000207486],[-75.193592000384768,39.899297000003784],[-75.193629000194676,39.899393999662728],[-75.19363900024041,39.899426000216408],[-75.193651999760903,39.899460000012972],[-75.193705000362669,39.899623000323565],[-75.193713999685173,39.89965500008114],[-75.193723999730921,39.899688999764081],[-75.193772000309821,39.899853000186937],[-75.193794999876033,39.899953000336168],[-75.193800999723805,39.899986999871253],[-75.193809000119728,39.900020000113294],[-75.193819999990382,39.900085999860607],[-75.193828000386304,39.900153000196852],[-75.193834000234091,39.900187000321871],[-75.193835999883902,39.900219999778471],[-75.193849000302706,39.90033800006514],[-75.193850000127625,39.900356000044297],[-75.193857999625223,39.900425999994823],[-75.193860000173359,39.90046099994332],[-75.19386299964809,39.900495999873883],[-75.193866999846065,39.900567000327889],[-75.193869000394201,39.900601000247491],[-75.193871000044027,39.900637000062922],[-75.193874000417068,39.900777999961818],[-75.193872999693838,39.900812999730469],[-75.193872999693838,39.900848000170399],[-75.193870000219107,39.900953000004634],[-75.193867999670957,39.90098900032423],[-75.193860999998265,39.901059000317325],[-75.193844000279839,39.90119900008888],[-75.193793000226222,39.901549000333802],[-75.193782000355554,39.901617999812778],[-75.193774999784537,39.901653999783001],[-75.19376999976167,39.901687999852406],[-75.19373499960156,39.901898000231313],[-75.193731000301923,39.90193300011704],[-75.193722999906001,39.90196799998489],[-75.193681999898132,39.902212000004198],[-75.193676999875251,39.902247999662393],[-75.193671999852384,39.902282000126142],[-75.193664000354772,39.902316999815724],[-75.193660000156811,39.902352000176577],[-75.193651999760903,39.902386999830398],[-75.194538999865685,39.902499000256384],[-75.196687000169106,39.90085699974901]]]},"properties":{"ZCTA5":"19112"}},{"type":"Feature","geometry":{"type":"Polygon","coordinates":[[[-75.161772000358184,39.960421000144088],[-75.161958999955928,39.959571000079727],[-75.15988400034577,39.959311999673936],[-75.159732999834716,39.95999699983367],[-75.159697999674606,39.960156000172105],[-75.161772000358184,39.960421000144088]]]},"properties":{"ZCTA5":"19108"}},{"type":"Feature","geometry":{"type":"Polygon","coordinates":[[[-75.20421800030239,39.984850000263059],[-75.204416999595708,39.983168999961769],[-75.201830999624377,39.980356999880811],[-75.198653999824259,39.978456999855503],[-75.194086000129175,39.976185999758094],[-75.193984999846819,39.976131999721048],[-75.193744999647322,39.975379999819324],[-75.193723999730921,39.975285000211578],[-75.193060000107195,39.975353999729656],[-75.192271999736604,39.975442000311006],[-75.191817000350241,39.97549300017355],[-75.191332999753257,39.975543999998102],[-75.190994999644445,39.97553100032993],[-75.190623000098782,39.975485999870749],[-75.189961000124867,39.975402999863924],[-75.188212999854528,39.975175000247162],[-75.187120999710331,39.97503500028666],[-75.187058999786046,39.975027999936934],[-75.186938000310548,39.975012000118213],[-75.186683999867327,39.974979999781212],[-75.186591999805827,39.975371999951697],[-75.186021999893427,39.975294999886664],[-75.185597999570888,39.975240000278824],[-75.185332000330433,39.975192999827883],[-75.185108000024442,39.975160000019223],[-75.185124999742868,39.975073000009274],[-75.185034000404599,39.975062000055495],[-75.184708999816266,39.975021000274857],[-75.183543999877131,39.974876000131289],[-75.183408000333017,39.974851000099179],[-75.183301000202889,39.974830999929225],[-75.183276000088512,39.974954000227775],[-75.182917999888232,39.974907999828616],[-75.181867999576809,39.9747720003231],[-75.181879000345788,39.974717000294362],[-75.181779999713257,39.974703999780466],[-75.181289000341906,39.974640000179782],[-75.180825999661309,39.974588000115908],[-75.180360000404306,39.974531000119583],[-75.180271999642443,39.974523000152502],[-75.180280000038366,39.974485000124133],[-75.179647000376775,39.974402000278467],[-75.179572000033701,39.974388999704601],[-75.179510000109431,39.974378999896992],[-75.179490999842841,39.974458999693965],[-75.178766000119765,39.974364999750762],[-75.178423999813006,39.974319999900665],[-75.178233000017286,39.974305000173487],[-75.178250999560632,39.974217000193413],[-75.177952999634797,39.974209000189582],[-75.177852000250795,39.974246999683054],[-75.17786300012142,39.973832000066793],[-75.177862000296528,39.97247999985445],[-75.177538000431426,39.972437000020975],[-75.177027999895159,39.972373999959821],[-75.176540999823445,39.972310000242615],[-75.171004000007812,39.972948999948414],[-75.170335000361206,39.972876000331681],[-75.170300000201109,39.972871999907191],[-75.170259000193241,39.973035999908461],[-75.168874000146062,39.973197000072624],[-75.167219999587047,39.973397000094749],[-75.167421000326826,39.972493000103007],[-75.166539000244896,39.972380000295978],[-75.166335999855292,39.972355000039293],[-75.165849999608497,39.972293999787638],[-75.164277999963559,39.972081000344076],[-75.164179000229367,39.972486999776777],[-75.163681000286999,39.972411999785081],[-75.16365100014977,39.972515999742306],[-75.163261000162422,39.972447999708749],[-75.163275000406117,39.972356999922482],[-75.162919999680582,39.972312000127118],[-75.162791999634067,39.972266000015004],[-75.162629000325751,39.972236999943405],[-75.162588000317868,39.972440999782485],[-75.161019999972595,39.972236999943405],[-75.161036999691021,39.972130000071239],[-75.160419999922965,39.972059000160122],[-75.160457999557806,39.971884999707306],[-75.160223000279473,39.971851999678286],[-75.160286000028663,39.971576000126014],[-75.15944199958156,39.971466999998306],[-75.15923700044047,39.972384000060828],[-75.159055999792201,39.973205000194909],[-75.15878200015581,39.974482000048518],[-75.158526000062778,39.975850000211331],[-75.158225999588808,39.97721600009686],[-75.158239000007597,39.977280000038725],[-75.157914000317589,39.978707000341068],[-75.157581000231644,39.980222999858576],[-75.15725499981842,39.981693000197041],[-75.156915000059783,39.983219000125729],[-75.156792999861054,39.98381500014348],[-75.156679000058233,39.984378000293219],[-75.156618999783788,39.984677000132066],[-75.156547999638676,39.985007999824866],[-75.156468000171046,39.985380999858855],[-75.156397999850839,39.985708999999567],[-75.15633900029961,39.985982000032259],[-75.156274999827204,39.986282999897995],[-75.15711099987837,39.986398000278598],[-75.157178999650441,39.986407999704028],[-75.15789900024896,39.986492000188548],[-75.158679000223643,39.986602999908321],[-75.159105000196007,39.98666100023582],[-75.159473000442048,39.986706000218682],[-75.160024000087844,39.986778000129576],[-75.160486999870116,39.98683999991556],[-75.161031999668154,39.986907000009609],[-75.161598000280918,39.986975000109723],[-75.162055000215403,39.987042000071312],[-75.162611999709,39.987112000176744],[-75.163175999773628,39.987181000141682],[-75.163400000079605,39.987208999997819],[-75.163615999989673,39.987243000250153],[-75.164184000252234,39.987311000015879],[-75.16497599992249,39.987420999716193],[-75.165761999744944,39.987514000219377],[-75.166407999825324,39.987598000032236],[-75.166983999585511,39.987664000009353],[-75.167633000038933,39.987751999879663],[-75.168428000082201,39.987856999952058],[-75.169233999996166,39.987958999690797],[-75.169161000201228,39.988345000117036],[-75.168894000237529,39.989550000252976],[-75.169460999776888,39.989629000150529],[-75.170273000436936,39.989738000216406],[-75.171190999605557,39.989854999657872],[-75.171566000422601,39.989902999688432],[-75.171743999799517,39.989924000293385],[-75.171937999968264,39.989823000077635],[-75.172409999971364,39.989579999893785],[-75.17279199956279,39.989383999891707],[-75.173078999617985,39.989238999942629],[-75.173363000198407,39.989093000333199],[-75.173933000110821,39.988802000223245],[-75.173988000362385,39.988774999688992],[-75.174503999848113,39.98851100025017],[-75.174665000404929,39.988427000183485],[-75.175802999681565,39.98881199998506],[-75.177206000170415,39.98899100022291],[-75.178041000396675,39.989102000011734],[-75.178616000331942,39.989178999660083],[-75.178991000250662,39.989225000087863],[-75.178978999656763,39.989307999823851],[-75.17890699968676,39.989635999692716],[-75.179018000014835,39.989649000118831],[-75.179752999783673,39.989748999872432],[-75.179838000172481,39.989328999923522],[-75.180256999573814,39.989388000037849],[-75.18061099957616,39.989430000181478],[-75.180558999697624,39.989668000048866],[-75.180705000185796,39.989685999941486],[-75.180668000375888,39.989864999953802],[-75.181306000060331,39.989935999947946],[-75.181327999801653,39.98981799992675],[-75.181812000398637,39.989879999706652],[-75.181896999889133,39.989891000028074],[-75.183394000089294,39.99007500032382],[-75.183341000385866,39.990306999870583],[-75.183283999586138,39.990603999875738],[-75.183182000377187,39.991052999913492],[-75.183100000361421,39.991385999698345],[-75.184698999770532,39.991588000175973],[-75.18492700027447,39.990593999688002],[-75.185145999659269,39.990890999821751],[-75.185460000376949,39.991383999683805],[-75.185599000294118,39.991698999874068],[-75.185580999852462,39.991532999917744],[-75.185893000021991,39.990111999915733],[-75.185995999954159,39.990123000199787],[-75.186713000179637,39.990214999753043],[-75.186371999697798,39.991777000037587],[-75.186548000323199,39.991823000092303],[-75.18691599967093,39.991935000095907],[-75.18718099998479,39.992014999986047],[-75.187417999811245,39.992105999747167],[-75.187777999661364,39.992180000151784],[-75.188135999861643,39.992158000244494],[-75.189001000225147,39.992030999952824],[-75.189351999854424,39.991963000068139],[-75.189371000120985,39.99218300013861],[-75.189464999832339,39.992492000138974],[-75.189568999589397,39.992695000086655],[-75.189735999993971,39.992880999681944],[-75.189966999972654,39.993037999956229],[-75.190216000393008,39.993158999864349],[-75.190457000417439,39.993237999717159],[-75.190763999665776,39.993281000225906],[-75.191601000440187,39.993305999708916],[-75.191844000114429,39.9933540000672],[-75.191998999925119,39.993443000154763],[-75.19212899962146,39.993596999900795],[-75.192207000337589,39.993800000005223],[-75.192199999766572,39.99398799997067],[-75.192152000085997,39.994223999853567],[-75.192087999613577,39.994430000047146],[-75.192044000130963,39.994526999799497],[-75.192268000436954,39.994618000342989],[-75.192403000156148,39.994674000140698],[-75.192626999563828,39.994771000234707],[-75.193985999671739,39.995365000047336],[-75.197789000359066,39.991305999759739],[-75.201106999726193,39.987635000277542],[-75.204003000217227,39.985904000134227],[-75.204084000408088,39.985856000046802],[-75.20421800030239,39.984850000263059]]]},"properties":{"ZCTA5":"19121"}},{"type":"Feature","geometry":{"type":"Polygon","coordinates":[[[-75.155144000223245,39.943987999955979],[-75.155169000337594,39.94386499973038],[-75.154477000226464,39.943781999901162],[-75.153662999916605,39.94367500026317],[-75.153595000144534,39.943664000078499],[-75.153544999915823,39.943888000046968],[-75.153345999724181,39.943841000080518],[-75.153356999594848,39.943787999991784],[-75.153163000324398,39.943763000299512],[-75.153096000377246,39.943753000144554],[-75.153083999783377,39.94381499970428],[-75.153016000011306,39.943807000275228],[-75.153020000209267,39.943786999976673],[-75.152958000284983,39.943778999855681],[-75.152961999584633,39.943759000237669],[-75.152904999683216,39.94374700005087],[-75.152889999614615,39.94381499970428],[-75.152636000069705,39.943780999886016],[-75.152527000289766,39.943760000253135],[-75.152549999855978,39.943652999892066],[-75.152487999931708,39.9436439997382],[-75.152463999642251,39.943756000191179],[-75.152376999603632,39.943744000003846],[-75.152384000174635,39.943713000198812],[-75.15206799980713,39.943672000212992],[-75.151970999722764,39.943694999905688],[-75.151980999768497,39.943649999840879],[-75.152025999974342,39.943454999677208],[-75.151962000400246,39.943461999816272],[-75.151805000041406,39.943442000105648],[-75.151646999857675,39.943422999720852],[-75.151491000222052,39.943400999957383],[-75.151332000213401,39.943384000291864],[-75.151119999602969,39.943356999720613],[-75.15107799977018,39.943557000255971],[-75.151013000371165,39.943549000108028],[-75.150999999952376,39.943605999764188],[-75.150552000238719,39.943549000108028],[-75.150522000101475,39.943691999856384],[-75.150451999781282,39.943681999691051],[-75.150338999803381,39.94372999978259],[-75.150425999842028,39.94334900023803],[-75.150538999819929,39.942821999977674],[-75.148946000258604,39.942627000209001],[-75.148763999785416,39.943523000309504],[-75.147838000220858,39.943411000163842],[-75.147188999767437,39.943334999935935],[-75.147216000429935,39.943203999725583],[-75.146832000290388,39.943163000123477],[-75.146904000260392,39.942805000168292],[-75.14653699983927,39.942759000176729],[-75.14648800033379,39.942982000326374],[-75.146365000310141,39.942967999949197],[-75.146284000119294,39.94295700033959],[-75.146275999723372,39.943005000251013],[-75.146151000049898,39.942985999744849],[-75.145819999613792,39.942950000148798],[-75.145818999788872,39.943162000099235],[-75.145597999855937,39.94313400010445],[-75.145380000296058,39.943106000098219],[-75.145243000028699,39.943087000308836],[-75.145105999761356,39.943067999825445],[-75.143641000246546,39.942884999720562],[-75.143520999697643,39.943453000326002],[-75.143365999886953,39.944145000303401],[-75.143334999924789,39.94430600032058],[-75.142959000181165,39.944255999928046],[-75.142862999921689,39.944242999819963],[-75.14260900037678,39.944210000223336],[-75.142961999655896,39.942439000128374],[-75.143104999771026,39.94084800000028],[-75.142801999822311,39.940818000319126],[-75.142384000245897,39.940779000094082],[-75.142230000260099,39.940763999895644],[-75.142210000168632,39.940761999777116],[-75.142142000396561,39.940756000109893],[-75.14209100034293,39.940750999812884],[-75.142030000243565,39.940745000144688],[-75.1419540000756,39.940737999727588],[-75.141930999611034,39.939562000075149],[-75.141821000006189,39.939563000151956],[-75.141815999983322,39.939377000076966],[-75.140047999621501,39.939092000236499],[-75.140019000207502,39.939078999836077],[-75.14000999998666,39.93878000027545],[-75.140024000230355,39.938762000062127],[-75.140045000146756,39.938755000130932],[-75.141800000089788,39.939029999840933],[-75.1418079995874,39.938875000328132],[-75.141925999588182,39.938869999893662],[-75.141920999565301,39.938629999960028],[-75.140020000032393,39.938278999686496],[-75.139995999742979,39.93826900010761],[-75.139988000245367,39.938249999663832],[-75.139983000222486,39.938023000225662],[-75.140003000313968,39.938003999713636],[-75.141677000066153,39.938304000004962],[-75.141722000271983,39.938283000068701],[-75.141790000044054,39.938285999666377],[-75.141836999899724,39.938264999724588],[-75.141851000143433,39.938220000221243],[-75.141816999808242,39.938177000193662],[-75.141743000188384,39.938141000133783],[-75.141645000279098,39.9381070002512],[-75.141502999988859,39.938072000253086],[-75.141142000313863,39.938022000126352],[-75.141138999940807,39.937878000135804],[-75.141183000321732,39.937887999771824],[-75.141220999956573,39.937894999791702],[-75.141727000294864,39.93794500001124],[-75.141774000150534,39.937947000212098],[-75.14210899988629,39.937956999838093],[-75.142089999619714,39.936225999976209],[-75.142109999711181,39.936103000262094],[-75.142152000442294,39.935793000024489],[-75.142308000077904,39.935373999955779],[-75.142585000087351,39.934851000160222],[-75.142561999622828,39.934846000120487],[-75.142469999561314,39.934836000039979],[-75.142338000215148,39.934832000145093],[-75.142056000182833,39.934740999890757],[-75.142103999863409,39.934698999891545],[-75.142098999840528,39.934586999767539],[-75.142056000182833,39.93457799979884],[-75.142012999626814,39.934558999707924],[-75.141979000189949,39.934540000300551],[-75.141949000052705,39.934508999769733],[-75.141913999892623,39.934479000064819],[-75.141893999801127,39.934441999974432],[-75.141882999930473,39.934400999943932],[-75.141877999907607,39.934357000119107],[-75.141875000432861,39.934310999958917],[-75.141877000082687,39.93426300014815],[-75.141882999930473,39.9342140001487],[-75.141881000280648,39.934156000089985],[-75.140733999884844,39.934007000129434],[-75.140846000037854,39.933439000328221],[-75.140866000129336,39.933430000208567],[-75.141675000416342,39.933540999994626],[-75.141740999640248,39.933551000264359],[-75.141749000036171,39.933516000002669],[-75.141779000173401,39.933522000304613],[-75.141744000013304,39.933673000269131],[-75.141810000135536,39.933681999668046],[-75.141911000417878,39.933201000285926],[-75.141378000315413,39.933129999904622],[-75.141204000238133,39.933105999933709],[-75.141205999887958,39.933076999785456],[-75.142159999939892,39.933206999926703],[-75.142869999594382,39.933304999954728],[-75.143155999824657,39.933332999838534],[-75.143418999590381,39.933221999715137],[-75.143596000040716,39.932412999727134],[-75.143873000050135,39.931112999676628],[-75.144013999617144,39.930457000155116],[-75.144191000067451,39.929802000077103],[-75.144298000197566,39.929296000138649],[-75.144357999573728,39.929031000132483],[-75.144431000266977,39.928765999789327],[-75.144483999970419,39.92857899975386],[-75.144494000016167,39.928543000156218],[-75.144584000427855,39.928228999839732],[-75.144653000024817,39.92798399993729],[-75.144704999903354,39.92774900027549],[-75.144757999606796,39.927493000004326],[-75.144779000421508,39.927364999854198],[-75.143546999636897,39.927205000191051],[-75.142098000015636,39.927016000193348],[-75.141876000257781,39.927316999994538],[-75.141821999831095,39.927405999965977],[-75.141663999647363,39.927481999973914],[-75.14150899983666,39.927445000234414],[-75.140893999718429,39.927227000339123],[-75.140880000373031,39.927122000132378],[-75.140826999771278,39.927021999687341],[-75.140584999921941,39.926437000047208],[-75.140261000056825,39.926353000165342],[-75.13400799984062,39.925824000041999],[-75.134119000168695,39.926085999930287],[-75.134653999920999,39.927369000185394],[-75.135177999802622,39.928698000336503],[-75.135310000047113,39.92928499970909],[-75.135607999972933,39.930656999818545],[-75.135780000400388,39.931571999833082],[-75.135911999746554,39.93244500001046],[-75.135953999579343,39.93380299996717],[-75.135927999640089,39.93436100004174],[-75.135838000126711,39.936547999703997],[-75.135799999593559,39.937433999807226],[-75.135745000240291,39.938736999911022],[-75.13571400027817,39.939479999925481],[-75.135721999775754,39.940148999948846],[-75.135699000209542,39.940794999659275],[-75.135762999783637,39.941962999827318],[-75.135860999692937,39.942649000221287],[-75.135966000173241,39.943289000300737],[-75.136140000250506,39.944415999678164],[-75.136227000289139,39.944932000076619],[-75.136315999977597,39.945841000100877],[-75.136288000388504,39.946588000005796],[-75.136171000212642,39.947476000195358],[-75.136037000318339,39.948268999914099],[-75.135890999830153,39.948884999813806],[-75.13580499961644,39.949233000278852],[-75.135761000133812,39.949452000257551],[-75.135741000042344,39.949518999818544],[-75.135319000267941,39.950812999897089],[-75.134878000226976,39.952076000140096],[-75.134688000256176,39.952498000205857],[-75.134515000003816,39.952878999756805],[-75.134454999729357,39.952994999762517],[-75.13424200019233,39.953419000104361],[-75.133854999679741,39.954216999790447],[-75.133760000143496,39.954459999714601],[-75.133698000219226,39.954619999700512],[-75.133346999691625,39.955113000277528],[-75.132638999686961,39.956381000150053],[-75.132267999966203,39.957043000043655],[-75.131538000220232,39.958282999946213],[-75.131079999562516,39.958908999869976],[-75.130880000444293,39.959143999946953],[-75.131742000434741,39.95983799981407],[-75.134386000132395,39.959896000136887],[-75.137090999929399,39.960199999931987],[-75.137150000378952,39.960052000001241],[-75.137540000366286,39.958918999875081],[-75.137824999873317,39.958095000198703],[-75.138008999996345,39.957696999855706],[-75.138239999975028,39.957317999924378],[-75.138318999617752,39.957196999892794],[-75.138434000143789,39.957020000018545],[-75.138604000023093,39.956765000269691],[-75.138860000116125,39.956797000182362],[-75.139630000045074,39.956887000200673],[-75.139953999910176,39.956927999840765],[-75.140384000080488,39.956984000233206],[-75.140731000410113,39.95702899978982],[-75.140998000373799,39.957062999909517],[-75.141411999752279,39.957116999862428],[-75.141421999798013,39.957058999936827],[-75.141455000308298,39.956825999918088],[-75.141468999653696,39.95673700033386],[-75.141566999562968,39.955941999953886],[-75.141575999783811,39.955878999840401],[-75.141585999829559,39.955753999968032],[-75.141712000226249,39.955870999756279],[-75.141913000067703,39.956026999851119],[-75.142176999658332,39.956184000112557],[-75.142366999629147,39.956274000249003],[-75.142441000147301,39.95630899988754],[-75.142832999784474,39.956439999792188],[-75.143195000182715,39.956542000290533],[-75.144254999641561,39.956783999703191],[-75.144451000358444,39.956837999876406],[-75.144620000412857,39.956914000251928],[-75.145058999905686,39.956996000163748],[-75.145792000024684,39.957131000098308],[-75.146007000109861,39.95717099977265],[-75.147187000117611,39.957388000180664],[-75.147271999608108,39.957403999993119],[-75.147376000263492,39.957422999937677],[-75.147448000233524,39.957436000295317],[-75.147642000402286,39.957500000166263],[-75.147994999681373,39.957561999661344],[-75.148080000070195,39.957577000308206],[-75.148538999654505,39.957637000108257],[-75.148779999678936,39.957659999925845],[-75.148876999763303,39.957663999863435],[-75.149132999856349,39.957674000050559],[-75.149526000216753,39.95766200023894],[-75.150172000297133,39.957592000263126],[-75.150313999689018,39.957559000220186],[-75.150654000345966,39.957481000243099],[-75.150881000126688,39.957421000306176],[-75.151488999673902,39.957257000026246],[-75.151631999789046,39.957216999713616],[-75.151683999667583,39.957201999676393],[-75.152060000309547,39.957097999832854],[-75.152287000090254,39.957040999712461],[-75.152475000411229,39.956986999699588],[-75.15255900007682,39.956962999833195],[-75.152771999613833,39.956914000251928],[-75.152892999987671,39.956884000041313],[-75.152528999939591,39.956906000288875],[-75.152319999702215,39.9569159998983],[-75.152359000060272,39.956766000095044],[-75.152400999893061,39.956588999793922],[-75.152406999740847,39.956566000304726],[-75.152496000327631,39.95625300031957],[-75.152676000252683,39.955488999813568],[-75.152682000100455,39.955314999878702],[-75.152692000146217,39.955151999906143],[-75.152706000389912,39.955068999998943],[-75.152734999803911,39.955008000160603],[-75.152942000391462,39.954068999994441],[-75.15303100007992,39.953651000153293],[-75.153143000232916,39.953152999976282],[-75.153335999678447,39.952282000011195],[-75.153361999617715,39.952165000280893],[-75.153583000448961,39.951126999895365],[-75.15371099959718,39.950533999673993],[-75.153789000313296,39.950190000004426],[-75.153917000359826,39.949615000041305],[-75.154017999743829,39.949113000342216],[-75.154088000064036,39.94880299981854],[-75.154247000072687,39.948094000253384],[-75.154365999898374,39.9475250003402],[-75.154411000104218,39.947318999916426],[-75.154492000295093,39.946953999888891],[-75.154661000349478,39.946195000090761],[-75.154759000258764,39.945729000306294],[-75.154926999589932,39.94494100006105],[-75.155078999925905,39.944312999683916],[-75.155144000223245,39.943987999955979]]]},"properties":{"ZCTA5":"19106"}},{"type":"Feature","geometry":{"type":"Polygon","coordinates":[[[-75.202536999979202,40.017969999656977],[-75.202552999872736,40.017940999723209],[-75.202369999574628,40.017851000301043],[-75.202250999748927,40.017793999940572],[-75.202060999778141,40.017701999704911],[-75.201290000024301,40.017201999814816],[-75.201269000107899,40.017188999818337],[-75.199853999923505,40.019370000090447],[-75.197636000198187,40.021460999970806],[-75.196061000180222,40.022503000152604],[-75.195010999868799,40.023197999993648],[-75.194954999792301,40.023142000202363],[-75.194495000383085,40.022662999753528],[-75.193975999626005,40.022003999916102],[-75.193690000294055,40.02163999992856],[-75.193481000056678,40.021354000148435],[-75.193090000244425,40.020954000335827],[-75.192404999805987,40.020495000225786],[-75.192152000085997,40.020317000287541],[-75.191706999847071,40.019869000327908],[-75.190301999708424,40.020966000041],[-75.190382000074365,40.021175999699288],[-75.190539000433191,40.021408000208353],[-75.190965000405555,40.021781000244857],[-75.190527999664226,40.022182000268906],[-75.190401000340941,40.022294000005544],[-75.190295999860638,40.022355000325256],[-75.187680999576983,40.020158000274655],[-75.18699100001399,40.02065999967661],[-75.189428999847323,40.022746000120975],[-75.188612000062705,40.023056999854028],[-75.18807899996024,40.023241999748258],[-75.187817999844341,40.023338000302616],[-75.184932000297351,40.024398999919143],[-75.183995999788735,40.024772000113586],[-75.182455999930866,40.025342999889226],[-75.179953999625127,40.02306500032833],[-75.179449999834972,40.023046000060198],[-75.17903399990837,40.023329000320857],[-75.178140999955787,40.022595000106548],[-75.178161999872188,40.022320000114654],[-75.178228999819325,40.021795999866157],[-75.178291999568515,40.021271999720959],[-75.178321999705759,40.02100999985911],[-75.178350000193149,40.020747999679173],[-75.178362999713627,40.020484000018904],[-75.178351999842974,40.02025800006637],[-75.178351000018068,40.020221000298072],[-75.178298000314612,40.01996199998252],[-75.178217999948671,40.019687999978373],[-75.178120999864291,40.01943500003442],[-75.178028999802791,40.019181000240224],[-75.177931999718396,40.018927999792396],[-75.177828999786243,40.018676999685567],[-75.177710999785475,40.018429999852245],[-75.177566000020519,40.018191000170724],[-75.177385000270547,40.017967000115107],[-75.177191999926706,40.017750000112549],[-75.176996999933024,40.017533999732201],[-75.176610000318746,40.017099999723008],[-75.175850000435545,40.016254000086953],[-75.176832000076601,40.015670000326722],[-75.177026000245348,40.015556999695875],[-75.17761600024923,40.01521299976541],[-75.178463999995969,40.014618999931393],[-75.178340000147401,40.014521999825305],[-75.178228999819325,40.014434999719278],[-75.17786899996922,40.014686999959004],[-75.17731599977526,40.015072999985279],[-75.176825000403895,40.015364999948545],[-75.17649300014287,40.015560999684915],[-75.175668999787263,40.016051000003003],[-75.175217999700564,40.016317999917007],[-75.174860000398581,40.016530000086448],[-75.174036999867894,40.016962000327496],[-75.17340500003121,40.017225999854716],[-75.172937000226057,40.017402999974287],[-75.172342000199322,40.01760400022976],[-75.172122000091292,40.017670000102385],[-75.171943999816065,40.017724000325899],[-75.170778000051996,40.017960000037036],[-75.169644000074996,40.018118999667927],[-75.167889000131964,40.018367000239095],[-75.167000000377342,40.01846699990373],[-75.166724000192815,40.0184980002103],[-75.166005000317512,40.018620000015105],[-75.165381999803344,40.018763999887426],[-75.164337000413113,40.019059999664513],[-75.163758000279884,40.019233999668664],[-75.162646999869096,40.019571000055649],[-75.162600999838347,40.019586000162782],[-75.161656000007227,40.019864999903483],[-75.161013000299903,40.020055999785725],[-75.160732999917428,40.020138999884885],[-75.160680000213958,40.020145999739427],[-75.160655999924529,40.020266000180975],[-75.160638000381169,40.020332999814009],[-75.160587000327553,40.02047200022897],[-75.160466999778635,40.020737999778376],[-75.160204999837816,40.021311000121152],[-75.159573999826051,40.020922999769141],[-75.158598999857702,40.021309999864201],[-75.158022000272624,40.021540000098433],[-75.158271999619558,40.021858999753078],[-75.1590349998758,40.022799999767095],[-75.157904000271841,40.023702999708107],[-75.157828000103862,40.023752999776143],[-75.157240999574711,40.024088000112279],[-75.157152999711158,40.024130000237548],[-75.156965000288508,40.024220999847046],[-75.156048999871373,40.02468999966662],[-75.154245000422861,40.025633999737529],[-75.154124000049052,40.025918999960098],[-75.154063999774593,40.026197999944294],[-75.154011999896056,40.02644499986075],[-75.153905999590847,40.026938999762201],[-75.154175000102683,40.026930000255483],[-75.154488999922037,40.026777999694346],[-75.155360000133314,40.026323999785063],[-75.15569400004415,40.026129999693367],[-75.15550200042351,40.02706900030023],[-75.155454999669544,40.027298999692796],[-75.15537600002682,40.027682000112669],[-75.15528399996532,40.028173000217528],[-75.155170999987419,40.028674000342271],[-75.155961000007821,40.028767999836269],[-75.156330999903687,40.028818999778295],[-75.156219999575612,40.029376000196358],[-75.156062000290177,40.030088999739988],[-75.156381000132399,40.03012900004255],[-75.156498000308275,40.030140000070062],[-75.156498000308275,40.03037999997828],[-75.156513000376876,40.030456999850145],[-75.156508000354023,40.031111000009837],[-75.154775999977204,40.031451999942774],[-75.155515999768923,40.032183000178435],[-75.155642000165614,40.03234700015549],[-75.155721999633229,40.032502000278839],[-75.155791000128517,40.032690000279622],[-75.155822000090666,40.032876999674841],[-75.155818999717624,40.033075000174996],[-75.155325999798109,40.035299999765058],[-75.155304000056816,40.035515000250314],[-75.155329000171179,40.035715000061238],[-75.155426000255531,40.035959999821188],[-75.155518000317059,40.036101000114925],[-75.155181000033153,40.036365999902586],[-75.155057000184584,40.036520999833151],[-75.155001000108101,40.036749000306571],[-75.15441500030218,40.039493000095291],[-75.154325999715411,40.039892999868137],[-75.154226000156285,40.03987200019121],[-75.153944000124,40.039837000027461],[-75.15372300019105,40.040841999839962],[-75.153889999697313,40.040930999911382],[-75.154067999972554,40.041015999994812],[-75.154411000104218,40.041131000343512],[-75.154734999969321,40.04121700014263],[-75.155063000032385,40.041262999894712],[-75.155351999737391,40.041279000010498],[-75.155998999642676,40.04127800004634],[-75.15633900029961,40.041274000189652],[-75.15630699961423,40.040434000320587],[-75.156985000379976,40.040771999802615],[-75.157951000127511,40.041258000072688],[-75.158357999833271,40.041486999798735],[-75.158341000114845,40.042021000310427],[-75.158675000025696,40.041690999807884],[-75.159271999702256,40.041108999705727],[-75.16008799966194,40.041599000162492],[-75.16018800011939,40.041603000000165],[-75.160701999955279,40.04194499969438],[-75.161004000079075,40.042145999854476],[-75.160763999879563,40.04237799988077],[-75.161062999630303,40.042559999805327],[-75.161183000179221,40.042443999856665],[-75.161471999884213,40.042617000105018],[-75.161288999586105,40.04279299974025],[-75.161512999892096,40.04292899995999],[-75.161452999617651,40.042986999890282],[-75.161516000265152,40.043015000242136],[-75.161472999709119,40.043059000280508],[-75.161526000310886,40.043093000228247],[-75.161583000212303,40.043129000033012],[-75.161787000426798,40.043252999673655],[-75.162845000235819,40.043917000167838],[-75.162872999824913,40.043888000260552],[-75.162937000297333,40.043930999810371],[-75.162994000198736,40.04396899970974],[-75.163227999652165,40.044120999783324],[-75.163276000231036,40.044074999896353],[-75.163553000240483,40.044246000291153],[-75.163595999898178,40.044275999966253],[-75.16365100014977,40.044315000280719],[-75.163872999907611,40.044443000186106],[-75.163821000029088,40.044494000097529],[-75.16390600041791,40.044544999970853],[-75.1639690001671,40.044576000117949],[-75.16406399970333,40.044623000269659],[-75.164389000291649,40.044841999890913],[-75.164974000272665,40.044263000314963],[-75.165200000228467,40.044408000305694],[-75.16491200034838,40.044691999877678],[-75.164938000287648,40.044714999960718],[-75.164719999829444,40.044926999912391],[-75.164554000148101,40.04507999982151],[-75.164708000133871,40.045174999992319],[-75.164575999889408,40.045312000179273],[-75.164830000332614,40.045468000307913],[-75.1653850001764,40.045809999869682],[-75.165789000407443,40.045401999820953],[-75.166068999891621,40.045575000128004],[-75.166382999710962,40.045770999722805],[-75.166452000206249,40.04581900032364],[-75.166515999780358,40.045864999721509],[-75.167226000333144,40.046306000267549],[-75.167305999800774,40.046341999751078],[-75.16738500034181,40.046377999903314],[-75.168081999577495,40.046806999910388],[-75.167966999949769,40.046917000023988],[-75.168018999828291,40.046953999753434],[-75.168073000254978,40.046992000030912],[-75.168407999990734,40.047202000023887],[-75.168580000418174,40.047269000019789],[-75.168630999573494,40.047304999682467],[-75.169147999782439,40.047665999947839],[-75.169778999794204,40.047059000233169],[-75.169794999687724,40.047095000006749],[-75.169911999863587,40.047342999764233],[-75.17001700034389,40.047592999737859],[-75.170326999965283,40.048346999788635],[-75.170603999974716,40.049029000240715],[-75.17071399957959,40.049096999665657],[-75.170884000357219,40.04919900005126],[-75.171095000244406,40.049329999951702],[-75.171445000048777,40.04898400007832],[-75.171666999806632,40.049130000191397],[-75.171590999638653,40.04920300013066],[-75.171985999648868,40.049450999783119],[-75.172182000365751,40.049259999689752],[-75.172657999668488,40.050059000037841],[-75.172887999822265,40.050430999663767],[-75.173260000266254,40.05066699968269],[-75.173883999707016,40.050058000202455],[-75.17478199968248,40.050621000086913],[-75.174593000434896,40.050807999819725],[-75.175114999768397,40.05114299998516],[-75.17635599987554,40.049942999783596],[-75.176757999558433,40.050200999890606],[-75.175151999578333,40.05180900026356],[-75.175261000256583,40.05188299989274],[-75.175804000404796,40.052240999882159],[-75.177447000194846,40.05060900009758],[-75.178519000247562,40.049518000319111],[-75.179193999741941,40.04887200015645],[-75.180255999748923,40.047798999780859],[-75.181388000076097,40.048467999989647],[-75.182797000412734,40.047073999797341],[-75.18220300021089,40.045894000163173],[-75.183080000269953,40.045068000232121],[-75.183709999558474,40.045444999791208],[-75.185045000275252,40.044145999903193],[-75.185134999788616,40.044045000132755],[-75.185553000263369,40.044311999834115],[-75.185522000301233,40.044221000207898],[-75.186000000152106,40.043760000000873],[-75.187221000167753,40.04258599975492],[-75.187755000095137,40.042062999709636],[-75.188211000204717,40.04159199975831],[-75.18829700041843,40.041547000188416],[-75.189479000076034,40.042307000095875],[-75.190249999829859,40.04278800003042],[-75.190194999578296,40.042427000066965],[-75.190149000445857,40.042166000255385],[-75.190099000217131,40.04190600008738],[-75.190044999790459,40.041646000303331],[-75.189988999713961,40.041386000215553],[-75.189927999614611,40.041126999790443],[-75.189863000215581,40.040867999756948],[-75.18979500044351,40.040611000062995],[-75.189717999552315,40.040354000088065],[-75.189638000084685,40.040097999813739],[-75.189599999551547,40.039986999718408],[-75.189551000046052,40.039842999938905],[-75.189458999984538,40.03958999977602],[-75.189361000075252,40.039338000042555],[-75.189242000249564,40.039048000195542],[-75.190085999798356,40.038231999942155],[-75.191129000437073,40.038839999844583],[-75.191572999952783,40.038428000014143],[-75.190987000146833,40.037353000277236],[-75.192935000433735,40.035462999763247],[-75.193127000054332,40.035380999787535],[-75.193290000260973,40.0355199998057],[-75.193980999648858,40.036097999994638],[-75.197269999602,40.03458899979524],[-75.197673999833029,40.03440399972159],[-75.197646000243935,40.03426899976008],[-75.197621999954492,40.034161000011139],[-75.197534999915845,40.03389200030697],[-75.197300999564135,40.033624999694581],[-75.197120999639083,40.033375000087588],[-75.197175000065755,40.033329999909718],[-75.197266000302349,40.033283000227186],[-75.197573000448998,40.033257000169357],[-75.197918000230501,40.033242999710879],[-75.198677000288782,40.033101999698403],[-75.199037000138887,40.032958999910036],[-75.199249999675914,40.032731999923634],[-75.199596000180634,40.032387999916182],[-75.199658000104904,40.03232400002728],[-75.199569000416446,40.032265999968672],[-75.199370000224832,40.032147000097105],[-75.199177999705881,40.032003999682082],[-75.199000000328965,40.031892000066321],[-75.198745000060853,40.03175200011605],[-75.198570000158654,40.031604999824587],[-75.198366999769078,40.031385000223658],[-75.198189000392148,40.031168999674989],[-75.198081000437114,40.03098299983894],[-75.198052999949709,40.030839999734816],[-75.198090999584537,40.030606000105763],[-75.198136999615301,40.030357999998941],[-75.198200000262801,40.030056999756219],[-75.198247999943376,40.0297529998494],[-75.198289999776179,40.029526000198416],[-75.198289999776179,40.029337999730714],[-75.198241000270698,40.02913500005252],[-75.198158000430013,40.028911000157215],[-75.198077000239167,40.028701999692863],[-75.197926999553005,40.028477999751338],[-75.197889999743097,40.028395000166583],[-75.197853999758081,40.028314000101595],[-75.19774099978018,40.028086000319242],[-75.19763299982516,40.027797000248221],[-75.19758299959642,40.027724000088917],[-75.197719999863779,40.027692999846913],[-75.197641000221068,40.027636000141712],[-75.197559000205302,40.027603999695046],[-75.197469999618519,40.027557999671544],[-75.197380000105142,40.027512999782992],[-75.197287000218736,40.027467999864754],[-75.197192999609086,40.027430999879186],[-75.197081000354416,40.027399000024197],[-75.196963000353648,40.027381999923165],[-75.196847999827597,40.027368000322333],[-75.196717000306336,40.027348999876814],[-75.196615000199088,40.027348999876814],[-75.196508999893879,40.02736899980259],[-75.196421999855247,40.02739699968884],[-75.196355999733001,40.02740699998936],[-75.196308999877346,40.027397999856497],[-75.196206999770084,40.027400000191875],[-75.196077999898662,40.027437000194254],[-75.196052999784314,40.027437999673495],[-75.195988000385299,40.027436000027116],[-75.195902000171571,40.027437000194254],[-75.195810999934963,40.027442000341743],[-75.195692999934181,40.027436000027116],[-75.19553399992553,40.027420000102701],[-75.195189999968946,40.027401999839249],[-75.195047999678721,40.027401999839249],[-75.194909999586457,40.027404000174521],[-75.194769999844382,40.027417999767955],[-75.194650000193775,40.027449000134915],[-75.19452600034522,40.027473000009969],[-75.194414000192239,40.027502000019716],[-75.19433700019934,40.027536000157738],[-75.19423900029004,40.027570000278807],[-75.194127000137058,40.027594000111293],[-75.19400300028849,40.027615000129764],[-75.193891999960414,40.027631000008448],[-75.193698999616558,40.027666999721781],[-75.193624000171795,40.027670000212943],[-75.193529999562159,40.027654000343396],[-75.193450000094529,40.027627000039111],[-75.193384999797203,40.027599999724139],[-75.19335600038319,40.027578999701042],[-75.19333000044395,40.027548000080991],[-75.193320000398188,40.027515000114953],[-75.193322000048013,40.027495999710375],[-75.193322000048013,40.027470999676787],[-75.193327000070894,40.027424000084167],[-75.193338999766439,40.027379000107217],[-75.193353999835068,40.027335999749951],[-75.193382000322472,40.027289000064272],[-75.193424000155261,40.027229000199],[-75.193475000208892,40.027174999931184],[-75.193527999912334,40.027124000135792],[-75.193551000376871,40.027105999794252],[-75.193599000057432,40.027065999782636],[-75.19365599995885,40.027014999905703],[-75.193710000385522,40.026962999816675],[-75.193752000218325,40.026905000014466],[-75.19376999976167,40.026848999826633],[-75.193780999632324,40.026809999840602],[-75.193800999723805,40.026777000205442],[-75.193846999754555,40.026739999845077],[-75.19398900004478,40.026658999878478],[-75.194075000258508,40.026603999668005],[-75.194134999634656,40.026560000018023],[-75.19418099966542,40.02651399997837],[-75.194230999894131,40.026471999944988],[-75.194296000191443,40.026424999664073],[-75.194368999986381,40.026383999758472],[-75.194439000306588,40.02633899978337],[-75.19450700007863,40.02628800005084],[-75.194575999675621,40.026244999693759],[-75.194656999866481,40.026192999705636],[-75.194775999692155,40.026086999924537],[-75.194845000187442,40.026036000003664],[-75.194921000355436,40.025976999912714],[-75.194979000081759,40.025940999995377],[-75.195039000356218,40.025905000059041],[-75.195070000318353,40.0258620001484],[-75.195131000417703,40.0257140000409],[-75.195159999831716,40.025630999844672],[-75.195193000342002,40.02555900031377],[-75.19526299976387,40.025442000140032],[-75.195293999726005,40.025372000116555],[-75.195312000167675,40.025313000139263],[-75.195313999817515,40.025244000182653],[-75.195319999665287,40.025166999929397],[-75.195332000259157,40.025080999838586],[-75.195332000259157,40.025009999929885],[-75.195328999886129,40.024963000017543],[-75.195333999908982,40.024899000040882],[-75.195339999756769,40.024846000197435],[-75.195338999931863,40.024813999817823],[-75.195357000373519,40.024793999830841],[-75.195383000312788,40.024769999701206],[-75.195406999703906,40.024727999969926],[-75.195427999620307,40.024683000278259],[-75.195453999559589,40.024636000140582],[-75.195475000374302,40.024587000240693],[-75.19550100031357,40.024517000027835],[-75.195527000252824,40.02443300022788],[-75.195544999796184,40.024388999865536],[-75.195567000435801,40.024351000061365],[-75.195600000047776,40.02432099987513],[-75.19564600007854,40.024297999792253],[-75.195760999706252,40.024252000291042],[-75.195790000018576,40.024236999833903],[-75.195814000308019,40.024222000061329],[-75.195842999722018,40.024200999686286],[-75.195947000377402,40.024136000155103],[-75.195990999860015,40.024108999834183],[-75.196078999723568,40.024053000102789],[-75.196221000013807,40.023984999777483],[-75.196320999572919,40.023927999725736],[-75.196457000015343,40.023846999859892],[-75.196581999688803,40.023768999872701],[-75.196708999910427,40.023693000240407],[-75.196833999583887,40.023624000021179],[-75.196918999972709,40.023573999858606],[-75.197022999729782,40.023520000137168],[-75.19712400001211,40.023469999898381],[-75.197221000096491,40.023431000044354],[-75.197340999747112,40.023374999756456],[-75.197442999854346,40.023319000110462],[-75.197536999565671,40.02325699973629],[-75.197611999908759,40.023217999760568],[-75.197690999551455,40.023161999985703],[-75.197887000268366,40.023068999877225],[-75.197986999827478,40.023029000250212],[-75.198056000322765,40.022996999706208],[-75.198134999965461,40.022958000269746],[-75.198240000445779,40.02291400033198],[-75.198335999806915,40.022882999967941],[-75.198457000180753,40.022849999809026],[-75.198776999847894,40.022756999963192],[-75.198883000153117,40.022723000195022],[-75.198987999735095,40.022683999914044],[-75.199080999621501,40.02265799994364],[-75.199164000360497,40.022621000100962],[-75.19923999963018,40.02259300031821],[-75.199319999996106,40.022572999680193],[-75.199423999753179,40.022532000211285],[-75.199600000378581,40.022457999681286],[-75.199652000257132,40.022431000072174],[-75.199785000326514,40.022340000138961],[-75.200000000411663,40.02217799998008],[-75.200190000382477,40.022028000330835],[-75.200289000116669,40.021939999915354],[-75.200366999934474,40.021861999811797],[-75.200418999813024,40.021823999975979],[-75.200453000148201,40.021786000119],[-75.20049499998099,40.021737000235987],[-75.200581000194717,40.021657000084588],[-75.200632000248348,40.021605000039081],[-75.200678000279098,40.021546000243745],[-75.200700999845324,40.021508999798002],[-75.20073400035561,40.02144399976595],[-75.200780000386359,40.021376000279957],[-75.200804999602397,40.021240999986702],[-75.200816000371361,40.021149000270817],[-75.200826000417109,40.02109800009822],[-75.200838999937574,40.021061000097525],[-75.200855999656014,40.021030999840519],[-75.200898000387127,40.020962999942881],[-75.200929000349277,40.020909999793595],[-75.200961000136317,40.020820000159716],[-75.20098600025068,40.020760000108474],[-75.201002999969106,40.020727999876172],[-75.201059999870523,40.020636999735409],[-75.201068000266432,40.020598000325869],[-75.201105999901273,40.02052500003056],[-75.20116299980269,40.020408999749336],[-75.201223000077135,40.02032299985239],[-75.201249999841323,40.02027999986327],[-75.201290000024301,40.020223000155937],[-75.201320999986436,40.020185999680749],[-75.201353999598396,40.020152000007272],[-75.20139899980424,40.020078999922767],[-75.201433999964337,40.020007000036223],[-75.201479000170167,40.019926999920251],[-75.201519000353144,40.019846999710538],[-75.201541999919357,40.019805999979489],[-75.201571000231695,40.019758000330135],[-75.201609999691428,40.019704999932777],[-75.201680000011635,40.019603000142602],[-75.201735000263199,40.019526999997503],[-75.201770000423323,40.019472999824856],[-75.201820999578615,40.019389000006385],[-75.20186800033261,40.019303000199798],[-75.20191799966301,40.019219000172065],[-75.201961000219029,40.01914899995532],[-75.201983999785242,40.019109000094055],[-75.20199899985387,40.019057999772564],[-75.202023000143299,40.01902600011794],[-75.202039000036848,40.019000999732391],[-75.202085000067598,40.018932999875595],[-75.202121000052585,40.018877000023593],[-75.202234000030501,40.018688000183751],[-75.202300000152746,40.018561999999747],[-75.202439000069916,40.018319000265471],[-75.202473000405107,40.018260999994276],[-75.202490999948438,40.018209000112535],[-75.202504000367242,40.018159000109527],[-75.202521999910587,40.018119999971603],[-75.20252799975836,40.018094000325981],[-75.202530000306524,40.018048999698664],[-75.20252799975836,40.018014000031116],[-75.202536999979202,40.017969999656977]]]},"properties":{"ZCTA5":"19144"}},{"type":"Feature","geometry":{"type":"Polygon","coordinates":[[[-75.107001999556417,40.048997000204707],[-75.107033000416877,40.048970000098173],[-75.106652999576966,40.048717000108297],[-75.106363000047054,40.048522999759953],[-75.106219000107018,40.048443999938463],[-75.105952999968224,40.048721000216041],[-75.105886000021073,40.048665999917837],[-75.104530000286218,40.047879000217222],[-75.104815999618168,40.047558000099343],[-75.104733999602388,40.047466000118909],[-75.104668000378481,40.047385000010948],[-75.104733999602388,40.047174000016362],[-75.104612000301984,40.047095000006749],[-75.104504000346935,40.047020999993087],[-75.104355000384018,40.046872999724783],[-75.104076999651369,40.04671500029179],[-75.102082000407165,40.045727999958224],[-75.101704000115376,40.04552000004221],[-75.101104999890651,40.045038000217765],[-75.100668999872568,40.044785000076075],[-75.100374000319789,40.044604999732535],[-75.100072000195993,40.04492400018043],[-75.099138000235541,40.044404999863175],[-75.099190999938969,40.044349000289763],[-75.099115999595909,40.04429200006269],[-75.099035000303374,40.044230000183916],[-75.098492999980053,40.043928000034576],[-75.098724999783641,40.043690000208514],[-75.098357000435939,40.043483000195728],[-75.09815400004635,40.043701000111888],[-75.097410999881589,40.04331800024368],[-75.097323000018051,40.043259999907292],[-75.097533999905238,40.043039000141562],[-75.097331000413959,40.042924000260129],[-75.096603000317828,40.042487000317166],[-75.097955999679627,40.041371000087686],[-75.098473999713491,40.040954999856702],[-75.098892000188229,40.040589999919384],[-75.099112000296259,40.04040500030731],[-75.099339000076981,40.040197999949321],[-75.099595000170012,40.039977999870047],[-75.099821999950748,40.039798999888276],[-75.100271000387636,40.039426000022559],[-75.100728000322107,40.039020000277851],[-75.10117900040882,40.038652000290874],[-75.101341999717121,40.038501999726414],[-75.101571999870899,40.038292999765282],[-75.099385000107745,40.036760999984573],[-75.099122000341993,40.036580999778259],[-75.098434000428824,40.036113999946863],[-75.098415999987168,40.036101000114925],[-75.097502999943103,40.036925999985584],[-75.096991999581917,40.036941999743533],[-75.096846999816989,40.036969999826709],[-75.096774999846957,40.036933000181065],[-75.096233000421961,40.036645999831151],[-75.096097999804442,40.036574000234431],[-75.09556600042518,40.037177999691799],[-75.094769999658681,40.037820999891892],[-75.094299000378783,40.03820199967091],[-75.092029999701552,40.040214000315018],[-75.091915999898745,40.040045000088142],[-75.091590000383817,40.039734000089823],[-75.090665999570788,40.039209000187014],[-75.090543000445436,40.03914199983523],[-75.089972999634739,40.038845999843765],[-75.089449999578008,40.038540999904889],[-75.089247999911635,40.038419999966095],[-75.088874999642741,40.038210999753687],[-75.088892000259492,40.038085999873338],[-75.088708999961383,40.037950000309984],[-75.088730999702705,40.038235999977346],[-75.08872800022796,40.038248000081467],[-75.088565999846267,40.039096000027762],[-75.088380000073414,40.039856999730212],[-75.088242999806056,40.040304999787566],[-75.088236999958283,40.040326999997021],[-75.088196999775306,40.040527000137622],[-75.088184000254842,40.040766999944573],[-75.088202999623107,40.040956999794439],[-75.088209000369204,40.041037000007165],[-75.088241000156231,40.041124999857693],[-75.088373000400722,40.04177199980407],[-75.088401999814721,40.04192499991634],[-75.088238999608095,40.041639999862845],[-75.087821000031681,40.041448999891422],[-75.085962000331577,40.040395999826423],[-75.085650000162047,40.040217000254223],[-75.085334999619448,40.040044000105929],[-75.084895000301714,40.039798999888276],[-75.084412000427946,40.039499000037011],[-75.085589000062669,40.038272000283328],[-75.085035999868722,40.037983000041812],[-75.084773999927904,40.037837000127638],[-75.084464000306511,40.037657000010384],[-75.084022000440626,40.038134999705171],[-75.083290000146519,40.0388969998154],[-75.08313799981056,40.038790999831583],[-75.082627000347699,40.038515999793049],[-75.081977999894292,40.03816299998627],[-75.081280999760281,40.037781999989406],[-75.080600000418102,40.037403999989991],[-75.079909999956811,40.03701000022037],[-75.079870999598754,40.03694899993733],[-75.079836000336968,40.036920999845535],[-75.079546999733651,40.037221000034513],[-75.079350000090145,40.037432999904034],[-75.079264999701351,40.037516000182805],[-75.079157999571223,40.03762100006751],[-75.078998999562558,40.037796000203862],[-75.078620000344188,40.038204999698635],[-75.078389000365505,40.038433000043739],[-75.078210000265358,40.038617000188673],[-75.078657999979029,40.03885699984086],[-75.078586999833917,40.038882999826981],[-75.078262000143908,40.039233000050686],[-75.078221999960931,40.039275999785254],[-75.078089999716468,40.039417000100151],[-75.078110999632855,40.039428000005138],[-75.077990999982262,40.039558000123478],[-75.077845000392372,40.039713999663284],[-75.077796999813486,40.039764999673473],[-75.077616000063529,40.0399590001863],[-75.077594000322222,40.03994699969553],[-75.077431999940501,40.040123000033319],[-75.077257999863235,40.04031200032388],[-75.078330999740871,40.040909999866393],[-75.078151999640724,40.041096000138317],[-75.077939999928617,40.041318999939726],[-75.077744000110059,40.041535999937523],[-75.076236999864136,40.040685000157104],[-75.075834000356323,40.041095000171467],[-75.076246999909884,40.041330000225571],[-75.076193000381522,40.041362999697185],[-75.076052999741123,40.041513000157451],[-75.075914999648859,40.041660999683003],[-75.075856999922536,40.041709999696749],[-75.075815999914653,40.041745000274496],[-75.075523999836619,40.04204899968353],[-75.075472999782988,40.042163999665377],[-75.075426999752224,40.042268000008207],[-75.074968999992834,40.042752999988096],[-75.074896000197882,40.042807000301316],[-75.074837999573262,40.042850999786246],[-75.074388000209765,40.043323999848809],[-75.074266999835956,40.043400000303116],[-75.07416800010175,40.043463000181156],[-75.073720000388107,40.043944000212683],[-75.073657999565498,40.044014999668221],[-75.073149999577382,40.044590000312823],[-75.0730950002241,40.044652999778933],[-75.07254500040321,40.04528400008315],[-75.072070000027054,40.045024000114843],[-75.071464000129652,40.045646999848124],[-75.070886999646234,40.046218000227384],[-75.071356000174603,40.046477999767994],[-75.070885999821314,40.047004999849506],[-75.070797999957776,40.047102999724622],[-75.070413999818214,40.047531999982901],[-75.070315000084008,40.047476000227441],[-75.070135999983876,40.047663000336406],[-75.070237000266218,40.04771899993824],[-75.070193999710185,40.047764000248058],[-75.069669000003643,40.048320000112255],[-75.069587999812796,40.048275000169482],[-75.06951900021582,40.048354000186883],[-75.069448000070707,40.048434999831095],[-75.068974000417782,40.04893700018264],[-75.068918000341284,40.048976999744774],[-75.068831000302652,40.049039000119947],[-75.068381000040844,40.049515000101493],[-75.068309999895732,40.049590000000592],[-75.067770999945481,40.050160999671483],[-75.067717000417133,40.050216999971717],[-75.067195000185308,40.050759999981395],[-75.067154000177425,40.0508039998345],[-75.066624000448002,40.051365000113407],[-75.066532000386502,40.051461000279453],[-75.066045000314787,40.051180999990237],[-75.066014000352624,40.051410000079159],[-75.066051999987465,40.051565000192113],[-75.066315999578109,40.052750000342463],[-75.066115999561575,40.052769999695286],[-75.06603799974377,40.052785999860916],[-75.065938000184659,40.052812999831104],[-75.065847999772956,40.052873999673444],[-75.065646000106611,40.053042999729186],[-75.065195999844804,40.053544999836419],[-75.064811999705242,40.053325000195258],[-75.063883999592576,40.054313000318061],[-75.063425999833171,40.054027000018372],[-75.063163999892353,40.05431000031151],[-75.063646999766107,40.054576999688081],[-75.062548999774108,40.055754000336528],[-75.062501999918425,40.055805000036564],[-75.062506000116386,40.055860000074759],[-75.062029000090433,40.055591999782322],[-75.061736000187452,40.055892000326587],[-75.061783999868041,40.056005999898368],[-75.062084000342026,40.056217999801255],[-75.062051999656646,40.056252000061598],[-75.061814000005256,40.056503999844615],[-75.061762999951654,40.056558000266271],[-75.061300000169368,40.057054000151048],[-75.06121700032871,40.057142999684579],[-75.060746000150502,40.05764699997988],[-75.060704000317713,40.057691999923193],[-75.060649999891027,40.057751000078881],[-75.060669999982508,40.057761999775934],[-75.060490000057456,40.057951999701366],[-75.060194999606367,40.058267999735861],[-75.060155000321714,40.058245999815696],[-75.060095999872161,40.058307000295592],[-75.060025999551968,40.058379000318347],[-75.060069000107987,40.058403000309056],[-75.059611000348582,40.058886999921214],[-75.059551999899028,40.058949999924714],[-75.059484999951877,40.059021999955618],[-75.058954000397549,40.059580999889519],[-75.058877000404649,40.059663000324342],[-75.058328000408665,40.060206000017438],[-75.05790400008614,40.059972999785202],[-75.057343000394567,40.060584999778975],[-75.057749000275436,40.060813000218147],[-75.057678999955243,40.060886999696145],[-75.057162999571204,40.061438000045833],[-75.056637999864648,40.061997000097101],[-75.056550000001096,40.062080999692419],[-75.056442999870981,40.062184000241679],[-75.056257000098142,40.062382000199371],[-75.057400000295985,40.063092000129025],[-75.057500999680002,40.063154999682126],[-75.058490999716966,40.063757999823395],[-75.059247000300516,40.06424500015423],[-75.059320000095454,40.064300999881596],[-75.059429999700299,40.064385999698992],[-75.059688000341495,40.064535000061191],[-75.059721999778347,40.064509000233699],[-75.06097899977901,40.065254999803379],[-75.061083000434408,40.065330000255557],[-75.061189999666198,40.065408000143272],[-75.061102999627565,40.065501000262799],[-75.061788999890922,40.065883000316596],[-75.061875999929555,40.065925000137824],[-75.061973999838841,40.065973000294662],[-75.062270999939756,40.066137999716432],[-75.062342000084882,40.066183000239342],[-75.062648000406625,40.066378000099384],[-75.062751000338793,40.066447999965909],[-75.063040000043785,40.066142999776019],[-75.063537000161247,40.066449000248276],[-75.063460999993268,40.06652599994846],[-75.063173000113167,40.066830999798484],[-75.063645999941187,40.067098999885225],[-75.063723999758992,40.067145000045514],[-75.063794999904104,40.067186000192066],[-75.064199000135147,40.067412000003621],[-75.062628000315144,40.069077000037538],[-75.061304000367329,40.070455000309394],[-75.060155000321714,40.071671000066672],[-75.059412999981873,40.072439999920917],[-75.05765399984088,40.074310999735765],[-75.058210000407882,40.074605000058916],[-75.058503000310836,40.07480399981921],[-75.06259900000282,40.071996999662574],[-75.065723999924415,40.070192999667277],[-75.068766999830231,40.071708000105623],[-75.068862000264787,40.071844999889109],[-75.068983999565205,40.072020999668119],[-75.068960999998993,40.07231199966435],[-75.068957999625937,40.072357999741264],[-75.067822999824017,40.07409700010998],[-75.067333000277571,40.075504000079349],[-75.067201999858,40.075882999970275],[-75.0662729999204,40.077544000038642],[-75.066201999775288,40.077928000142961],[-75.067596999868215,40.07880000031394],[-75.06846300005661,40.080163999998305],[-75.068275999560555,40.08034499997752],[-75.067924000106359,40.080600000221729],[-75.067088000055179,40.081172999979067],[-75.067017999734986,40.081220999700278],[-75.066881000365953,40.081315999664426],[-75.066754000144343,40.081403999744488],[-75.065472999854236,40.082299999895959],[-75.063919999577578,40.083365999734653],[-75.062454000237864,40.084372000316748],[-75.062383999917671,40.084411999696506],[-75.062287999658196,40.084478000202445],[-75.063195999679394,40.084870999797168],[-75.064003000316561,40.084965000156231],[-75.064608000389072,40.084860999678185],[-75.068234999552672,40.085035000163828],[-75.068770000203287,40.085344000309199],[-75.070339000373465,40.086673999984583],[-75.070919000331614,40.086874000194477],[-75.071690999910359,40.086976999678136],[-75.072783999879491,40.086864999664996],[-75.074487999768891,40.086788000279334],[-75.07448500029416,40.086847999959865],[-75.074429000217663,40.087087000235755],[-75.074265000186131,40.087370999941292],[-75.074179999797309,40.087463000337173],[-75.074163000078869,40.087482999809183],[-75.074069000367544,40.087584999773938],[-75.073881999871475,40.087728999706599],[-75.073615999732709,40.087907000290478],[-75.073486000036368,40.087929000253098],[-75.073352000142066,40.087985999717105],[-75.073152999950437,40.088065999704185],[-75.07448299974601,40.089069999657411],[-75.074524999578827,40.089102000116085],[-75.074560999563829,40.08912399969249],[-75.074582000378541,40.089103000065727],[-75.076210000099962,40.087417000154772],[-75.076248999559695,40.087376999791637],[-75.076363000260841,40.087264999749344],[-75.076369999933519,40.087250000097896],[-75.076385000002134,40.087233999778718],[-75.076393000398056,40.087226999938586],[-75.076415999964283,40.087207999681659],[-75.076431000032883,40.087193000017599],[-75.077805000209409,40.08576999967795],[-75.078810000315002,40.085276999949713],[-75.078905999676138,40.085229999658154],[-75.081188999698782,40.084115999743666],[-75.081649000006308,40.083666999659577],[-75.082455999745179,40.082884000232035],[-75.083414999819993,40.081952999675252],[-75.084453000435843,40.080947999846877],[-75.086861000131947,40.078625000286124],[-75.086906000337791,40.078647999914843],[-75.087898000024566,40.077605999854825],[-75.089088000078078,40.076374000085842],[-75.089827999869783,40.075599999919305],[-75.090192999742769,40.075237999687019],[-75.090316999591323,40.075114999965763],[-75.091545000177987,40.073901999663008],[-75.0931240003939,40.072333999854429],[-75.093650999750281,40.071752999698631],[-75.093839999896176,40.071829000074118],[-75.095183999935458,40.070498999819876],[-75.096214000155385,40.069492000264376],[-75.096733000014169,40.068988999838417],[-75.096634000279963,40.068932000281571],[-75.096457999654547,40.068829000310103],[-75.094947999933922,40.06794699979055],[-75.093223000128106,40.066935000316491],[-75.091919000271773,40.066188999894315],[-75.091782999829348,40.066109999926013],[-75.09037000019309,40.065284999856679],[-75.089751999701804,40.064922000180943],[-75.08951800024839,40.06478599984225],[-75.089377999607976,40.064704999693525],[-75.089272000201078,40.064644000129007],[-75.088912000350987,40.064432000316231],[-75.088760000015014,40.06434199967731],[-75.088063999705923,40.063956000019296],[-75.087874999560029,40.06384999981239],[-75.087425000196546,40.063599000020368],[-75.088195999950401,40.062820000123949],[-75.088671000326556,40.062342000254269],[-75.088965999879335,40.062041999917732],[-75.08970599967104,40.061298000258198],[-75.09041600022384,40.060580999680035],[-75.09046200025459,40.060528000065638],[-75.09109400009126,40.059863000115783],[-75.091132999551007,40.059821999687252],[-75.091385000344403,40.059562999864696],[-75.091462000337287,40.05949099971788],[-75.091968999602202,40.059014999965498],[-75.092034999724433,40.058952000022089],[-75.092290999817465,40.058703999875412],[-75.092691999675466,40.058308999724275],[-75.093644000077589,40.057428999971265],[-75.093504000335514,40.057241000110338],[-75.093700999978992,40.057074000303558],[-75.09405599980623,40.056771000251501],[-75.094193000073602,40.056679000329865],[-75.094315000272317,40.056595000263073],[-75.094566000342496,40.056431000161609],[-75.0946729995743,40.056362000059657],[-75.094840999803793,40.056254999982606],[-75.095077999630249,40.056090999750488],[-75.095214000072687,40.056003999714513],[-75.095359999662548,40.055907999759327],[-75.095633000372331,40.055758999783002],[-75.095900000336044,40.055593000224071],[-75.096168999949555,40.055428999774016],[-75.096440000111215,40.055268000268953],[-75.096711000272848,40.055108999906103],[-75.096984999909253,40.054951000311071],[-75.097260000268861,40.054792999662162],[-75.097483999676527,40.054664999938403],[-75.097524999684396,40.054641999774553],[-75.097538999928119,40.054635999790349],[-75.097719999678063,40.054530999980784],[-75.097810000089765,40.054480000014948],[-75.098086000274279,40.054323999882456],[-75.098364000108631,40.054168999855577],[-75.098640000293159,40.05401400016374],[-75.098915999579347,40.053859000119438],[-75.099194000312025,40.05370299994064],[-75.099472000146363,40.053550000132574],[-75.099749999980716,40.053396000194553],[-75.099830000346657,40.053351999951929],[-75.100027999815055,40.053241000119918],[-75.100249999572924,40.053114000022262],[-75.100303000174662,40.053084999901799],[-75.100572999613107,40.052923999672551],[-75.100801000117045,40.05278199999178],[-75.100839999576777,40.052758999880034],[-75.100895999653289,40.052722999659679],[-75.100935000011333,40.052698999731426],[-75.101104999890651,40.052591000293518],[-75.10136699983147,40.05242300029289],[-75.101631000320424,40.052254999878151],[-75.101899000109043,40.05209100033445],[-75.102171000095595,40.051931000315484],[-75.102412999944946,40.051792000058619],[-75.102444999731986,40.051773000229005],[-75.102725999939395,40.051624000151378],[-75.103006000321869,40.051474999747974],[-75.103229999729535,40.051354999887764],[-75.103248999996111,40.051329999661064],[-75.103279000133341,40.051313999841263],[-75.10355699996768,40.051164000316305],[-75.10382899995426,40.051002999674971],[-75.104101999765732,40.050842000028631],[-75.104373999752283,40.050680000175682],[-75.104567999921045,40.05056299977506],[-75.104644999913944,40.050517000109103],[-75.104801000447864,40.050421999818809],[-75.104914000425779,40.050355000171407],[-75.105184999689101,40.050192000015272],[-75.105453000376031,40.050029000156989],[-75.105722999814446,40.04986599990886],[-75.105993999976107,40.04970600016798],[-75.10627000016062,40.0495479997372],[-75.106531000276533,40.049379999800088],[-75.106773000125884,40.049194000123563],[-75.107001999556417,40.048997000204707]]]},"properties":{"ZCTA5":"19111"}},{"type":"Feature","geometry":{"type":"Polygon","coordinates":[[[-75.161645000136573,39.961020999741343],[-75.161772000358184,39.960421000144088],[-75.159697999674606,39.960156000172105],[-75.159732999834716,39.95999699983367],[-75.15988400034577,39.959311999673936],[-75.159987000277937,39.958831999850759],[-75.159926000178558,39.958838999793521],[-75.159499000381288,39.95878499982323],[-75.159425999688054,39.959252999755378],[-75.158310999977616,39.959111999755436],[-75.157587000079431,39.959018999845377],[-75.15673699978457,39.958909999663973],[-75.155167999614363,39.958717999698877],[-75.1550930001696,39.958709000149895],[-75.155069999705077,39.958706000070457],[-75.154769000304512,39.95823399993364],[-75.153672000137419,39.958099000110799],[-75.153575999877958,39.958521999996101],[-75.153525999649233,39.958515999820698],[-75.15323899959408,39.958479000333959],[-75.152749000047606,39.958415999803357],[-75.152046000065823,39.95832700022266],[-75.152035000195184,39.958227999732905],[-75.152080000401014,39.957942000114258],[-75.152216999770047,39.957302999909309],[-75.151854000445212,39.957249000103324],[-75.151631999789046,39.957216999713616],[-75.151488999673902,39.957257000026246],[-75.150881000126688,39.957421000306176],[-75.150654000345966,39.957481000243099],[-75.150313999689018,39.957559000220186],[-75.150172000297133,39.957592000263126],[-75.149526000216753,39.95766200023894],[-75.149132999856349,39.957674000050559],[-75.148876999763303,39.957663999863435],[-75.148779999678936,39.957659999925845],[-75.148538999654505,39.957637000108257],[-75.148080000070195,39.957577000308206],[-75.147994999681373,39.957561999661344],[-75.147642000402286,39.957500000166263],[-75.147448000233524,39.957436000295317],[-75.147376000263492,39.957422999937677],[-75.147271999608108,39.957403999993119],[-75.147187000117611,39.957388000180664],[-75.146007000109861,39.95717099977265],[-75.145792000024684,39.957131000098308],[-75.145058999905686,39.956996000163748],[-75.144620000412857,39.956914000251928],[-75.144451000358444,39.956837999876406],[-75.144254999641561,39.956783999703191],[-75.143195000182715,39.956542000290533],[-75.142832999784474,39.956439999792188],[-75.142441000147301,39.95630899988754],[-75.142366999629147,39.956274000249003],[-75.142176999658332,39.956184000112557],[-75.141913000067703,39.956026999851119],[-75.141712000226249,39.955870999756279],[-75.141585999829559,39.955753999968032],[-75.141575999783811,39.955878999840401],[-75.141566999562968,39.955941999953886],[-75.141468999653696,39.95673700033386],[-75.141455000308298,39.956825999918088],[-75.141421999798013,39.957058999936827],[-75.141411999752279,39.957116999862428],[-75.140998000373799,39.957062999909517],[-75.140731000410113,39.95702899978982],[-75.140384000080488,39.956984000233206],[-75.139953999910176,39.956927999840765],[-75.139630000045074,39.956887000200673],[-75.138860000116125,39.956797000182362],[-75.138604000023093,39.956765000269691],[-75.138434000143789,39.957020000018545],[-75.138318999617752,39.957196999892794],[-75.138239999975028,39.957317999924378],[-75.138008999996345,39.957696999855706],[-75.137824999873317,39.958095000198703],[-75.137540000366286,39.958918999875081],[-75.137150000378952,39.960052000001241],[-75.137090999929399,39.960199999931987],[-75.134386000132395,39.959896000136887],[-75.131742000434741,39.95983799981407],[-75.130880000444293,39.959143999946953],[-75.130494999581501,39.959596000191944],[-75.12983000013287,39.960217000238472],[-75.129087999793043,39.960708999946824],[-75.127774999715882,39.961521999729968],[-75.125777000098608,39.962544000039401],[-75.127538999714318,39.965433000063356],[-75.128696999980775,39.966976999933571],[-75.129514999590285,39.966638000134672],[-75.130153999997987,39.966428999703275],[-75.130291000265316,39.966345000028504],[-75.130416999763696,39.966286999668263],[-75.130903999835425,39.966094000073824],[-75.131205000134315,39.965967999905537],[-75.131775999871621,39.965750999874537],[-75.131802999635795,39.965739999797506],[-75.131918999986723,39.965692999698788],[-75.132204000392107,39.965579999666268],[-75.133135999804423,39.965240999824971],[-75.133349000239761,39.965133000314545],[-75.133509000073332,39.965041999740343],[-75.133637999944767,39.964961999937536],[-75.134222999925768,39.964476999903354],[-75.134361000018046,39.964596000024414],[-75.134395000353209,39.96468300028851],[-75.134413999721474,39.96476800033674],[-75.134415000444704,39.965336000311524],[-75.134410000421838,39.966094000073824],[-75.13441700009453,39.966722999817677],[-75.134417999919435,39.966910999939998],[-75.134418999744341,39.967019000084072],[-75.134422999942302,39.967593999680766],[-75.134427999965183,39.968791000266108],[-75.134428999790103,39.969086000194508],[-75.134895999770322,39.969076999944797],[-75.134896999595242,39.969090000152129],[-75.134899999968283,39.969138999958084],[-75.134981999984063,39.969140000290921],[-75.134998999702475,39.969051999856958],[-75.135047000281389,39.969059999775915],[-75.135116999703271,39.968829000017934],[-75.135142999642525,39.968687000148847],[-75.135354000428038,39.968726000297437],[-75.135737999669288,39.968795000240974],[-75.136223999916098,39.96888100033253],[-75.136136000052545,39.969164000014111],[-75.13651500016924,39.969233999847049],[-75.136499000275705,39.969283000238256],[-75.136649999888448,39.969310000213959],[-75.136663000307223,39.969266999763114],[-75.136695999919198,39.969272000041087],[-75.136732999729119,39.969277000318698],[-75.137080999883665,39.969352000308028],[-75.137101999800052,39.969275999987815],[-75.137182999990898,39.969299000021181],[-75.137253000311105,39.969074000320283],[-75.137763999773966,39.969167999967155],[-75.137685999956162,39.969534999826521],[-75.137782000215637,39.969559000099444],[-75.138059000225056,39.969612999822239],[-75.13834100025737,39.969650000168606],[-75.138422000448216,39.969663000266955],[-75.138691999886646,39.969705999780224],[-75.13870199993238,39.969663999903709],[-75.138933999735983,39.969697999936862],[-75.138997000383483,39.969406000194304],[-75.139578000166537,39.969515000166318],[-75.139795999726417,39.969542000050389],[-75.139782000381047,39.969680999922424],[-75.139824000213835,39.969839000136957],[-75.139965999605735,39.969814000327744],[-75.139974000001658,39.969850000242879],[-75.140106000246135,39.969828000029253],[-75.140096000200387,39.969792000102593],[-75.140153000101805,39.969782999945828],[-75.140189999911712,39.969910000288735],[-75.140707000120671,39.969826000072068],[-75.140665000287882,39.969652000130935],[-75.141518000057488,39.969758000116137],[-75.141409000277534,39.97027200009056],[-75.142262000047154,39.970377000176462],[-75.142323000146533,39.970384000314155],[-75.142365999804227,39.970181000161041],[-75.142606999828658,39.970212999991176],[-75.143027999778141,39.97027700029502],[-75.143094999725292,39.969953999967601],[-75.143589000367996,39.970011000338765],[-75.144063999845855,39.9700699999241],[-75.14398600002805,39.970452000335797],[-75.144063999845855,39.970489000228021],[-75.144369000342706,39.970531999910186],[-75.14437900038844,39.970491999790447],[-75.14450499988682,39.970509999916075],[-75.144510999734592,39.970485999977001],[-75.144700999705393,39.970513000166036],[-75.144745000086317,39.970303999878148],[-75.144878999980619,39.970320999737645],[-75.144985000285843,39.970331000139019],[-75.145128000400973,39.970344000107858],[-75.145376999923002,39.970377000176462],[-75.145326999694291,39.970610999768006],[-75.14556000022111,39.970641999774465],[-75.145572999741589,39.970573000318396],[-75.145801000245527,39.97060600027644],[-75.146101999646078,39.970650000195754],[-75.146069000034132,39.970817000257632],[-75.146452000348773,39.970859999733413],[-75.14653799966419,39.970927999969973],[-75.146890999841602,39.970967999834528],[-75.146886999643641,39.970989000063874],[-75.147220999554492,39.971041000112159],[-75.147317999638872,39.971055999867218],[-75.147582999952746,39.971086000055912],[-75.147611000440136,39.970935999669393],[-75.147963999719238,39.970976999835258],[-75.147994999681373,39.970801999761669],[-75.148075000047328,39.970810999784256],[-75.148172999956614,39.970821999733765],[-75.148337999813066,39.970843000007974],[-75.148335000338321,39.970899000019081],[-75.148475999905315,39.970915000112207],[-75.148479000278371,39.970859000114153],[-75.148864000242838,39.970913000186833],[-75.14896499962687,39.970452999961012],[-75.149966000432798,39.97048499966381],[-75.1504319996898,39.970498000291819],[-75.150939999677917,39.970524000163493],[-75.150603000292335,39.972116000152759],[-75.150671000064406,39.972125000002336],[-75.151126000349066,39.972187000004659],[-75.151524999658918,39.972233999769109],[-75.151682999842663,39.971521000279097],[-75.15178599977483,39.971053999945973],[-75.152450000296867,39.971143999786626],[-75.15255900007682,39.971087999976234],[-75.152939999843312,39.971134000192642],[-75.152939000018421,39.971173000322025],[-75.153939000101118,39.971330000229202],[-75.154035000360579,39.971332999754722],[-75.1544160001271,39.971344000308676],[-75.155305999706627,39.971495999708218],[-75.155601000157716,39.971535999928811],[-75.156197999834291,39.971616000299797],[-75.157151000061333,39.971737999893556],[-75.157243000122847,39.971300999760466],[-75.157279999932783,39.971191000268263],[-75.158609999728355,39.971346999833578],[-75.15944199958156,39.971466999998306],[-75.159701999872567,39.970201999943662],[-75.159977000232189,39.968995000062996],[-75.160071999768434,39.968598999820138],[-75.160158999807066,39.968176999971149],[-75.160213000233739,39.967888000292753],[-75.160394999808602,39.967063999921628],[-75.160481999847264,39.966670000246438],[-75.160561000388284,39.966294000224742],[-75.160677999665822,39.965770000253777],[-75.160804000062527,39.965159000161265],[-75.160957000223405,39.964469000136589],[-75.161052999584555,39.964040000169739],[-75.161110000384284,39.96378800029192],[-75.161188000202088,39.963422000290677],[-75.161260000172106,39.963126000286351],[-75.161302000004895,39.962894000019851],[-75.161384000020675,39.96247400024145],[-75.161409000135023,39.962344999678471],[-75.161375999624738,39.9622250000251],[-75.161389000043542,39.962168000047143],[-75.161476000082175,39.96178900010861],[-75.161506000219418,39.961660000318886],[-75.161553999899979,39.961441999939588],[-75.161645000136573,39.961020999741343]]]},"properties":{"ZCTA5":"19123"}},{"type":"Feature","geometry":{"type":"Polygon","coordinates":[[[-75.206040000192573,39.935481000176118],[-75.206071999979613,39.935371000230404],[-75.205723000000162,39.935452999793448],[-75.205632999588488,39.935473999909313],[-75.204686000107543,39.935697999826047],[-75.204323999709274,39.935784999657535],[-75.204065999966417,39.935851000073484],[-75.204000999669091,39.935868000232965],[-75.20368000017703,39.935958000236873],[-75.203362000159728,39.936056999897865],[-75.203053000363226,39.936172000061759],[-75.202762999935004,39.936310000141091],[-75.202478000427973,39.936453999987094],[-75.202193999847537,39.936602000010566],[-75.201633999980885,39.936903999791504],[-75.201351999948571,39.93705499987103],[-75.201074000114218,39.93720199986101],[-75.202476999704757,39.936181999947067],[-75.202563999743376,39.936119999670161],[-75.20281200033881,39.93593999997001],[-75.203065000058814,39.935762000061217],[-75.203310000281192,39.935578000257017],[-75.203546000282728,39.935386999682478],[-75.203763000017716,39.935184000330288],[-75.203951000338691,39.934963999996178],[-75.204116000195143,39.934733000089714],[-75.204254000287406,39.934491999961516],[-75.204363000067346,39.93424299981524],[-75.204469000372541,39.933991999824208],[-75.204588000198243,39.93374500024899],[-75.204829000222659,39.933253000140056],[-75.204951000421417,39.933007000136982],[-75.204645999924566,39.932997999960513],[-75.204223000325271,39.932852000070213],[-75.203896999912018,39.932845000223359],[-75.202392000214232,39.932504999812558],[-75.200477000437644,39.93209899994185],[-75.200378999630047,39.932086000279469],[-75.200007999909289,39.931997000193029],[-75.199831000357278,39.931956000075573],[-75.19964899988409,39.931912000056641],[-75.199679000021305,39.931963000013347],[-75.199714000181416,39.932037000099101],[-75.199756000014204,39.932120999894771],[-75.199766999884844,39.932157999862241],[-75.199812000090688,39.932302000178261],[-75.199843999877743,39.932446999683286],[-75.199854999748396,39.932659999976345],[-75.199834999656915,39.932873999781123],[-75.19982200013645,39.932919000044386],[-75.199729000250031,39.93326900008725],[-75.199622999944808,39.933805000289098],[-75.199513000339962,39.934423999997669],[-75.199503000294214,39.934508000307893],[-75.19923999963018,39.934462999711712],[-75.197536999565671,39.934232000180693],[-75.197021999904877,39.934175999759489],[-75.196502000221187,39.93410900032697],[-75.195970999768548,39.934037000041251],[-75.195436999841149,39.933973000259435],[-75.195188000319121,39.933938999683726],[-75.194924999655072,39.933903000149719],[-75.194408000344438,39.933822000267966],[-75.193874000417068,39.933770000157303],[-75.193373999926536,39.933701000002436],[-75.19282599975547,39.933627999812757],[-75.192284000330474,39.933555000234101],[-75.191789999687742,39.933496000140252],[-75.191260999783239,39.933423999898508],[-75.190698000441841,39.933357999897339],[-75.190235999586164,39.933290000184428],[-75.189688000313396,39.933226999873519],[-75.189140000142316,39.933155000037573],[-75.188668999964122,39.933089999948464],[-75.188114999945256,39.933013999967322],[-75.187608999606965,39.932952000264564],[-75.187190000205618,39.932900999667091],[-75.186548000323199,39.932818999801825],[-75.186500999569205,39.932813000127041],[-75.185797999587436,39.932728000315151],[-75.185288999774414,39.932650999754202],[-75.184704999618305,39.932584000206532],[-75.184406999692484,39.932545000110657],[-75.18436099966172,39.932794000234985],[-75.183428000424485,39.932678999905598],[-75.183026999668186,39.932623999769618],[-75.182943999827501,39.932612999874877],[-75.181790999583924,39.932465000179988],[-75.181749999576041,39.932643999886785],[-75.181323999603691,39.932588999722682],[-75.181419000038247,39.932160999728382],[-75.181090000150263,39.932118000026833],[-75.181035999723605,39.932382999792331],[-75.179871999609375,39.932231000242076],[-75.179775000423305,39.932215000052231],[-75.17948699964488,39.932168999830097],[-75.179510999934351,39.932037000099101],[-75.179535000223794,39.931917000310655],[-75.179317999590495,39.931891999725522],[-75.178886999595264,39.931840999715902],[-75.178454999775141,39.931786999785835],[-75.177909999977103,39.931720000081221],[-75.177350999935356,39.931643999956528],[-75.176893000175951,39.931585000281935],[-75.176336999608949,39.931504999918076],[-75.175781999765164,39.931436000235173],[-75.175729999886642,39.931671000327746],[-75.175269999579086,39.931617999767624],[-75.175031000102805,39.931591000064351],[-75.175084999631167,39.931348999697271],[-75.174764000139106,39.931306999683066],[-75.174706000412797,39.931567000242651],[-75.174390999870212,39.931528000256144],[-75.174212999594985,39.931504999918076],[-75.174163000264585,39.931490999948075],[-75.174108999837912,39.931475999780289],[-75.173692999911296,39.931422999758034],[-75.173461999932613,39.931393000078174],[-75.173516000359285,39.931146000078733],[-75.173189999946075,39.931103999939921],[-75.172631999729234,39.931030999735839],[-75.172173000144909,39.930972999735204],[-75.171628000346871,39.93089400023721],[-75.171281999842151,39.930851999943826],[-75.171238000359537,39.931086999974831],[-75.171014999878466,39.931057000147717],[-75.170573999837515,39.930997999967147],[-75.170347000056779,39.930968000101018],[-75.170388999889568,39.930739000207375],[-75.170048000306025,39.930693999888575],[-75.16998800003158,39.930965999696177],[-75.169279000202025,39.930874999812467],[-75.169202000209111,39.930864000325499],[-75.168865999750153,39.930817999884248],[-75.168922999651528,39.930544999968831],[-75.168423000059349,39.930464999767139],[-75.168150000247877,39.931700999885763],[-75.167879000086216,39.932933999895994],[-75.167639999711625,39.934149999843576],[-75.167303000326044,39.935695000114926],[-75.167083000218,39.936742000147703],[-75.166966999867071,39.93718799967877],[-75.166816000254329,39.937868999911103],[-75.166569000382111,39.939061999785487],[-75.166465999551633,39.939537000216326],[-75.166360000144735,39.940029999989505],[-75.166274999755942,39.940440999967727],[-75.166203999610829,39.940813000026587],[-75.165987999700761,39.941819999909001],[-75.165846000308846,39.942409999802535],[-75.165822999844323,39.942532999888897],[-75.165777999638465,39.942785000265573],[-75.165672000231567,39.943200000319848],[-75.1655750001472,39.943664000078499],[-75.16546600036726,39.944076000278415],[-75.16546399981911,39.944089999740143],[-75.165432999856975,39.944231999726611],[-75.165340999795475,39.944663999997722],[-75.165303999985539,39.944842000167178],[-75.165153000372797,39.945557000313954],[-75.16607999976226,39.945673000340228],[-75.16617400037191,39.945231000303082],[-75.166872000330812,39.945320999700805],[-75.167217999937222,39.945365000051936],[-75.167309999998736,39.945376999954945],[-75.167658999978187,39.945411999660116],[-75.168101999668991,39.945467999839821],[-75.16844300015083,39.945523999973645],[-75.168421000409538,39.945590999938297],[-75.169994999704272,39.945804999940961],[-75.171553999828717,39.946013000067971],[-75.173128000021777,39.946229000086738],[-75.173225000106157,39.946255000234338],[-75.173218000433451,39.946291000157458],[-75.173287000030427,39.946299999963117],[-75.173302000099056,39.946231000045451],[-75.173754999835566,39.94629000017899],[-75.173738000117154,39.946369999788502],[-75.1739110003695,39.946394999905536],[-75.17395700040025,39.946192000151036],[-75.174347000387598,39.946243999775788],[-75.174333999968795,39.946299999963117],[-75.174297999983807,39.946469000226045],[-75.174456000167538,39.946490999691633],[-75.174450000319752,39.946523000279072],[-75.174600000107588,39.946550000289584],[-75.174581999665918,39.946630000283761],[-75.17465399963595,39.946640000018199],[-75.174752000443547,39.946652999670803],[-75.174927000345733,39.946674999765918],[-75.174960999782613,39.946517999714821],[-75.175069999562567,39.946531000079261],[-75.17506299988986,39.94656399993378],[-75.175118000141453,39.946571999729173],[-75.175123999989239,39.946545999702046],[-75.175180000065723,39.946553000213612],[-75.175200999982124,39.946469000226045],[-75.175257000058622,39.946476000056741],[-75.175232999769179,39.946581000186562],[-75.175344000097255,39.94659499982437],[-75.175342000447429,39.94660800017418],[-75.175499999732864,39.946628000336709],[-75.175507000303867,39.946596999772382],[-75.175563000380379,39.946604000278725],[-75.175553000334617,39.946648999777942],[-75.175606999862993,39.946655000305825],[-75.175635000350397,39.946524000254144],[-75.175674999635035,39.946529000129267],[-75.175768000419779,39.946538999878513],[-75.17573800028255,39.946687000127859],[-75.175796000008873,39.946692999963666],[-75.175825000321197,39.946545999702046],[-75.176167999554551,39.946589999954021],[-75.176144999988324,39.94669699985397],[-75.176315999692562,39.946717999962715],[-75.176313000217817,39.946736000149187],[-75.176423999647582,39.946748999783509],[-75.17641600014997,39.946782000221575],[-75.176523000280099,39.94679499984715],[-75.176601999922823,39.946812000042527],[-75.176687000311645,39.94683000020428],[-75.176718000273766,39.946668999928484],[-75.177073999925923,39.946710000184396],[-75.17734500008757,39.946743999924415],[-75.177320999798127,39.946864999854746],[-75.177405000362029,39.946882000032737],[-75.177461000438527,39.946892999700005],[-75.177595000332829,39.946909999870975],[-75.177621000272097,39.946771999819198],[-75.177693000242115,39.946780000278963],[-75.177689999869074,39.946795999818242],[-75.178109999993652,39.94684399979112],[-75.178221000321727,39.94686199994446],[-75.178344000345362,39.946881000062845],[-75.178336999774345,39.946913999748581],[-75.178777999815324,39.946972999981732],[-75.17881399980034,39.946976999855657],[-75.178864999853971,39.94698299966602],[-75.179029999710409,39.947003999686984],[-75.179280999780573,39.947045999709552],[-75.179375000390223,39.947064999776892],[-75.179460999705626,39.94706099990816],[-75.180084000219779,39.947151000341854],[-75.180079000196912,39.947176000173471],[-75.180382999970533,39.947208999716921],[-75.180429999826188,39.94700700027974],[-75.180574999591144,39.947024999701483],[-75.18054799982697,39.947226999774159],[-75.180706000010716,39.947247999720219],[-75.180871999692059,39.947240000003923],[-75.181220999671524,39.94728599973741],[-75.181431999558711,39.947314000098999],[-75.181501999878918,39.947342999723574],[-75.181593999940432,39.947380999687994],[-75.181706999918333,39.947395999813104],[-75.181728999659654,39.947299999919636],[-75.182139999563375,39.947350000153584],[-75.182403000227438,39.947383000301727],[-75.182511000182458,39.947395999813104],[-75.182505000334672,39.947421000243885],[-75.182486000068096,39.947505999711922],[-75.182644000251855,39.947527000261026],[-75.182717000046793,39.9475250003402],[-75.182798000237625,39.947521999770153],[-75.183296000180007,39.947592999681945],[-75.183245999951296,39.947802999794938],[-75.183220999836948,39.947800999882183],[-75.182676000038896,39.947745000234796],[-75.182600999695822,39.947737999845252],[-75.182513999657189,39.948103999773814],[-75.182451999732919,39.948427000026015],[-75.181299000387654,39.948294999975026],[-75.18121099962579,39.948653000127067],[-75.181133999632891,39.949007999966717],[-75.182214000081544,39.949222000299152],[-75.182575999581459,39.949284999658062],[-75.18275100038197,39.94936900031982],[-75.183287999784099,39.949512000299165],[-75.184258999554487,39.948904000059002],[-75.185154999880112,39.948386000110474],[-75.185633999555904,39.9480210002665],[-75.187140999801812,39.947221999950052],[-75.187231000213487,39.947176000173471],[-75.187304000008439,39.947122999913553],[-75.188299000068255,39.946409000270151],[-75.188720000017753,39.946107999720219],[-75.191451999578959,39.943199000296197],[-75.191495000134964,39.94315299988078],[-75.191558999709073,39.943127999956523],[-75.192675999967634,39.942678999788399],[-75.19370899966232,39.94226500005508],[-75.193871999868918,39.942099999897408],[-75.193984999846819,39.942153999955266],[-75.194462999697706,39.942156000033101],[-75.194970999685822,39.942191000008535],[-75.19523400034987,39.942217000313214],[-75.19564600007854,39.942305000158569],[-75.19594400000436,39.942391999855353],[-75.196871000292134,39.942729999986518],[-75.19979000034941,39.943824999850172],[-75.200170000290981,39.943956000248917],[-75.200370000307529,39.943990999992295],[-75.20063899992104,39.944011000231164],[-75.200949000440744,39.943998000076583],[-75.201315000138663,39.943976999821587],[-75.201797000187497,39.943914999719986],[-75.202369999574628,39.943798000141626],[-75.203156000295394,39.943591000185542],[-75.20361800025276,39.943334999935935],[-75.203922000026381,39.943148999783332],[-75.204148999807103,39.942990999878582],[-75.204326000257424,39.942834999666971],[-75.204577000327575,39.942548999732693],[-75.204756000427736,39.942287000183768],[-75.204901000192677,39.942045999796974],[-75.20500499994975,39.941803999894731],[-75.20508699996553,39.941507999989007],[-75.205184999874803,39.941115999874263],[-75.205259000392971,39.94067500007408],[-75.205266000065663,39.940604999931871],[-75.205283999609009,39.940446000287395],[-75.205430999922115,39.938770000080993],[-75.205467999732022,39.938355000020124],[-75.205578000235207,39.937111000002844],[-75.205642999634222,39.936881999998441],[-75.206040000192573,39.935481000176118]]]},"properties":{"ZCTA5":"19146"}},{"type":"Feature","geometry":{"type":"Polygon","coordinates":[[[-75.165298999962673,39.952283999792954],[-75.165243999711095,39.951999999897282],[-75.165180000136985,39.95188400026997],[-75.1650549995652,39.951810000298025],[-75.164895999556549,39.951758999982346],[-75.164715999631497,39.951723000182156],[-75.164534000056605,39.951693999659845],[-75.164360999804259,39.951669000102058],[-75.164194000297982,39.951642999946252],[-75.163995999931259,39.951624999673712],[-75.163917000288535,39.951564000206837],[-75.163877000105572,39.951519999710939],[-75.163871000257785,39.951495000089558],[-75.163937000380045,39.951200999917575],[-75.164010999999888,39.950875999856635],[-75.164174000206501,39.950112999809406],[-75.164102000236468,39.95009399989997],[-75.164024000418664,39.950073000138914],[-75.163426000018859,39.950001000122214],[-75.163296000322518,39.950002000046489],[-75.163004000244484,39.949965000085491],[-75.162964999886412,39.949962000311089],[-75.163137000313867,39.949205000014061],[-75.163682999936825,39.949269999947113],[-75.164191999749846,39.949333999884487],[-75.164265000443095,39.949340000176804],[-75.164338000238033,39.949345999779979],[-75.164467999934374,39.948732999727952],[-75.164579000262449,39.948215999812248],[-75.164751999616499,39.947424000129722],[-75.164845000401243,39.946998999846578],[-75.164936999564432,39.946637000098036],[-75.165002999686664,39.94631099972397],[-75.165016999930373,39.946239999859003],[-75.165025000326281,39.946199999989922],[-75.165030000349162,39.946175999781794],[-75.165153000372797,39.945557000313954],[-75.165071000357031,39.945555000335496],[-75.164996000013971,39.945555000335496],[-75.164322000344498,39.945468999830318],[-75.164381999720646,39.945197999805572],[-75.164067000076372,39.945151000050373],[-75.164024000418664,39.945109000241786],[-75.16344799976018,39.945037999818105],[-75.1630689996435,39.944990999952992],[-75.163010999917162,39.944963000017999],[-75.162937000297333,39.945298999858927],[-75.162680000379382,39.945266000082924],[-75.162754999824131,39.94491700009992],[-75.162575999723998,39.944895000128191],[-75.162227999569438,39.944852000162953],[-75.162194999957478,39.94499699993758],[-75.16187100009239,39.944953000038439],[-75.161404000112142,39.944897000125899],[-75.161190999676819,39.944872000150177],[-75.161200999722567,39.944824000171074],[-75.160968000094059,39.944788000164721],[-75.16097599959167,39.94474800013537],[-75.160756000381951,39.944717000096574],[-75.160732999917428,39.944823000171162],[-75.160619000114593,39.944804000169867],[-75.160651999726568,39.944638999936814],[-75.160284000378851,39.944596999813967],[-75.159938999699023,39.944557999676746],[-75.159867999553924,39.94454400031082],[-75.159840999789736,39.944662999995415],[-75.159732000009797,39.944648999962261],[-75.159733999659622,39.944632999920827],[-75.15971399956814,39.94463099991539],[-75.159730000359986,39.944556999672933],[-75.159425999688054,39.944518000201683],[-75.159414999817386,39.944565999706697],[-75.159363999763755,39.944559999684358],[-75.159357000091077,39.944592999800889],[-75.159256999633641,39.94457999975689],[-75.159261999656508,39.944555999669113],[-75.159160000447585,39.944543000306808],[-75.159155000424718,39.944567999714032],[-75.159092999602123,39.944560999688115],[-75.159111000043779,39.944477000009549],[-75.158991000393172,39.94446199993309],[-75.15896999957846,39.944558999680581],[-75.158907999654204,39.944552000342419],[-75.158930000293807,39.944453999890968],[-75.158658000307241,39.944418999695721],[-75.158628999994946,39.944553999661444],[-75.158557000024913,39.94454400031082],[-75.158587000162143,39.944411000337283],[-75.158522999689723,39.944402000283134],[-75.158500000123496,39.944524000227766],[-75.15841899993265,39.944513000179548],[-75.158407000237091,39.944565999706697],[-75.158346000137726,39.944558999680581],[-75.158248000228411,39.944546000318795],[-75.158288000411389,39.944354999981158],[-75.158239000007597,39.944358000001387],[-75.157505999888585,39.944272000057659],[-75.157516999759238,39.944214000258754],[-75.156836000417059,39.944136000214257],[-75.156729000286944,39.944120000052841],[-75.156764000447055,39.943964999673014],[-75.155738000425089,39.943834999994593],[-75.155688000196378,39.944066000169201],[-75.155144000223245,39.943987999955979],[-75.155078999925905,39.944312999683916],[-75.154926999589932,39.94494100006105],[-75.154759000258764,39.945729000306294],[-75.154661000349478,39.946195000090761],[-75.154492000295093,39.946953999888891],[-75.154411000104218,39.947318999916426],[-75.154365999898374,39.9475250003402],[-75.154247000072687,39.948094000253384],[-75.154088000064036,39.94880299981854],[-75.154017999743829,39.949113000342216],[-75.153917000359826,39.949615000041305],[-75.153789000313296,39.950190000004426],[-75.15371099959718,39.950533999673993],[-75.153583000448961,39.951126999895365],[-75.153361999617715,39.952165000280893],[-75.153335999678447,39.952282000011195],[-75.153143000232916,39.953152999976282],[-75.15303100007992,39.953651000153293],[-75.152942000391462,39.954068999994441],[-75.152734999803911,39.955008000160603],[-75.152706000389912,39.955068999998943],[-75.152692000146217,39.955151999906143],[-75.152682000100455,39.955314999878702],[-75.152676000252683,39.955488999813568],[-75.152496000327631,39.95625300031957],[-75.152406999740847,39.956566000304726],[-75.152400999893061,39.956588999793922],[-75.152359000060272,39.956766000095044],[-75.152319999702215,39.9569159998983],[-75.152528999939591,39.956906000288875],[-75.152892999987671,39.956884000041313],[-75.152771999613833,39.956914000251928],[-75.15255900007682,39.956962999833195],[-75.152475000411229,39.956986999699588],[-75.152287000090254,39.957040999712461],[-75.152060000309547,39.957097999832854],[-75.151683999667583,39.957201999676393],[-75.151631999789046,39.957216999713616],[-75.151854000445212,39.957249000103324],[-75.152216999770047,39.957302999909309],[-75.152080000401014,39.957942000114258],[-75.152035000195184,39.958227999732905],[-75.152046000065823,39.95832700022266],[-75.152749000047606,39.958415999803357],[-75.15323899959408,39.958479000333959],[-75.153525999649233,39.958515999820698],[-75.153575999877958,39.958521999996101],[-75.153672000137419,39.958099000110799],[-75.154769000304512,39.95823399993364],[-75.155069999705077,39.958706000070457],[-75.1550930001696,39.958709000149895],[-75.155167999614363,39.958717999698877],[-75.15673699978457,39.958909999663973],[-75.157587000079431,39.959018999845377],[-75.158310999977616,39.959111999755436],[-75.159425999688054,39.959252999755378],[-75.159499000381288,39.95878499982323],[-75.159926000178558,39.958838999793521],[-75.159987000277937,39.958831999850759],[-75.15988400034577,39.959311999673936],[-75.161958999955928,39.959571000079727],[-75.16205799969012,39.959100999987356],[-75.162117999964593,39.958821000037688],[-75.162174999865996,39.958546999803254],[-75.162292999866764,39.958057999795592],[-75.162318999806033,39.957929999661133],[-75.162338999897543,39.957824999737767],[-75.16235999981393,39.957718999841731],[-75.162374000057639,39.957644999985838],[-75.162687999876994,39.956226999840574],[-75.162886000243716,39.955328999794872],[-75.163092999932942,39.954399999881581],[-75.163191999667148,39.953914000120733],[-75.16332300008672,39.953354999857403],[-75.163400000079605,39.953365999861042],[-75.163918000113455,39.953436000030777],[-75.165062999961123,39.953608000182847],[-75.165226000167749,39.952575999668532],[-75.165298999962673,39.952283999792954]]]},"properties":{"ZCTA5":"19107"}},{"type":"Feature","geometry":{"type":"Polygon","coordinates":[[[-75.164338000238033,39.949345999779979],[-75.164265000443095,39.949340000176804],[-75.164191999749846,39.949333999884487],[-75.163682999936825,39.949269999947113],[-75.163137000313867,39.949205000014061],[-75.162964999886412,39.949962000311089],[-75.163004000244484,39.949965000085491],[-75.163296000322518,39.950002000046489],[-75.163426000018859,39.950001000122214],[-75.164024000418664,39.950073000138914],[-75.164102000236468,39.95009399989997],[-75.164174000206501,39.950112999809406],[-75.164252000024305,39.949770999943794],[-75.164260000420214,39.949737000330863],[-75.164338000238033,39.949345999779979]]]},"properties":{"ZCTA5":"19109"}},{"type":"Feature","geometry":{"type":"Polygon","coordinates":[[[-75.174918000124904,39.898603000136362],[-75.174959000132787,39.898488000270959],[-75.174862000048421,39.898473999752831],[-75.174062999807163,39.898359999660492],[-75.172972000386167,39.898204999726495],[-75.172656999843596,39.898101999803224],[-75.172343000024213,39.897997999730343],[-75.172028000379967,39.897896000181454],[-75.171710000362651,39.897798999780449],[-75.171389999797199,39.897710999923113],[-75.17106000008431,39.897638999955774],[-75.17072600017346,39.897582999928858],[-75.170388999889568,39.89754199988014],[-75.170095000161695,39.897519999843915],[-75.170045999757889,39.897520999845689],[-75.169705000174361,39.897503999813125],[-75.168340000218663,39.897459999709149],[-75.167997999911904,39.897449999681605],[-75.167658000153281,39.897439000338771],[-75.167315000021617,39.897429000308108],[-75.16697500026298,39.897418000272772],[-75.165950000065905,39.897388000167304],[-75.165608999584066,39.897377000125331],[-75.161168999935512,39.897248000190679],[-75.160826999628739,39.8972390001381],[-75.158777999957849,39.897179999764091],[-75.15843599965109,39.897170999702567],[-75.157070999695392,39.897131000104082],[-75.156727999563728,39.897122000036134],[-75.155361999783125,39.897081999719845],[-75.155020000374677,39.897075999670385],[-75.154679999717729,39.89706400025905],[-75.154341999608931,39.89702399990891],[-75.154006000048255,39.896976000147099],[-75.153668999764378,39.89693199970413],[-75.151526000382148,39.896647000286052],[-75.147110999949646,39.896060000260285],[-75.145924000269176,39.895900999847015],[-75.145586999985284,39.895857000092285],[-75.144277000281164,39.895682000130257],[-75.14424999961868,39.895662000243981],[-75.144225000402642,39.895647999837664],[-75.144184000394773,39.895633000088374],[-75.141533000126103,39.895062000252786],[-75.134996000227758,39.892857000255781],[-75.13459000034689,39.893620999736584],[-75.133202999751575,39.896263999847129],[-75.132294999730377,39.898326999997366],[-75.13175499995522,39.899539999913692],[-75.131368000340927,39.900442999991739],[-75.131231999898489,39.900785000330465],[-75.130543999985321,39.902537000310119],[-75.130409000266098,39.902866000148016],[-75.130127000233799,39.903735000084481],[-75.129845000201485,39.904635000315039],[-75.129703999736179,39.905206000323034],[-75.129672999774044,39.905328999731985],[-75.129649000382912,39.905425999810397],[-75.12948299980323,39.906221000009332],[-75.129395999764597,39.906629000096935],[-75.129283999611602,39.907390000138399],[-75.129275000289098,39.907481000227641],[-75.129231999733079,39.908216000333844],[-75.129196999572983,39.909121999955019],[-75.129239000304082,39.910172999821377],[-75.129298999680216,39.911304000045696],[-75.129383000244118,39.91232399995458],[-75.129513999765379,39.913218000337771],[-75.129682999819778,39.91422399993791],[-75.12978499992704,39.914805999948307],[-75.12998999996644,39.915885000235122],[-75.130058999563417,39.916150000139538],[-75.130186999609933,39.916668999927424],[-75.130349999816545,39.917403999970901],[-75.130485000434092,39.917693000069562],[-75.130757000420644,39.918480000198997],[-75.13104500030073,39.919208000233219],[-75.131379000211581,39.920052999831874],[-75.132175999904689,39.921804000001174],[-75.132235000354243,39.921932000214376],[-75.133569000347791,39.924859000254109],[-75.13400799984062,39.925824000041999],[-75.140261000056825,39.926353000165342],[-75.140584999921941,39.926437000047208],[-75.140826999771278,39.927021999687341],[-75.140880000373031,39.927122000132378],[-75.140893999718429,39.927227000339123],[-75.14150899983666,39.927445000234414],[-75.141663999647363,39.927481999973914],[-75.141821999831095,39.927405999965977],[-75.141876000257781,39.927316999994538],[-75.142098000015636,39.927016000193348],[-75.143546999636897,39.927205000191051],[-75.144779000421508,39.927364999854198],[-75.144923000361544,39.927383999875438],[-75.145012000050016,39.927396000176245],[-75.146090999775453,39.92754800012986],[-75.146279999921333,39.927573000234958],[-75.14641100034089,39.927589999694966],[-75.146664999885786,39.927622999728875],[-75.146984999552942,39.927664999936816],[-75.146940000245408,39.927862999684557],[-75.147692999557592,39.928081000309994],[-75.147745000334439,39.927946000222548],[-75.147760000403053,39.927935000264924],[-75.147798000037895,39.927943000171631],[-75.147843000243739,39.927946999780211],[-75.148044000085179,39.927986999986409],[-75.14804800028314,39.927977000281501],[-75.148092999590659,39.927982999691274],[-75.148128999575675,39.927888999921969],[-75.148151000215307,39.927821000286933],[-75.148701000036212,39.927896000275702],[-75.148988999916298,39.927932999771457],[-75.148896999854799,39.928157999812036],[-75.148951000281471,39.928174000261322],[-75.14897899987055,39.928104999976213],[-75.149138999704135,39.928151999728705],[-75.149118999612639,39.928203999974187],[-75.14921900007009,39.928237999954376],[-75.149202000351636,39.928282999821192],[-75.149305000283803,39.928316999762139],[-75.149344999568456,39.928208000256404],[-75.149521000193872,39.928231000324551],[-75.150148000007661,39.928368999882345],[-75.15025599996271,39.928097000088393],[-75.150706000224488,39.928156000013914],[-75.150614000162989,39.928390999656337],[-75.150811999631401,39.92841999972336],[-75.151732000246469,39.92855200022958],[-75.151784999949925,39.928291999928796],[-75.152130999556334,39.928336000208084],[-75.152391999672219,39.928373999706352],[-75.152333000121004,39.928630999674986],[-75.153337000401677,39.928760999993955],[-75.1533890002802,39.928514999690677],[-75.15370700029753,39.928558999826642],[-75.154114000003304,39.928611999999852],[-75.154058999751712,39.928874999784341],[-75.154864999665662,39.928981000289241],[-75.154923000290296,39.928716999987827],[-75.155273999919572,39.928762999774349],[-75.155795000326492,39.928836000330577],[-75.155747999572512,39.929062999930345],[-75.155795000326492,39.929071999935395],[-75.155981999924222,39.92909700017276],[-75.155970000228663,39.929145999702271],[-75.156391000178161,39.929202000105697],[-75.156414999569279,39.929091999712682],[-75.156544000339025,39.92910699971408],[-75.156576000126066,39.928934999960326],[-75.156836000417059,39.928969000266321],[-75.157404999606229,39.929040999683444],[-75.15740899980419,39.929095999943009],[-75.157366000146496,39.929279999951611],[-75.157416000375207,39.929287999701188],[-75.157745000263176,39.929330999802801],[-75.157750000286057,39.929308000104243],[-75.157799999616458,39.929314000086251],[-75.158112999610907,39.929354000182499],[-75.158163999664509,39.929145000162109],[-75.158392999993367,39.929176999906673],[-75.158664999979962,39.929212000320547],[-75.158607000253625,39.929468999898532],[-75.159593999917533,39.929601999982111],[-75.159655000016912,39.929339999772615],[-75.159956000315788,39.92937999985368],[-75.160286999853582,39.929424000122523],[-75.16023400015014,39.929687000231638],[-75.161153000041992,39.929808000015811],[-75.161202000445769,39.929545999905905],[-75.161528999785631,39.929590000068053],[-75.161799000122372,39.929624000048719],[-75.161753999916513,39.929879999928218],[-75.162364999836797,39.929960000124737],[-75.162644000394366,39.930002000276581],[-75.162650000242138,39.929970000228799],[-75.162707999968475,39.929977999897744],[-75.162754999824131,39.929747999916145],[-75.163091000283103,39.929791999948456],[-75.163360999721533,39.929834999733529],[-75.163503999836664,39.929830000016217],[-75.163662000020423,39.92989599997496],[-75.163684999586636,39.929950000019168],[-75.163939999854762,39.930217000338722],[-75.164124999802695,39.930104999769078],[-75.164201999795594,39.930187000130303],[-75.164619000445427,39.93024500010808],[-75.164673999798694,39.929998000099197],[-75.16516599989329,39.930068000069525],[-75.165584000368028,39.930120000237302],[-75.166246000341928,39.930207000270691],[-75.166812999881273,39.930284999660316],[-75.166761000002751,39.93052199998931],[-75.167002999852073,39.930556999715471],[-75.167328000440406,39.930593000320485],[-75.167377999770807,39.930359000182492],[-75.167705999833856,39.930393999991992],[-75.168319000302262,39.930480000156479],[-75.168423000059349,39.930464999767139],[-75.168689000198128,39.929256000008507],[-75.168818999894469,39.928657999856931],[-75.168956000161828,39.928035000065186],[-75.169228000148379,39.926805999660473],[-75.169494000287159,39.925595999754478],[-75.16949900031004,39.925531000065199],[-75.169743999634107,39.924408999793386],[-75.170023000191676,39.923138000227553],[-75.170309000421952,39.921885000325382],[-75.170581000408504,39.920653000069116],[-75.170854000219975,39.919409999743593],[-75.17112200000858,39.918151999948606],[-75.171310000329569,39.917269000188732],[-75.171394999820052,39.916885000241237],[-75.17142300030747,39.916757000239585],[-75.171695000294022,39.915480999803847],[-75.171816999594455,39.914883999659146],[-75.1719250004478,39.914373000238697],[-75.17189399958734,39.914314999905827],[-75.1718769998689,39.914255999766254],[-75.171886000089742,39.914226999900876],[-75.172095000327118,39.91320300030042],[-75.172136000334987,39.912986000311314],[-75.172236999719019,39.912467999958444],[-75.172252999612539,39.912387999993683],[-75.172271000054209,39.912332000307252],[-75.172282999749768,39.912281999982561],[-75.172318999734784,39.91211699989239],[-75.172409000146473,39.911729000131032],[-75.172686999980812,39.910576999866166],[-75.172710000445363,39.910480000190475],[-75.172953000119605,39.909350999800488],[-75.172972000386167,39.909241999731819],[-75.173035999960263,39.908913000192229],[-75.173073999595104,39.908718000286939],[-75.173234000327,39.908001999941007],[-75.173447999688932,39.907157999666879],[-75.173481000199189,39.906940999821558],[-75.173487000046975,39.90675499999778],[-75.173492999894762,39.906702000133336],[-75.173533000077725,39.905593999820283],[-75.17353599955247,39.905389999754725],[-75.173542000298568,39.905226000180335],[-75.173557000367182,39.905047999660233],[-75.17372300004854,39.904253000321312],[-75.17376800025437,39.904033999730551],[-75.173831999828479,39.903789999997478],[-75.173858999592653,39.903681999951161],[-75.17391200019442,39.903480000224285],[-75.174005999905745,39.902911000149658],[-75.174353000235371,39.90152900009231],[-75.174394000243268,39.901224000165669],[-75.174486000304768,39.900765999820415],[-75.174590000061841,39.900254999832129],[-75.174657999833912,39.899924999895589],[-75.174780999857546,39.899333999790429],[-75.17480799962172,39.899178999991932],[-75.174819000390698,39.899115000017389],[-75.174832999736097,39.899035000309638],[-75.174857000025526,39.898900000160367],[-75.174918000124904,39.898603000136362]]]},"properties":{"ZCTA5":"19148"}},{"type":"Feature","geometry":{"type":"Polygon","coordinates":[[[-75.213673000433104,39.960030000077232],[-75.21401800021458,39.958642999748982],[-75.213017000306962,39.958518000108747],[-75.211341999831561,39.958313000231691],[-75.21148199957365,39.957540000313415],[-75.211207000112353,39.957505999742274],[-75.211341000006655,39.956845999847417],[-75.21135600007527,39.956759999765552],[-75.211457000357612,39.956313999736061],[-75.211551000068951,39.956369999942687],[-75.211905000071255,39.956414999903316],[-75.211962999797592,39.956134999973145],[-75.211973999668245,39.95605500007764],[-75.211519000281896,39.956000000138218],[-75.21159200007682,39.955649999988275],[-75.211676999567317,39.955240000328196],[-75.211766000154086,39.954813000007483],[-75.212408000036504,39.954894999684065],[-75.212474999983655,39.954578000196669],[-75.212373999701327,39.954564999984285],[-75.212439999823559,39.95425099993097],[-75.212382999922156,39.95424400020719],[-75.21239899981569,39.954155999880761],[-75.21246199956488,39.953815999997097],[-75.212556999999421,39.953370999924758],[-75.21208199962328,39.953304999881034],[-75.212158999616179,39.95295299994936],[-75.212170000385129,39.952873999657115],[-75.213194999683878,39.952999999853354],[-75.213331999951237,39.952462000105989],[-75.213360000438641,39.952300000110846],[-75.21279100035116,39.952227999683771],[-75.212838000206816,39.952004000165864],[-75.212865999795909,39.951868999751696],[-75.212880000039604,39.951801999737938],[-75.212704000312513,39.951779999914386],[-75.212767999886623,39.951468999867664],[-75.212921000047501,39.951487000181267],[-75.21297899977381,39.951202999730924],[-75.213029000002521,39.951111999899723],[-75.213064999987537,39.951045999742085],[-75.213189999661026,39.950449999754149],[-75.213228000194178,39.950354999933701],[-75.213490000134996,39.949008999905466],[-75.212920000222582,39.94906499989542],[-75.212577999915823,39.948798000109562],[-75.212274999967136,39.948543000006609],[-75.212683000396126,39.948226000003537],[-75.212530000235233,39.948097000109648],[-75.212693000441874,39.94798299996895],[-75.212584999588515,39.947892999941146],[-75.212502999572749,39.947952000018638],[-75.212340000264447,39.947810000177832],[-75.212262000446643,39.947845000015604],[-75.212199999624062,39.94779400018701],[-75.211773999651712,39.948119999692125],[-75.21138899968723,39.94779600009997],[-75.210742999606865,39.947250000337831],[-75.210103000272582,39.94669699985397],[-75.209791999927944,39.946439000254678],[-75.210099999899526,39.946209999787214],[-75.209018999625968,39.945261000115451],[-75.208899999800281,39.945184999876474],[-75.208872000211201,39.945208999743606],[-75.208595000201754,39.945450000008428],[-75.208483999873678,39.945139000107716],[-75.20837599991863,39.944953000038439],[-75.208258999742768,39.944844000166484],[-75.208115999627637,39.944771000155114],[-75.207981999733349,39.944706000079435],[-75.207856000234969,39.944631999918109],[-75.207812999678936,39.944558999680581],[-75.207739000059107,39.94445899991743],[-75.207669999563805,39.944415999678164],[-75.207584000248403,39.944372000094091],[-75.207474999570152,39.944324999771453],[-75.207358000292572,39.944294000229725],[-75.207255000360433,39.944286000167956],[-75.207067999864364,39.944294000229725],[-75.206933999970062,39.944294000229725],[-75.206795999877798,39.944282000136752],[-75.206600999884117,39.944172999884444],[-75.206445000248522,39.944069000202106],[-75.206358000209889,39.944034999821397],[-75.206288999714602,39.944009000207558],[-75.206215999919664,39.944004000148212],[-75.206154999820299,39.944009000207558],[-75.206046999865251,39.944074000256698],[-75.205955999628671,39.944168999846575],[-75.205907999948067,39.944233999743766],[-75.205798000343236,39.94434199989189],[-75.20577800025174,39.944328999800199],[-75.205704999558492,39.944286000167956],[-75.205471000105078,39.94414300028366],[-75.20542800044737,39.944121000063035],[-75.205312999921333,39.944101999866795],[-75.205203000316487,39.943770999733694],[-75.205060000201357,39.943624000080725],[-75.205224000232874,39.943518000214645],[-75.205472999754903,39.943334999935935],[-75.205714999604226,39.943148999783332],[-75.205954999803751,39.942960999759578],[-75.20618800033057,39.942768999788221],[-75.206416999761103,39.942572999835754],[-75.206642999716919,39.942374999939133],[-75.207075000435367,39.941966999994101],[-75.207289999622219,39.941762000097754],[-75.207509999730249,39.941559999730082],[-75.207739000059107,39.941365999858981],[-75.207837999793298,39.941285999908146],[-75.207098999826499,39.94128100033857],[-75.206856000152257,39.941263000094374],[-75.206081000200442,39.941203999758159],[-75.205877999810866,39.94118500012933],[-75.205286000157159,39.941130999995536],[-75.205184999874803,39.941115999874263],[-75.20508699996553,39.941507999989007],[-75.20500499994975,39.941803999894731],[-75.204901000192677,39.942045999796974],[-75.204756000427736,39.942287000183768],[-75.204577000327575,39.942548999732693],[-75.204326000257424,39.942834999666971],[-75.204148999807103,39.942990999878582],[-75.203922000026381,39.943148999783332],[-75.20361800025276,39.943334999935935],[-75.203156000295394,39.943591000185542],[-75.202369999574628,39.943798000141626],[-75.201797000187497,39.943914999719986],[-75.201315000138663,39.943976999821587],[-75.200949000440744,39.943998000076583],[-75.20063899992104,39.944011000231164],[-75.200370000307529,39.943990999992295],[-75.200170000290981,39.943956000248917],[-75.19979000034941,39.943824999850172],[-75.196871000292134,39.942729999986518],[-75.19594400000436,39.942391999855353],[-75.19564600007854,39.942305000158569],[-75.19523400034987,39.942217000313214],[-75.194970999685822,39.942191000008535],[-75.194462999697706,39.942156000033101],[-75.193984999846819,39.942153999955266],[-75.193871999868918,39.942099999897408],[-75.19370899966232,39.94226500005508],[-75.192675999967634,39.942678999788399],[-75.191558999709073,39.943127999956523],[-75.191495000134964,39.94315299988078],[-75.191451999578959,39.943199000296197],[-75.188720000017753,39.946107999720219],[-75.188299000068255,39.946409000270151],[-75.187304000008439,39.947122999913553],[-75.187231000213487,39.947176000173471],[-75.187140999801812,39.947221999950052],[-75.185633999555904,39.9480210002665],[-75.185154999880112,39.948386000110474],[-75.184258999554487,39.948904000059002],[-75.183287999784099,39.949512000299165],[-75.181663000435719,39.951509000099065],[-75.180961000278842,39.95288299997398],[-75.18090900040032,39.952981999937869],[-75.180223000136962,39.954472000088067],[-75.179921000013181,39.955341000015807],[-75.179889000226126,39.955435999797174],[-75.179873000332577,39.955509000133901],[-75.179767999852288,39.9559929999049],[-75.179720000171699,39.956163999989641],[-75.179611000391759,39.956506000253562],[-75.179326999811337,39.957380000273069],[-75.17912599996987,39.958003999897201],[-75.179896999723709,39.959927999961515],[-75.179914000340474,39.959971999868053],[-75.179936999906687,39.960027999833393],[-75.180009999701625,39.960116999954437],[-75.180034999815973,39.960144999883461],[-75.18089500015661,39.961167000118415],[-75.181600999613124,39.962006000321388],[-75.181679000329254,39.962099000300171],[-75.183242999578241,39.964262000079366],[-75.183322999944195,39.964373999822278],[-75.18336800015004,39.96441999973726],[-75.183852999673604,39.964935000309957],[-75.184975999779951,39.966129000194108],[-75.188514000153418,39.968407999866969],[-75.191012000261196,39.970034000124834],[-75.193055000084328,39.973851999840711],[-75.193731000301923,39.975113999758719],[-75.193723999730921,39.975285000211578],[-75.193974999801085,39.975259000085757],[-75.194230999894131,39.975231000151012],[-75.194404000146491,39.975212999891887],[-75.194609000185892,39.975192000271988],[-75.194640000148041,39.97518900022741],[-75.194661000064443,39.97518600018271],[-75.194897000065993,39.975161999820337],[-75.194993000325454,39.975150999880931],[-75.195410999901881,39.975102000254381],[-75.195560999689718,39.975085000207116],[-75.19575499985848,39.975063000301702],[-75.198268000034872,39.974782000073205],[-75.198396999906294,39.974768000009583],[-75.198808999634949,39.974722000173649],[-75.198992999757948,39.974700999714472],[-75.199504999944025,39.974646000317009],[-75.201736999913038,39.974394000296293],[-75.203152999922352,39.974244999855166],[-75.203720000360008,39.974182000083751],[-75.204362000242426,39.974416999984307],[-75.206625000173574,39.975246999918468],[-75.206907000205874,39.975353000176113],[-75.207891000395051,39.975716999848323],[-75.208597999676485,39.975980999850009],[-75.209320999749764,39.976249999976169],[-75.210356999817478,39.976635999783973],[-75.211289000128119,39.976982999931309],[-75.213469000218581,39.977790999963027],[-75.213305000187063,39.977217000311526],[-75.213121000064049,39.976545000066693],[-75.213008999911054,39.976137999727285],[-75.212613999900839,39.974720999922454],[-75.212420999556983,39.973982999867125],[-75.212211000393026,39.973241999973759],[-75.212820999590079,39.973173999974058],[-75.213885999970103,39.973054000052571],[-75.213690000151516,39.972019999847888],[-75.213280999897606,39.972064999835496],[-75.213145000353478,39.971357999696821],[-75.213131000109783,39.971286999672188],[-75.212843000229697,39.971321000274948],[-75.212767000061703,39.970933999744624],[-75.2125200001895,39.970774999686846],[-75.21246199956488,39.970739000258874],[-75.212401000363826,39.970412999795087],[-75.212069000102801,39.970211000045254],[-75.212655999733627,39.969644000281264],[-75.212717999657912,39.969582999675524],[-75.212639999840107,39.96953600015356],[-75.212895000108233,39.969381999867664],[-75.212859999948137,39.969111999914794],[-75.21316999956953,39.969086999839703],[-75.213142999805356,39.96888100033253],[-75.213097999599512,39.968529000025427],[-75.213059000139751,39.968231000097148],[-75.213054000116898,39.968174999965669],[-75.213051999568734,39.968148000230087],[-75.213034000025402,39.968015000025588],[-75.212721999855873,39.968041999813693],[-75.212689000243913,39.967766999688166],[-75.213649999968538,39.967696000064414],[-75.213581000371562,39.967133000165752],[-75.213189999661026,39.967165999719093],[-75.213162999896838,39.966959999930886],[-75.212592999984423,39.967008999886652],[-75.212547999778593,39.966644999966761],[-75.212721999855873,39.966631999982951],[-75.212566000220249,39.965524000117078],[-75.212296999708414,39.965542999870941],[-75.212258000248681,39.965217999803293],[-75.212448000219467,39.965189999886142],[-75.212885000062485,39.965161999957573],[-75.212830999635813,39.964712999831569],[-75.212279999989988,39.964750000076151],[-75.212202000172184,39.964750000076151],[-75.212171000210049,39.96448899989602],[-75.212162999814126,39.964411000250273],[-75.212765000411892,39.964366000043455],[-75.213228000194178,39.964330999709055],[-75.21317100029276,39.963890999878821],[-75.213014999758826,39.962658999748619],[-75.213059999964671,39.962576999742268],[-75.213402000271429,39.961153999781523],[-75.211541000023203,39.960877999725348],[-75.211565000312646,39.96082499975418],[-75.2117810002227,39.960339000207945],[-75.212009999653247,39.95985800023962],[-75.212043000163519,39.959789000227175],[-75.213673000433104,39.960030000077232]]]},"properties":{"ZCTA5":"19104"}},{"type":"Feature","geometry":{"type":"Polygon","coordinates":[[[-75.251298000063926,40.043505000067469],[-75.251221999895932,40.043446999890172],[-75.250985999894368,40.043262999712468],[-75.250333999966216,40.04278899997243],[-75.249348999952105,40.042072999923001],[-75.249180999722626,40.041951000108028],[-75.249039000330711,40.041847999925217],[-75.24791899969911,40.04076200008619],[-75.247322000022535,40.040095999850756],[-75.246999999807258,40.039738000036913],[-75.246674000292316,40.039167999712681],[-75.246169999603865,40.038289999741423],[-75.24590299964018,40.037996000202767],[-75.245598000041639,40.037654999975864],[-75.24523999984136,40.037362999805872],[-75.245048000220734,40.037267999754249],[-75.244931999869792,40.03721699993978],[-75.244412000186102,40.03700300003284],[-75.244218000017341,40.036915999705073],[-75.24410500003944,40.036861000199572],[-75.24366200034865,40.036633000100622],[-75.243258000117606,40.036420999807362],[-75.24297000023752,40.036262000186554],[-75.24268800020522,40.036095999914387],[-75.242413999670518,40.035923000315293],[-75.24218000021709,40.035764000221171],[-75.241986999873248,40.03562199987136],[-75.241801999925329,40.035473000256772],[-75.241656000335453,40.035345000018687],[-75.241519999893029,40.035211999962755],[-75.241416999960862,40.035101000167444],[-75.241294999762118,40.034957999755832],[-75.241201999875685,40.034840999883819],[-75.240859999568926,40.034399000084449],[-75.240765999857601,40.034283000007996],[-75.240667999948315,40.034168999871063],[-75.240565000016147,40.034057999753728],[-75.240484999650207,40.033978000294539],[-75.240400000159724,40.033899000126077],[-75.240282999983862,40.033798000308458],[-75.240097000211009,40.033651999688082],[-75.239870000430287,40.03348900017609],[-75.239703000025713,40.033375000087588],[-75.239231000022613,40.033060999679101],[-75.238395999796353,40.032495000316345],[-75.237978000219911,40.032203000062552],[-75.23767400044629,40.032003000269746],[-75.237364999751492,40.031799000165783],[-75.236588000149879,40.031290000098451],[-75.236208000208265,40.03105399972155],[-75.235300000187081,40.030504000104443],[-75.23505900016265,40.030353000065134],[-75.234765000434777,40.030162000119724],[-75.234460999762845,40.029948000085703],[-75.23433400043956,40.029853000022619],[-75.234179999555451,40.02973000022218],[-75.234090000042073,40.0296499998135],[-75.234030999592534,40.029603999793977],[-75.233884000177753,40.029476000234368],[-75.233070999692799,40.028749999928536],[-75.232919000255151,40.028626000053066],[-75.232762999721245,40.028505999870205],[-75.232601000237835,40.028390000088955],[-75.232401000221287,40.028253999762121],[-75.232224999595886,40.028141000022721],[-75.232042000196088,40.028037000145872],[-75.23198699994451,40.027994999674469],[-75.231702000437465,40.02783100023921],[-75.231177999657504,40.027549999724087],[-75.231026000219885,40.027488999922014],[-75.230924000112608,40.027425000251434],[-75.230745000012476,40.027311999826708],[-75.229677999982613,40.026793000280676],[-75.228248999554509,40.026081000178628],[-75.228217999592374,40.026066000123592],[-75.228179999957533,40.026047000003274],[-75.228148999995398,40.026030999753061],[-75.228004000230442,40.025963000023509],[-75.227952000351905,40.025934000047464],[-75.226651999795223,40.025266999946659],[-75.226512999878068,40.025196999743613],[-75.226307999838639,40.025091999992235],[-75.225190999580079,40.024459000209781],[-75.223945000348394,40.02380899975379],[-75.223694000278229,40.023712000328409],[-75.2230170002357,40.023226999756922],[-75.22215299969713,40.0226139998124],[-75.221893000304448,40.02252999973323],[-75.221715000029192,40.02247200028971],[-75.221576000112037,40.022449999823699],[-75.221444999692466,40.022425000004731],[-75.221190000322665,40.022363999747562],[-75.22059199992286,40.022227999789905],[-75.220422000043555,40.022185999869571],[-75.220254999638968,40.022140000320263],[-75.220130999790399,40.022103999754066],[-75.220008999591684,40.022064999807149],[-75.219888999941077,40.022022000227956],[-75.219810000298352,40.021991999705541],[-75.219616999954511,40.021908000236415],[-75.21950300015169,40.021853999884321],[-75.219396999846481,40.021798999927597],[-75.219247000058658,40.021715999783986],[-75.21907999965407,40.021616000065237],[-75.218888000033459,40.021492999859383],[-75.218468999733801,40.021207999721533],[-75.218191999724382,40.021011999693847],[-75.218056000180241,40.020943000202941],[-75.217815999980729,40.020737999778376],[-75.216276000122861,40.019564000142068],[-75.21600599978612,40.019334999724521],[-75.215862999670989,40.019207000159653],[-75.215749999693074,40.019100000242418],[-75.215614999973866,40.018965000261808],[-75.215482999729389,40.018828000115377],[-75.215328999743591,40.018662000066577],[-75.215055000107213,40.018351999863995],[-75.214630999784688,40.017835000192598],[-75.214029999910139,40.0171519997619],[-75.213637000448088,40.016718000075166],[-75.213489000310076,40.016585000162358],[-75.213461999647578,40.016560999897031],[-75.212218999890609,40.015460999889733],[-75.210007000013107,40.01410699993562],[-75.208648999730116,40.013439000116534],[-75.208007999672617,40.012996999931616],[-75.207523999973944,40.013310000126438],[-75.206973000328119,40.014769999708662],[-75.206903000007912,40.014957999729887],[-75.207169999971612,40.015034999808663],[-75.208698999958827,40.015480000206061],[-75.208872000211201,40.015623000172312],[-75.209031000219852,40.015698999849576],[-75.209290999612534,40.015816999868775],[-75.210496999559552,40.016390999897197],[-75.211278000257465,40.016812999854174],[-75.211366000121004,40.016929999689964],[-75.211375000341846,40.016942000102794],[-75.21141899982446,40.017032999667492],[-75.211416000349729,40.017101000041684],[-75.211744000412793,40.017388000075265],[-75.211997000132769,40.017547999975079],[-75.212228999936372,40.017835000192598],[-75.212536000083034,40.018073000128652],[-75.212660999756494,40.018198999839697],[-75.212787000153199,40.018342000300031],[-75.212028999919823,40.018700000287438],[-75.211470999702996,40.01894800012299],[-75.211695999833907,40.019246999963478],[-75.211930000185617,40.019554000067806],[-75.212330000218714,40.019370999687879],[-75.212464999937922,40.019550000312861],[-75.212397000165865,40.019579999845106],[-75.212464000113016,40.019671000019677],[-75.212725000228914,40.01955200019033],[-75.212924000420557,40.019816000016817],[-75.212664999954455,40.019933000207416],[-75.212896999758044,40.020239999977107],[-75.212856999575081,40.02025900033874],[-75.212895000108233,40.020314999744478],[-75.212947999811675,40.020393999823121],[-75.213065999812457,40.020340000336596],[-75.213162000071918,40.020464000138567],[-75.213509000401558,40.020920999931803],[-75.213449000127099,40.020948999712758],[-75.213571000325828,40.021112000297776],[-75.213598000090016,40.02115600002179],[-75.21364300029586,40.02123100015821],[-75.213875000099449,40.021548000062722],[-75.213823000220913,40.021570000131646],[-75.213900000213798,40.021676000051642],[-75.213951000267429,40.021652999764967],[-75.213994999750042,40.021702999959523],[-75.214049000176715,40.021764000119731],[-75.214203000162513,40.021975000320879],[-75.214008000168846,40.022061999757405],[-75.213895000190945,40.022131999737503],[-75.214060999872302,40.022358999915816],[-75.214419999897487,40.022825000136628],[-75.214696999906906,40.0227020000465],[-75.214912999816974,40.022964999835139],[-75.215005999703408,40.022923999913857],[-75.215440000071681,40.023429999818539],[-75.215106000160844,40.023622999798192],[-75.215348000010167,40.023902999760374],[-75.215789999876037,40.024229000184903],[-75.215979999846851,40.024368999754017],[-75.216706000293158,40.024941999870599],[-75.21754999984195,40.024930999692764],[-75.21803699991365,40.024937999743592],[-75.21819599992233,40.024971999783709],[-75.218322000319034,40.025028000136579],[-75.218862999919097,40.025502999708863],[-75.218929000041328,40.025580999777247],[-75.218991999790532,40.025616999884505],[-75.219072999981393,40.025602999921475],[-75.219124000034995,40.02556699980682],[-75.219698999970262,40.026140000179623],[-75.220212999806165,40.026588000236281],[-75.220642000151571,40.026997000223339],[-75.220653000022224,40.027008000067994],[-75.221239999653065,40.027550999889556],[-75.221679000044205,40.027339000255679],[-75.221819999611185,40.027536000157738],[-75.22161700011992,40.02762499971044],[-75.221776000128571,40.02783400003527],[-75.221606000249253,40.027909999869593],[-75.22178899964905,40.028155000152786],[-75.22183700022795,40.028200999773709],[-75.221911999672713,40.028272999955568],[-75.222357999736531,40.028784000132383],[-75.222606000331979,40.029172999943391],[-75.222763999617399,40.029104999906572],[-75.222881999618181,40.029268999718134],[-75.22320800003142,40.029078000176604],[-75.223474000170199,40.029441000237753],[-75.22382499979949,40.029927000097651],[-75.224143999641711,40.030349999691992],[-75.224504000390127,40.030822999803483],[-75.224592000253679,40.030938000146342],[-75.225127000005969,40.031642999715046],[-75.225163999815891,40.031721999745436],[-75.225348999763824,40.031941000221742],[-75.225182000257561,40.032024999718502],[-75.225385999573746,40.032298000291703],[-75.225125000356144,40.032412000116949],[-75.22509900041689,40.032492000037429],[-75.225366000380575,40.032861000338826],[-75.225445000023299,40.032843000135593],[-75.225703999591062,40.03272700016386],[-75.225956000384457,40.033067000186755],[-75.225634999994085,40.033219999884821],[-75.225849000254328,40.03350600013075],[-75.226081999882837,40.033806000210959],[-75.226466999847304,40.033643999767513],[-75.22651500042619,40.033615000305659],[-75.226542000190378,40.03359799969035],[-75.226686999955334,40.033787000183111],[-75.226933000002617,40.03367500005622],[-75.227382000439505,40.034265000180007],[-75.227224000255774,40.034338000217026],[-75.227405999830637,40.034579999922236],[-75.227610000045146,40.034486000184231],[-75.227724999672873,40.034623999901463],[-75.227871999985965,40.034795999985427],[-75.227908999795872,40.034849999722418],[-75.228149999820303,40.034713999895523],[-75.228752000418083,40.034372999764251],[-75.229761999648204,40.03380299998971],[-75.230062000122174,40.033634999769809],[-75.230182999597673,40.033565999977256],[-75.230399000406067,40.033446000231464],[-75.231027999869696,40.033094999797505],[-75.232010000409048,40.033986000175879],[-75.232459999772516,40.034415999812232],[-75.23261600030645,40.034655999805942],[-75.232746000002791,40.034561000110024],[-75.23404999985911,40.035696999923452],[-75.234936999963921,40.034899999873765],[-75.23540399994414,40.035460000302642],[-75.235858000403908,40.035093999783896],[-75.236148999758726,40.034859000247543],[-75.236266999759508,40.034812000243129],[-75.236311999965338,40.034848000293323],[-75.236556000362825,40.035031999794597],[-75.236814000105682,40.03520500027841],[-75.237088999566978,40.035361000147532],[-75.237670000248343,40.035643000169379],[-75.238056000037716,40.035811000257297],[-75.238783000308942,40.036110999827152],[-75.239350999673206,40.036354000155072],[-75.239667999865617,40.036537999719776],[-75.240096000386103,40.036831000012903],[-75.240615000244873,40.037161999989266],[-75.241042999867048,40.037420000323586],[-75.241453999770769,40.037589000178734],[-75.241888999963962,40.037686999833674],[-75.242991000153921,40.037852999671813],[-75.243675999694034,40.038046000110839],[-75.244197000100939,40.038304999859371],[-75.244691999670266,40.038671000338816],[-75.245090999878443,40.039105999988529],[-75.245419999766412,40.039591999753846],[-75.245653000293231,40.040147000262984],[-75.245844999913857,40.04059499979045],[-75.246130000319212,40.041010000186581],[-75.246505000237931,40.041479000109582],[-75.247105000287547,40.042096000201909],[-75.247835000033518,40.042668999950756],[-75.248092999776375,40.04287199992114],[-75.248459000372591,40.043126000221982],[-75.248713999742392,40.043300999984218],[-75.248877999773924,40.043413000118974],[-75.248969999835438,40.043475000053057],[-75.249230999951351,40.043645999889655],[-75.249295000423757,40.04368900027977],[-75.250011999750939,40.044159000264514],[-75.250270000392121,40.044332000287334],[-75.250294999608158,40.04434799968292],[-75.250373000324259,40.044400000271558],[-75.250415000157062,40.04436800012563],[-75.250450000317173,40.044338999722527],[-75.250487999952014,40.044243999762124],[-75.25050399984552,40.044202000331069],[-75.250520999563975,40.044172999857345],[-75.250559000097113,40.044114000325763],[-75.250575999815553,40.044083999891598],[-75.250595000082129,40.044045000132755],[-75.250605000127877,40.044008000199824],[-75.250616999823421,40.043979000331262],[-75.250646000135745,40.043944000212683],[-75.250672000075028,40.043922999720266],[-75.250701000387323,40.043904999685978],[-75.251298000063926,40.043505000067469]]]},"properties":{"ZCTA5":"19127"}},{"type":"Feature","geometry":{"type":"Polygon","coordinates":[[[-75.193723999730921,39.975285000211578],[-75.193731000301923,39.975113999758719],[-75.193055000084328,39.973851999840711],[-75.191012000261196,39.970034000124834],[-75.188514000153418,39.968407999866969],[-75.184975999779951,39.966129000194108],[-75.183852999673604,39.964935000309957],[-75.18336800015004,39.96441999973726],[-75.183322999944195,39.964373999822278],[-75.183242999578241,39.964262000079366],[-75.181679000329254,39.962099000300171],[-75.181600999613124,39.962006000321388],[-75.18089500015661,39.961167000118415],[-75.180034999815973,39.960144999883461],[-75.180009999701625,39.960116999954437],[-75.179936999906687,39.960027999833393],[-75.179414999674876,39.959952999943212],[-75.179242000320826,39.959930999987343],[-75.179079000114214,39.95991100027171],[-75.178202000055151,39.959803999696945],[-75.177427000103336,39.959701999932641],[-75.177134000200383,39.959663999927571],[-75.175482000189518,39.95944800033103],[-75.174296000333982,39.95929700009625],[-75.173887999904977,39.95924400027679],[-75.173252999695251,39.959170000005479],[-75.172677999759998,39.959103000258303],[-75.172190999688269,39.959028999834409],[-75.172002000440699,39.959007000269828],[-75.17198800019699,39.959045999743445],[-75.171979999801053,39.959094999862756],[-75.171963999907547,39.959140999886607],[-75.171910000379185,39.959287999934944],[-75.171747000172559,39.960029000299599],[-75.171680000225408,39.960342999988782],[-75.171583000141041,39.960794999882268],[-75.170772000204209,39.960693999987072],[-75.170002000275289,39.960598000166549],[-75.170065999849399,39.960297000085006],[-75.169994999704272,39.960285999818993],[-75.169741000159377,39.960252999698987],[-75.168501999702073,39.960095999827992],[-75.168428999907135,39.960400000111051],[-75.167992000064118,39.960348000230915],[-75.166868000132865,39.960205999959641],[-75.166947999600495,39.959803999696945],[-75.165374000305746,39.959600000016238],[-75.165294999764711,39.960011999946381],[-75.163711000424229,39.959815000040443],[-75.1620900003755,39.959606999880343],[-75.16202500007816,39.959589000326666],[-75.161958999955928,39.959571000079727],[-75.161772000358184,39.960421000144088],[-75.161645000136573,39.961020999741343],[-75.161553999899979,39.961441999939588],[-75.161506000219418,39.961660000318886],[-75.161476000082175,39.96178900010861],[-75.161389000043542,39.962168000047143],[-75.161375999624738,39.9622250000251],[-75.161409000135023,39.962344999678471],[-75.161384000020675,39.96247400024145],[-75.161302000004895,39.962894000019851],[-75.161260000172106,39.963126000286351],[-75.161188000202088,39.963422000290677],[-75.161110000384284,39.96378800029192],[-75.161052999584555,39.964040000169739],[-75.160957000223405,39.964469000136589],[-75.160804000062527,39.965159000161265],[-75.160677999665822,39.965770000253777],[-75.160561000388284,39.966294000224742],[-75.160481999847264,39.966670000246438],[-75.160394999808602,39.967063999921628],[-75.160213000233739,39.967888000292753],[-75.160158999807066,39.968176999971149],[-75.160071999768434,39.968598999820138],[-75.159977000232189,39.968995000062996],[-75.159701999872567,39.970201999943662],[-75.15944199958156,39.971466999998306],[-75.160286000028663,39.971576000126014],[-75.160223000279473,39.971851999678286],[-75.160457999557806,39.971884999707306],[-75.160419999922965,39.972059000160122],[-75.161036999691021,39.972130000071239],[-75.161019999972595,39.972236999943405],[-75.162588000317868,39.972440999782485],[-75.162629000325751,39.972236999943405],[-75.162791999634067,39.972266000015004],[-75.162919999680582,39.972312000127118],[-75.163275000406117,39.972356999922482],[-75.163261000162422,39.972447999708749],[-75.16365100014977,39.972515999742306],[-75.163681000286999,39.972411999785081],[-75.164179000229367,39.972486999776777],[-75.164277999963559,39.972081000344076],[-75.165849999608497,39.972293999787638],[-75.166335999855292,39.972355000039293],[-75.166539000244896,39.972380000295978],[-75.167421000326826,39.972493000103007],[-75.167219999587047,39.973397000094749],[-75.168874000146062,39.973197000072624],[-75.170259000193241,39.973035999908461],[-75.170300000201109,39.972871999907191],[-75.170335000361206,39.972876000331681],[-75.171004000007812,39.972948999948414],[-75.176540999823445,39.972310000242615],[-75.177027999895159,39.972373999959821],[-75.177538000431426,39.972437000020975],[-75.177862000296528,39.97247999985445],[-75.17786300012142,39.973832000066793],[-75.177852000250795,39.974246999683054],[-75.177952999634797,39.974209000189582],[-75.178250999560632,39.974217000193413],[-75.178233000017286,39.974305000173487],[-75.178423999813006,39.974319999900665],[-75.178766000119765,39.974364999750762],[-75.179490999842841,39.974458999693965],[-75.179510000109431,39.974378999896992],[-75.179572000033701,39.974388999704601],[-75.179647000376775,39.974402000278467],[-75.180280000038366,39.974485000124133],[-75.180271999642443,39.974523000152502],[-75.180360000404306,39.974531000119583],[-75.180825999661309,39.974588000115908],[-75.181289000341906,39.974640000179782],[-75.181779999713257,39.974703999780466],[-75.181879000345788,39.974717000294362],[-75.181867999576809,39.9747720003231],[-75.182917999888232,39.974907999828616],[-75.183276000088512,39.974954000227775],[-75.183301000202889,39.974830999929225],[-75.183408000333017,39.974851000099179],[-75.183543999877131,39.974876000131289],[-75.184708999816266,39.975021000274857],[-75.185034000404599,39.975062000055495],[-75.185124999742868,39.975073000009274],[-75.185108000024442,39.975160000019223],[-75.185332000330433,39.975192999827883],[-75.185597999570888,39.975240000278824],[-75.186021999893427,39.975294999886664],[-75.186591999805827,39.975371999951697],[-75.186683999867327,39.974979999781212],[-75.186938000310548,39.975012000118213],[-75.187058999786046,39.975027999936934],[-75.187120999710331,39.97503500028666],[-75.188212999854528,39.975175000247162],[-75.189961000124867,39.975402999863924],[-75.190623000098782,39.975485999870749],[-75.190994999644445,39.97553100032993],[-75.191332999753257,39.975543999998102],[-75.191817000350241,39.97549300017355],[-75.192271999736604,39.975442000311006],[-75.193060000107195,39.975353999729656],[-75.193723999730921,39.975285000211578]]]},"properties":{"ZCTA5":"19130"}},{"type":"Feature","geometry":{"type":"Polygon","coordinates":[[[-75.250985000069463,39.96711499983936],[-75.251118999963765,39.966397999851708],[-75.250934999840752,39.966366000301072],[-75.250600999929915,39.966325999809072],[-75.250396999715406,39.96630700027282],[-75.250217999615245,39.96629200016416],[-75.250133000124762,39.966299000031675],[-75.249291000225796,39.966191999814662],[-75.248752000275559,39.966125999751725],[-75.248157000248796,39.966050999665455],[-75.247168999861643,39.965927000177679],[-75.24746400031276,39.964507999937474],[-75.24746299958953,39.964452000198762],[-75.24744599987109,39.964390000065634],[-75.24739900001542,39.964341000298219],[-75.247307999778826,39.964305000235981],[-75.247208000219715,39.964289999688063],[-75.247108999587198,39.964293999926298],[-75.2470030001803,39.964315000140409],[-75.246863000438211,39.964327999876289],[-75.246424999871991,39.964276000229432],[-75.246681999789942,39.963044000151491],[-75.246752999935055,39.962705000128985],[-75.24719399997602,39.962749000314176],[-75.247613000275663,39.962807999970344],[-75.247687999720426,39.962816999668341],[-75.247715000382911,39.962662000343158],[-75.247752000192847,39.962451999719619],[-75.247775999583965,39.962303000099169],[-75.247762000238581,39.9622250000251],[-75.247726000253564,39.962167000300788],[-75.247701999964121,39.962056000133231],[-75.247706999987003,39.961977000028249],[-75.247741000322193,39.961903999710643],[-75.247773999934154,39.961836999888213],[-75.247807000444411,39.961764999861941],[-75.247823000337959,39.961689999811334],[-75.247840999881305,39.961613000169542],[-75.247866999820573,39.961492999920033],[-75.24787199984344,39.961430000100684],[-75.24787199984344,39.961341000311521],[-75.247891999934922,39.961181000213635],[-75.247922000072165,39.961084999699793],[-75.247974999775607,39.960996999913611],[-75.248057999616279,39.960885999912286],[-75.248198000256679,39.960724999670809],[-75.24828199992227,39.960620999676799],[-75.248334999625712,39.960515999754051],[-75.248383000204598,39.960424999920178],[-75.248459000372591,39.960333000191966],[-75.248546000411224,39.960269000218226],[-75.248688999628044,39.960199000156855],[-75.248836999766027,39.960129000023763],[-75.248972000383574,39.960070999898633],[-75.249122000171411,39.959990000009483],[-75.249213000407991,39.959921000130279],[-75.24931799998997,39.959839000283054],[-75.249442999663458,39.959752000052134],[-75.249552000341723,39.959682000150075],[-75.249651999900834,39.959638999840216],[-75.249825999978086,39.959573000336924],[-75.250080000421306,39.959481999936607],[-75.250291000308493,39.959397000202387],[-75.250453999616823,39.959317999779508],[-75.250605000127877,39.959238999953918],[-75.250752000440954,39.959154999708062],[-75.250850000350241,39.959098999716367],[-75.250882999962201,39.959024000184336],[-75.250891000358138,39.958941999950021],[-75.250881000312376,39.958807999943282],[-75.250874999566292,39.958727999731877],[-75.250838999581276,39.958638000070749],[-75.250793000448837,39.958528999970561],[-75.250734999824203,39.958425999880511],[-75.250666000227227,39.958328000025162],[-75.250559000097113,39.958232000325808],[-75.250462000012732,39.958118999667825],[-75.250359000080564,39.958014000034609],[-75.250241999904716,39.957871999736518],[-75.250176999607376,39.95779099999686],[-75.250036999865301,39.957653999674797],[-75.249778000297525,39.9574250002577],[-75.249685000411091,39.957352999717209],[-75.249626999786472,39.957309000191202],[-75.24957699955776,39.957257999844401],[-75.249532000250227,39.957212999749878],[-75.249498999739941,39.957188999962803],[-75.249419000272326,39.957223000002998],[-75.249157000331508,39.957292999667935],[-75.248907999911168,39.957317999924378],[-75.248733000008968,39.957328999979268],[-75.248671000084698,39.957328999979268],[-75.248462999672242,39.957321000064709],[-75.248066999837107,39.957280999789511],[-75.247885000262229,39.957288999708702],[-75.247407000411343,39.957233000254611],[-75.247476000008319,39.956926000194798],[-75.245905000188301,39.956742000151088],[-75.245805999555785,39.95673000017598],[-75.243925999939293,39.956484999706767],[-75.243832000227954,39.956472999686504],[-75.242343000423716,39.956280999765021],[-75.242283000149257,39.956600999793778],[-75.241888000139056,39.956551999953184],[-75.241539999984496,39.956508999740905],[-75.241623999650088,39.956072999872916],[-75.24000699979932,39.955874999798453],[-75.23997699966209,39.956005000009334],[-75.239879999577724,39.955983999997294],[-75.238343000092883,39.955801999852405],[-75.238000999786124,39.955749000078569],[-75.237907999899704,39.955735000248374],[-75.236060999895173,39.955527999916335],[-75.236113999598629,39.955282999961192],[-75.236215999705877,39.954770999933551],[-75.234945000359829,39.954613999871363],[-75.234793000023856,39.95533600009616],[-75.234187999951388,39.955258000337992],[-75.234054000057057,39.955256999802032],[-75.23395899962253,39.955256999802032],[-75.233664000069723,39.955225999705249],[-75.232950000217301,39.95513100032074],[-75.232767999744098,39.955106999803007],[-75.231996999990258,39.955018000047488],[-75.231894999882996,39.955005999769867],[-75.229956999641871,39.9547550001937],[-75.229845000387201,39.954741000160034],[-75.228154000018264,39.954529000283813],[-75.228047999713056,39.954503999696421],[-75.227952000351905,39.954482000053332],[-75.22651500042619,39.954303000315669],[-75.22643900025821,39.954643999700579],[-75.226002000415207,39.954590999717958],[-75.22540099964236,39.954515000203877],[-75.225465000114781,39.954183000321585],[-75.224956000301745,39.954120999829009],[-75.224737999843555,39.954106999665555],[-75.22475200008725,39.954037000182559],[-75.224111999854657,39.953956000032385],[-75.224013000120451,39.953942999701773],[-75.223276999628396,39.953853999808722],[-75.223233999970674,39.95364899972288],[-75.222634999745978,39.953573999722671],[-75.222597999936056,39.953737000013021],[-75.222136999803595,39.953684999886562],[-75.222055999612749,39.954102000344264],[-75.221058999903079,39.953978999710699],[-75.220080999561688,39.953848999780369],[-75.220153000430031,39.953532000265071],[-75.220047999949742,39.953496999893993],[-75.219574000296802,39.953439000341405],[-75.219293000089408,39.953398999861477],[-75.219211999898548,39.953365999861042],[-75.219127000408051,39.953331999969187],[-75.218207999617889,39.953237999896672],[-75.21813300017314,39.953613000228813],[-75.217601999720486,39.953546999729994],[-75.217656999972078,39.953242999969696],[-75.216709999592808,39.953126999695961],[-75.216733000057346,39.952999999853354],[-75.216327000176491,39.95295100018717],[-75.216343000070012,39.952875000227976],[-75.216235999939897,39.952863000262944],[-75.215700000362673,39.952805000172717],[-75.215711000233327,39.952751000258253],[-75.214771000425074,39.952633999952944],[-75.214747000135645,39.952745000265097],[-75.214341000254763,39.95269399995793],[-75.214241999622246,39.95268100007609],[-75.213787000235897,39.95261900028779],[-75.213812000350259,39.952523000149235],[-75.213331999951237,39.952462000105989],[-75.213194999683878,39.952999999853354],[-75.212170000385129,39.952873999657115],[-75.212158999616179,39.95295299994936],[-75.21208199962328,39.953304999881034],[-75.212556999999421,39.953370999924758],[-75.21246199956488,39.953815999997097],[-75.21239899981569,39.954155999880761],[-75.212382999922156,39.95424400020719],[-75.212439999823559,39.95425099993097],[-75.212373999701327,39.954564999984285],[-75.212474999983655,39.954578000196669],[-75.212408000036504,39.954894999684065],[-75.211766000154086,39.954813000007483],[-75.211676999567317,39.955240000328196],[-75.21159200007682,39.955649999988275],[-75.211519000281896,39.956000000138218],[-75.211973999668245,39.95605500007764],[-75.211962999797592,39.956134999973145],[-75.211905000071255,39.956414999903316],[-75.211551000068951,39.956369999942687],[-75.211457000357612,39.956313999736061],[-75.21135600007527,39.956759999765552],[-75.211341000006655,39.956845999847417],[-75.211207000112353,39.957505999742274],[-75.21148199957365,39.957540000313415],[-75.211341999831561,39.958313000231691],[-75.213017000306962,39.958518000108747],[-75.21401800021458,39.958642999748982],[-75.213673000433104,39.960030000077232],[-75.212043000163519,39.959789000227175],[-75.212009999653247,39.95985800023962],[-75.2117810002227,39.960339000207945],[-75.211565000312646,39.96082499975418],[-75.211541000023203,39.960877999725348],[-75.213402000271429,39.961153999781523],[-75.213059999964671,39.962576999742268],[-75.213014999758826,39.962658999748619],[-75.21317100029276,39.963890999878821],[-75.213228000194178,39.964330999709055],[-75.212765000411892,39.964366000043455],[-75.212162999814126,39.964411000250273],[-75.212171000210049,39.96448899989602],[-75.212202000172184,39.964750000076151],[-75.212279999989988,39.964750000076151],[-75.212830999635813,39.964712999831569],[-75.212885000062485,39.965161999957573],[-75.212448000219467,39.965189999886142],[-75.212258000248681,39.965217999803293],[-75.212296999708414,39.965542999870941],[-75.212566000220249,39.965524000117078],[-75.212721999855873,39.966631999982951],[-75.212547999778593,39.966644999966761],[-75.212592999984423,39.967008999886652],[-75.213162999896838,39.966959999930886],[-75.213189999661026,39.967165999719093],[-75.213581000371562,39.967133000165752],[-75.213649999968538,39.967696000064414],[-75.212689000243913,39.967766999688166],[-75.212721999855873,39.968041999813693],[-75.213034000025402,39.968015000025588],[-75.213051999568734,39.968148000230087],[-75.213054000116898,39.968174999965669],[-75.213059000139751,39.968231000097148],[-75.213097999599512,39.968529000025427],[-75.213142999805356,39.96888100033253],[-75.21316999956953,39.969086999839703],[-75.213815999649896,39.96903499968181],[-75.213940000396775,39.969022999798625],[-75.213932999825772,39.968973000262665],[-75.214108999552863,39.968958999697627],[-75.21410000023036,39.968891000256107],[-75.214686000036281,39.96884499990712],[-75.214700000279976,39.968948000136791],[-75.214776000447955,39.968938999868911],[-75.215121000229445,39.968899999841838],[-75.215106000160844,39.968815000111817],[-75.21542199963001,39.968779999989763],[-75.215434000223894,39.96884699989301],[-75.215726000301942,39.968823000058528],[-75.215762000286958,39.9690940001095],[-75.21636800018436,39.96903000007498],[-75.216995999823084,39.968969000298209],[-75.216965999685854,39.968738999883044],[-75.217107999976065,39.968718999989953],[-75.21754999984195,39.968673000213649],[-75.217812999607673,39.96864599998635],[-75.217903999844282,39.968638000018935],[-75.2181659997851,39.968614000111067],[-75.218161999587139,39.968576000239722],[-75.218801999819732,39.968499999745219],[-75.21892200036865,39.968485999771723],[-75.219099999745566,39.968465000150353],[-75.220261000385065,39.968345000223124],[-75.220299000019892,39.968634000034875],[-75.220647000174452,39.968600000160926],[-75.220612999839261,39.968337000220487],[-75.220841000343199,39.96831300020699],[-75.220837000145238,39.968289000185031],[-75.220986999933061,39.968275000168319],[-75.22097199986446,39.968182000328802],[-75.221124000200419,39.968168000290241],[-75.221146999766631,39.968305000200608],[-75.221520000035525,39.96826799981465],[-75.221854999771296,39.968235000104784],[-75.2218349996798,39.968114000114419],[-75.222012999955041,39.968096999705999],[-75.22200700010724,39.968057999887023],[-75.222401000292564,39.968027000085726],[-75.222468000239715,39.968415000206299],[-75.222823999891858,39.968379000223905],[-75.222698000393478,39.967768000041126],[-75.222617000202632,39.967343000181025],[-75.222509000247584,39.966927000278105],[-75.222500999851675,39.966878000263556],[-75.222858000227063,39.966848000293524],[-75.222865999724647,39.966917999744126],[-75.222870999747514,39.966947999683448],[-75.222900000059852,39.96710800005539],[-75.222917999603197,39.967190999808238],[-75.222947999740427,39.967242999991925],[-75.222989999573215,39.967282999947422],[-75.223068000289331,39.967318000147465],[-75.223384999583416,39.967287000010529],[-75.223798999860207,39.967245999696786],[-75.22388599989884,39.967704000142078],[-75.223938999602282,39.96797099978707],[-75.224645999782027,39.967895999659511],[-75.224696999835658,39.968189000002845],[-75.225140000424759,39.968144999876323],[-75.225939999592626,39.968059999895942],[-75.226640999924584,39.967992999909868],[-75.228148999995398,39.96784300030918],[-75.228824000388087,39.967772000075868],[-75.228821000015046,39.967710999865012],[-75.228788000403071,39.967514000110313],[-75.229081000306053,39.967481000036472],[-75.229370000011045,39.967447999946749],[-75.229348000269724,39.967322000208526],[-75.229523999996829,39.967305000291638],[-75.229533000217657,39.967358999729527],[-75.229714999792535,39.967341000151137],[-75.229773000417168,39.967677000220469],[-75.230057999924213,39.967648999933566],[-75.230016000091425,39.967424000309535],[-75.23045399975932,39.967379000020514],[-75.230458999782201,39.967410999785422],[-75.230856000340566,39.967370000234546],[-75.230893000150473,39.967559999978029],[-75.231289999810514,39.967522000209271],[-75.231832999958726,39.967460000106364],[-75.231972999700801,39.967458000079901],[-75.233609999643051,39.967343000181025],[-75.233904000269249,39.965846000340896],[-75.234854999948155,39.965961999695004],[-75.235841999612063,39.966085000118682],[-75.235598999937821,39.967238999926245],[-75.235521000120002,39.967605000147955],[-75.236290000224045,39.967702999788223],[-75.236862999611176,39.967772000075868],[-75.23717300013088,39.967811000058006],[-75.23750200001885,39.967854000047808],[-75.238020999877619,39.967913000117861],[-75.238190999756938,39.967937000271831],[-75.238488999682758,39.967974000148466],[-75.238789999981648,39.968010000344151],[-75.239478999719736,39.968096999705999],[-75.240463999733819,39.968217000068563],[-75.241452000120958,39.968339999877344],[-75.242123000315701,39.9684239998547],[-75.242755000152371,39.968499999745219],[-75.243427000172005,39.968582999873369],[-75.244416000384064,39.968705999712071],[-75.245473000368179,39.968836000314155],[-75.2465310001772,39.968967000315899],[-75.246855999867222,39.969008000285918],[-75.246916999966587,39.968728999937227],[-75.247234999983888,39.968770000049993],[-75.247178000082485,39.969049000231337],[-75.247517999841108,39.969092999775938],[-75.247578999940487,39.968803000190015],[-75.247676999849759,39.96881900008529],[-75.248564999779489,39.968934999902459],[-75.248507000053166,39.969214000098837],[-75.249495000440305,39.969333000235878],[-75.249579000105882,39.969349000007099],[-75.249990999834537,39.96940099992613],[-75.250481000279308,39.969460000037962],[-75.250800999946435,39.967937000271831],[-75.250827999710609,39.967794000262707],[-75.250918000122311,39.967427000006502],[-75.250985000069463,39.96711499983936]]]},"properties":{"ZCTA5":"19139"}},{"type":"Feature","geometry":{"type":"Polygon","coordinates":[[[-75.074560999563829,40.08912399969249],[-75.074524999578827,40.089102000116085],[-75.07448299974601,40.089069999657411],[-75.073152999950437,40.088065999704185],[-75.073352000142066,40.087985999717105],[-75.073486000036368,40.087929000253098],[-75.073615999732709,40.087907000290478],[-75.073881999871475,40.087728999706599],[-75.074069000367544,40.087584999773938],[-75.074163000078869,40.087482999809183],[-75.074179999797309,40.087463000337173],[-75.074265000186131,40.087370999941292],[-75.074429000217663,40.087087000235755],[-75.07448500029416,40.086847999959865],[-75.074487999768891,40.086788000279334],[-75.072783999879491,40.086864999664996],[-75.071690999910359,40.086976999678136],[-75.070919000331614,40.086874000194477],[-75.070339000373465,40.086673999984583],[-75.068770000203287,40.085344000309199],[-75.068234999552672,40.085035000163828],[-75.064608000389072,40.084860999678185],[-75.064003000316561,40.084965000156231],[-75.063195999679394,40.084870999797168],[-75.062287999658196,40.084478000202445],[-75.062383999917671,40.084411999696506],[-75.062454000237864,40.084372000316748],[-75.063919999577578,40.083365999734653],[-75.065472999854236,40.082299999895959],[-75.066754000144343,40.081403999744488],[-75.066881000365953,40.081315999664426],[-75.067017999734986,40.081220999700278],[-75.067088000055179,40.081172999979067],[-75.067924000106359,40.080600000221729],[-75.068275999560555,40.08034499997752],[-75.06846300005661,40.080163999998305],[-75.067596999868215,40.07880000031394],[-75.066201999775288,40.077928000142961],[-75.0662729999204,40.077544000038642],[-75.067201999858,40.075882999970275],[-75.067333000277571,40.075504000079349],[-75.067822999824017,40.07409700010998],[-75.068957999625937,40.072357999741264],[-75.068960999998993,40.07231199966435],[-75.068983999565205,40.072020999668119],[-75.068862000264787,40.071844999889109],[-75.068766999830231,40.071708000105623],[-75.065723999924415,40.070192999667277],[-75.06259900000282,40.071996999662574],[-75.058503000310836,40.07480399981921],[-75.058210000407882,40.074605000058916],[-75.057848000009628,40.074896000012721],[-75.057625000426881,40.075072000156069],[-75.055712000300105,40.076523999793224],[-75.055527000352185,40.076666000174036],[-75.055407999628159,40.07675600033955],[-75.055061000196858,40.076355000236816],[-75.054788000385386,40.076103000326796],[-75.054574000125143,40.075929999840561],[-75.054333999925618,40.075890999745688],[-75.054047999695371,40.075976000223299],[-75.053955999633843,40.076075999961972],[-75.053939999740322,40.076409000047143],[-75.053893999709572,40.076780000042859],[-75.053815999891754,40.077103999677099],[-75.053646000012449,40.077290000158079],[-75.053421999706472,40.07744399970624],[-75.053190999727775,40.077506000300787],[-75.052835000075632,40.077545000158054],[-75.052572000309908,40.077559999885715],[-75.05235600039984,40.077559999885715],[-75.052077999667191,40.077568000151558],[-75.051931000252395,40.077598999712116],[-75.051823000297361,40.077744999692065],[-75.051636999626211,40.077930999796919],[-75.051435999784772,40.078108999879746],[-75.051111999919655,40.078309999927519],[-75.050834000085317,40.07841799984147],[-75.050593999885805,40.078494999758313],[-75.050324000447389,40.078548999933638],[-75.050112999661863,40.078586999776832],[-75.049967999896893,40.078586999776832],[-75.0497079996059,40.07853999967827],[-75.049464000106752,40.07853999967827],[-75.049134000393877,40.07853999967827],[-75.048802999957772,40.078511000069298],[-75.048473000244883,40.078465000024238],[-75.04816600009822,40.078442000333709],[-75.047829999639234,40.078442000333709],[-75.047494000078558,40.078453000126885],[-75.047197999802563,40.078453000126885],[-75.046903000249785,40.078412999995628],[-75.046595000278202,40.078332000242114],[-75.046184000374467,40.078210000032641],[-75.045980999984891,40.078100000253585],[-75.045703000150539,40.077972000324507],[-75.045436000186825,40.07781599967749],[-75.04519900036037,40.077606999973334],[-75.044973000404568,40.077409999710966],[-75.044867999924264,40.077154999892763],[-75.044786999733418,40.076946999662859],[-75.044617999679005,40.076726999970816],[-75.044370999806802,40.076522000211732],[-75.044183000384152,40.076302999971695],[-75.044099999645155,40.07620299987898],[-75.043917000245372,40.0759829998455],[-75.043713999855768,40.075732000079682],[-75.043509999641273,40.075372000164442],[-75.04345500028802,40.075130000228675],[-75.043533999930716,40.074872000332839],[-75.043728999924397,40.074426000275167],[-75.043839000427567,40.074229999914721],[-75.04390899984945,40.074049999662009],[-75.043933000138892,40.073909000185751],[-75.043853999597843,40.073767999730158],[-75.043682000068713,40.073666999863065],[-75.043533999930716,40.073603999720326],[-75.043307000149994,40.073541000206781],[-75.043080000369272,40.073487000184535],[-75.042821999728105,40.073361000195227],[-75.042548000091728,40.07322800006817],[-75.042179999845686,40.073072000239449],[-75.041897999813386,40.072969999840922],[-75.04167199985757,40.072852999903326],[-75.041460000145463,40.072720000159116],[-75.041303999611543,40.072578999991556],[-75.041296000113931,40.072391000001481],[-75.041382000327673,40.072235000317832],[-75.041515000397041,40.072086000299556],[-75.04176499974399,40.07192199967654],[-75.042046999776304,40.071742000198036],[-75.042384000060181,40.071437000339486],[-75.042610000015998,40.071186000317162],[-75.042814000230493,40.071006000268433],[-75.04283699979672,40.070850000162245],[-75.043063999577441,40.070412000307265],[-75.043267999791951,40.069980999937087],[-75.043540999603422,40.069520000039532],[-75.043760999711452,40.069135999958938],[-75.043877999887314,40.068776999798153],[-75.043877999887314,40.068346000081654],[-75.04386199999378,40.067838000195337],[-75.04375300021384,40.067392000135726],[-75.043667000000127,40.06710200001622],[-75.04337699957189,40.066679999775168],[-75.043189000149226,40.066500000193329],[-75.042876000154791,40.066366999730825],[-75.042555999589325,40.066335000273426],[-75.042219000203758,40.066303999710541],[-75.04193799999635,40.066163000010619],[-75.04146500016833,40.066025000197214],[-75.041450000099729,40.066058999688991],[-75.041430999833139,40.06610400026409],[-75.040771000407389,40.067658000236015],[-75.040722999828503,40.067767999694766],[-75.04062900011715,40.067978999865616],[-75.04059999980484,40.068041999711717],[-75.040265000069084,40.068746999907788],[-75.039848000317562,40.069451999681732],[-75.03956100026241,40.069854000103689],[-75.039393999857808,40.070066000229161],[-75.039162999879125,40.070369000277985],[-75.038889000242747,40.070653000288772],[-75.038299000238865,40.071260999738769],[-75.037568999594583,40.072030000097698],[-75.037351999859595,40.072256999845393],[-75.036627000136519,40.073019000031216],[-75.035975000208367,40.073673999722544],[-75.035087000278637,40.074616999946961],[-75.03365200000276,40.076073999679977],[-75.032995999876647,40.076775000076701],[-75.032898999792266,40.076876000146079],[-75.03144000012523,40.078379999904016],[-75.030804999915517,40.079035999682418],[-75.030410999730222,40.079443999760159],[-75.0289520000632,40.080967999858188],[-75.027844999850373,40.082117000198075],[-75.027611000396959,40.082361000144175],[-75.026795000437261,40.083188999684928],[-75.026423999818192,40.083594000215605],[-75.025228999741799,40.084819999862432],[-75.024652999981626,40.085428999983151],[-75.023996000030593,40.086106999751998],[-75.023396999805897,40.086716000043054],[-75.023045000351701,40.087087000235755],[-75.022540999663235,40.087615000300467],[-75.022042999720867,40.088134999995503],[-75.022029000375483,40.088151000102904],[-75.022017999606504,40.088160999738541],[-75.021862999795815,40.08831500012753],[-75.02184600007736,40.088333000114531],[-75.021550999626257,40.088645000278646],[-75.021104999562425,40.089116000097228],[-75.02006600001998,40.090170999769789],[-75.017574999584909,40.092754000102289],[-75.015527999563815,40.094860000047802],[-75.015616000325664,40.094921999900485],[-75.016570000377641,40.095716999966641],[-75.018233000259144,40.097105000269828],[-75.017673000392506,40.097297999886415],[-75.017768999753642,40.097396000261945],[-75.018203000121915,40.097779999714241],[-75.018280000114828,40.097915000311389],[-75.018413000184196,40.097870000142116],[-75.018468000435789,40.097839000191392],[-75.018497999674707,40.097917999771873],[-75.018526000162112,40.097992000165547],[-75.018664000254375,40.098155999841168],[-75.018877999616308,40.098318000180186],[-75.018957000157329,40.098488999814194],[-75.019180999564995,40.098418000086632],[-75.019226999595745,40.098502999925934],[-75.01937499973377,40.098776999962396],[-75.019531000267676,40.098776999962396],[-75.020050999951366,40.099215000141641],[-75.021422999579741,40.100404999714968],[-75.021841999879413,40.100098000178889],[-75.022086000276886,40.100211999978079],[-75.022291000316287,40.100276000022681],[-75.022789000258655,40.100415000298781],[-75.02392700043363,40.100702000074193],[-75.025525999842742,40.101108999707904],[-75.025559000352999,40.10111699995484],[-75.025654999714149,40.101141999775763],[-75.026966999966405,40.101505999920604],[-75.027634999788106,40.101764999657128],[-75.027911999797524,40.101948999889643],[-75.028882999567912,40.102543000261434],[-75.029708999573344,40.10305900029649],[-75.029549999564679,40.103202000041108],[-75.028812000321125,40.104921999884112],[-75.02958600044802,40.105117999832196],[-75.029944999574894,40.104763999718223],[-75.029995999628511,40.104716000108297],[-75.030221999584342,40.104491000154042],[-75.03156700034684,40.105285000018952],[-75.032554000010762,40.104833000257649],[-75.032998000424783,40.105110000055689],[-75.033897000225139,40.105688999914904],[-75.034760000040507,40.106216000253013],[-75.035221000172939,40.106495999685698],[-75.035360000090122,40.106557000236194],[-75.035644999597153,40.106671999897451],[-75.036063999896811,40.106784000294802],[-75.0364859996712,40.106822999868456],[-75.037156000041037,40.106831999819747],[-75.037783999679732,40.106873000117147],[-75.038214999674963,40.10695099982707],[-75.038842000387078,40.10711200015227],[-75.039459999980053,40.107361999966031],[-75.039834999898773,40.107565999930301],[-75.040019999846706,40.10766599998572],[-75.041245000060314,40.108389999931646],[-75.045007999666353,40.110600000086315],[-75.047805000423182,40.112242000009147],[-75.048541999841845,40.112728999840847],[-75.049300000075235,40.112199000292364],[-75.049392000136734,40.112134999784857],[-75.049526000031037,40.112042000152982],[-75.050658000358212,40.111252000021032],[-75.052133999743674,40.110220999734345],[-75.05292499958901,40.109669000080913],[-75.052974999817721,40.109636000026939],[-75.054321000405153,40.108692000155784],[-75.055328000160557,40.107990000337175],[-75.057177999639819,40.106693999977793],[-75.057067000210054,40.106631999858088],[-75.057518000296767,40.106377000256586],[-75.057952999591606,40.106162999737442],[-75.058341999754049,40.105891999696802],[-75.059196000246885,40.105011000081291],[-75.059540000203484,40.104655999689378],[-75.060317999630016,40.10385900015568],[-75.061400999553399,40.102740999690973],[-75.062732000072216,40.101366999811987],[-75.062795999646312,40.101300000108019],[-75.063537000161247,40.100533000068097],[-75.063603000283493,40.10046600023],[-75.063744999675393,40.100320999975082],[-75.064203000333123,40.099846000198262],[-75.064456999878004,40.09958399995412],[-75.06493300007908,40.099091999759459],[-75.065651000129463,40.098353999668674],[-75.067174000268921,40.096771999708395],[-75.06770300017341,40.096224000251681],[-75.069455999568319,40.094411000049426],[-75.070708000444412,40.093114000200025],[-75.071008999844992,40.092801999904665],[-75.07117100022667,40.092635000002488],[-75.071269999960876,40.09253200014652],[-75.071280999831529,40.092519999979721],[-75.071368999695096,40.092430000035492],[-75.074560999563829,40.08912399969249]]]},"properties":{"ZCTA5":"19115"}},{"type":"Feature","geometry":{"type":"Polygon","coordinates":[[[-75.251647000043349,39.951846000052427],[-75.251646000218457,39.951746999821502],[-75.251626000126961,39.951624999673712],[-75.251609000408521,39.951500000290054],[-75.251609000408521,39.951466000159222],[-75.25160600003548,39.95138399981473],[-75.251580000096212,39.9512819998873],[-75.251534000065462,39.951217999706607],[-75.251483999836751,39.95119000025435],[-75.251417999714491,39.95114800002149],[-75.251339999896686,39.951065000075694],[-75.251256000231109,39.95096799991191],[-75.251156999598606,39.950780000026334],[-75.251122000336807,39.950700999978828],[-75.251129999834419,39.950596999890493],[-75.251127000359688,39.950438999970153],[-75.251164999994515,39.950288999734298],[-75.251209000375454,39.950148999768231],[-75.251269999576493,39.949991000190465],[-75.251368000384105,39.94985599993516],[-75.251467999943216,39.949654999979572],[-75.251512000324155,39.949455000054314],[-75.25149600043062,39.949250999803567],[-75.251442000003962,39.949139000082354],[-75.251375999881702,39.94906499989542],[-75.251251000208242,39.948972000096028],[-75.251124999811537,39.948866000251954],[-75.250991999742155,39.948737000187649],[-75.25066100020436,39.948437000186395],[-75.250720999580494,39.948376999890563],[-75.250555999724071,39.948251000130988],[-75.250472999883385,39.94817800031165],[-75.250415000157062,39.948091999660441],[-75.250364999928351,39.947978000200038],[-75.250338000164163,39.947845999971399],[-75.250308000026948,39.947718000007228],[-75.250271000217012,39.947574999720999],[-75.250235000231996,39.947409000010694],[-75.250230000209143,39.947386000189177],[-75.250216999790354,39.947316999989511],[-75.25020500009478,39.947243999862181],[-75.250198000422088,39.947228999703746],[-75.250155999690989,39.947112000283219],[-75.250118000056148,39.946970000076163],[-75.250037999690193,39.946812000042527],[-75.249969999918122,39.946707000267303],[-75.249921000412655,39.946625999700906],[-75.249814000282541,39.946533000029149],[-75.24971399982509,39.946450999969308],[-75.249617999565629,39.946410000246885],[-75.249558000189495,39.946390000020621],[-75.24949700009013,39.946356000104657],[-75.249430999967885,39.946311999702132],[-75.249249000393007,39.946152000253896],[-75.249083999638259,39.945986999828392],[-75.248902000063381,39.945828000294014],[-75.248712999917501,39.945667999713841],[-75.248568999977437,39.945550999689758],[-75.248507000053166,39.945510000116677],[-75.248470000243231,39.945484999676189],[-75.248420999839453,39.945453999971349],[-75.248327000128114,39.945342000231932],[-75.248240000089481,39.94522800032113],[-75.248221999647811,39.945100000279453],[-75.248175999617047,39.945009999902339],[-75.248100000347392,39.944923000091002],[-75.247907000003536,39.944777000159007],[-75.247767000261447,39.944636999931554],[-75.247646999712543,39.944511000170607],[-75.24763500001697,39.944523000223413],[-75.247507999795374,39.944405000301344],[-75.247465999962571,39.9443499999471],[-75.247420999756727,39.944290000198933],[-75.247397000365609,39.944208000205542],[-75.247377000274113,39.944138000234155],[-75.24730199993104,39.944010000219372],[-75.247208000219715,39.943904000262577],[-75.247190999602964,39.943866999758193],[-75.247106000112467,39.943680999674449],[-75.247075999975252,39.943615999940668],[-75.247050999860889,39.943558000274393],[-75.247048000386144,39.94352999975294],[-75.247040999815127,39.943478000131563],[-75.247028000294662,39.943414000225452],[-75.247020999723645,39.943379000186908],[-75.246978000065951,39.943291999678976],[-75.246963999822242,39.943264999760103],[-75.246871999760728,39.943131000030554],[-75.246822000430328,39.942970000003285],[-75.246742999889307,39.942856000272435],[-75.246660999873541,39.942764999668327],[-75.246566000337296,39.942701999814943],[-75.246469000252915,39.942667000100904],[-75.246347999879106,39.942645000094373],[-75.246189999695346,39.942612999759177],[-75.246050999778177,39.942606000221929],[-75.24588500009682,39.942596999930394],[-75.245740000331878,39.942604000157246],[-75.245561000231731,39.942609000318903],[-75.245408000070853,39.942609999662437],[-75.245225999597665,39.942615999855839],[-75.245012000235732,39.942596999930394],[-75.244659000058306,39.942588999670207],[-75.244409999637966,39.942550999798989],[-75.244068000229532,39.942501000190056],[-75.243843000098622,39.94247700006175],[-75.243530999929078,39.942442000232617],[-75.243423999798949,39.942405000315077],[-75.243541999799731,39.942306000195288],[-75.243364000422815,39.942354999910727],[-75.243340999958292,39.942326000238019],[-75.24320399969092,39.942275999775937],[-75.24311300035265,39.942232000193123],[-75.243026000314018,39.942211000084825],[-75.242952999620769,39.942253000294933],[-75.242598999618451,39.942247000069699],[-75.242283000149257,39.942231000155324],[-75.242028999706037,39.942230000117455],[-75.24182299984173,39.942234000268684],[-75.24158000016746,39.942251000219926],[-75.241446000273157,39.942273999701598],[-75.241400000242407,39.942272999664418],[-75.241179000309472,39.942264000017715],[-75.24095300035367,39.942244999994521],[-75.240789000322124,39.942222999852341],[-75.240581999734587,39.942196000200305],[-75.240518999985397,39.942187999893285],[-75.240366999649424,39.942170999926383],[-75.240251000196807,39.942140000097396],[-75.240149000089545,39.942086000028489],[-75.240073999746471,39.941994999777762],[-75.239985000058027,39.941890000185694],[-75.239845000315924,39.941726999902883],[-75.239734999812768,39.941592999916132],[-75.239631000055695,39.941420999856966],[-75.239560999735502,39.941297999837829],[-75.239493999788351,39.941160000174719],[-75.239461000176377,39.941026999821787],[-75.239431000039147,39.940889999669523],[-75.239398000427173,39.940744000085147],[-75.239410999947665,39.940608000116576],[-75.239527000298622,39.940432000080058],[-75.239636000078562,39.940301999887701],[-75.239795999912133,39.940164999661349],[-75.23983600009511,39.9401210000986],[-75.239878999752804,39.940072000160832],[-75.239903000042261,39.940035000339257],[-75.239939999852169,39.939976999703674],[-75.240016000020162,39.939840000204164],[-75.240143000241758,39.939707000040563],[-75.240240000326139,39.939567999847064],[-75.240342000433387,39.939461999896238],[-75.240424000449153,39.939373999838331],[-75.240543000274855,39.939283000113377],[-75.240626000115526,39.939191000185119],[-75.240697000260639,39.939075000189185],[-75.240738000268522,39.938966999992452],[-75.240760000009828,39.938868999806672],[-75.240763000382884,39.938794000131999],[-75.240710999606023,39.938726999710241],[-75.24059099995543,39.938634999723305],[-75.240409000380552,39.938456999936427],[-75.240257999869485,39.938336000289013],[-75.24021000018891,39.938283000068701],[-75.240144999891584,39.938237999888408],[-75.240041999959416,39.938199999667198],[-75.239925999608474,39.938165999813876],[-75.239857000011511,39.938157999724396],[-75.239834000445285,39.938143999737733],[-75.239760999752022,39.938108999758548],[-75.23966200001783,39.938068999957196],[-75.239584000200026,39.938043000142706],[-75.239569999956316,39.938038999746475],[-75.239427999666091,39.938155000121057],[-75.239335999604592,39.93815700031579],[-75.239183000342038,39.938149000225252],[-75.239005999891717,39.938140000036199],[-75.238871000172509,39.938156000218427],[-75.238735999554962,39.938180999893049],[-75.238497999903601,39.938204000053965],[-75.238326000374457,39.938223999918108],[-75.238172000388673,39.938229999807341],[-75.237963999976216,39.938226000110824],[-75.237768999982535,39.938249999663832],[-75.237620999844523,39.938274999992892],[-75.237446999767258,39.938322999744912],[-75.237143999818556,39.938381999810147],[-75.236877999679777,39.93843199967386],[-75.236681999861204,39.938446000290384],[-75.236497999738191,39.938461000308173],[-75.236344999577298,39.938456999936427],[-75.236143999735859,39.938429000082579],[-75.235943999719311,39.93841099977687],[-75.235778999862873,39.938393000155266],[-75.235487999609731,39.938358999709052],[-75.235292999616064,39.93832100024381],[-75.235161000269898,39.938271000299011],[-75.235070999858223,39.938204000053965],[-75.235002000261247,39.938127000143638],[-75.234981000344845,39.938023000225662],[-75.234967000101136,39.937750000119415],[-75.234919000420561,39.937550999935972],[-75.23486800036693,39.937456000111617],[-75.234799999696563,39.937337000290555],[-75.234779999605067,39.937186000144514],[-75.234787000176084,39.937040999658713],[-75.23474199997024,39.936884000230378],[-75.234772999932389,39.936753000067597],[-75.234844999902393,39.936679999689332],[-75.234915000222614,39.936592000186579],[-75.234921000070386,39.936451000309063],[-75.234920000245481,39.936333000242037],[-75.234978999796724,39.936222000162566],[-75.235263000377145,39.935959999807004],[-75.235458000370826,39.935822999842195],[-75.235623000227264,39.935732000216724],[-75.235666999709892,39.935708999913793],[-75.235889000366043,39.9356159998678],[-75.236013000214612,39.935517000257683],[-75.236099000428325,39.935458999925565],[-75.236169999675127,39.935407999818608],[-75.236320000361246,39.935326000201663],[-75.236393000156198,39.935173000158159],[-75.236469000324163,39.934850000014556],[-75.236523999677445,39.934682000130515],[-75.236552999989769,39.934540999761936],[-75.236583999951918,39.934421000230664],[-75.236603000218494,39.934344999661057],[-75.236650999899069,39.934205000130952],[-75.236661999769709,39.934087999792254],[-75.236646999701094,39.933896999881128],[-75.236559999662461,39.933961999892674],[-75.235916999955123,39.934440999822783],[-75.23524900013345,39.934996999919164],[-75.2348230001611,39.935534999946988],[-75.234499000295983,39.936130000251858],[-75.23430400030233,39.936496999719708],[-75.233796000314214,39.936045999866053],[-75.2341129996083,39.935822999842195],[-75.233618000038973,39.935395000095895],[-75.233424999695131,39.935239999926665],[-75.233212999983024,39.935057000239333],[-75.2330270002102,39.934890000319754],[-75.232723000436579,39.93463700033756],[-75.232128000409816,39.934135000258514],[-75.231957999632186,39.933985000093941],[-75.231533000383067,39.933634000104931],[-75.231263999871231,39.933406000342849],[-75.231002999755333,39.933597999721719],[-75.230118000198672,39.932838999862014],[-75.22995199961899,39.932766000130634],[-75.229828999595355,39.932711000064565],[-75.228907000228773,39.931931999693006],[-75.228964000130162,39.931892999914417],[-75.228684999572607,39.931656999702902],[-75.228585999838415,39.931573000026653],[-75.227943999955997,39.931033000138775],[-75.228127000254091,39.930904000204883],[-75.22820300042207,39.930830999787446],[-75.227589000128745,39.93031300009072],[-75.227213000385106,39.930395000202779],[-75.225472999612379,39.930803999773786],[-75.224799999767825,39.930962999777613],[-75.224270000038416,39.931086999974831],[-75.223301999742745,39.931314999884613],[-75.222695999845342,39.930807999904019],[-75.222780000409244,39.930749000197686],[-75.223002999992019,39.93055099984241],[-75.223225999574751,39.930350999869262],[-75.223435999637047,39.930142000137437],[-75.223634999828661,39.929926999839729],[-75.223817000301878,39.929705000076432],[-75.223955000394142,39.929464999690055],[-75.224038000234799,39.929209000325109],[-75.224070999846774,39.928946999989201],[-75.224034000036838,39.928685000028224],[-75.223972000112568,39.928425999783201],[-75.223895999944588,39.92816899973382],[-75.22380499970798,39.927915000149561],[-75.223692999554999,39.927664999936816],[-75.22366300031608,39.927625999793769],[-75.223517999652813,39.927442000161534],[-75.223306999765612,39.92723400007165],[-75.223247000389463,39.927178000124918],[-75.221954000403827,39.928075000219913],[-75.221457000286335,39.927647000244505],[-75.221056000428362,39.92731200009333],[-75.220367999616869,39.926722000231401],[-75.219939000169774,39.927361999777823],[-75.219763000442683,39.92756700010036],[-75.219520999695035,39.927968999689874],[-75.219433999656417,39.928081999865739],[-75.219309999807848,39.928011999931137],[-75.21767399969049,39.927337999851169],[-75.216768000217442,39.926955999713194],[-75.216738000080213,39.926942000190614],[-75.214918999664775,39.926214999988098],[-75.21480599968686,39.926165999738451],[-75.21340700029431,39.925580999672675],[-75.213307999661779,39.92553999984564],[-75.212428000128,39.925229999989426],[-75.211305000021639,39.928396000167616],[-75.211253000143103,39.928518999954669],[-75.208705999631533,39.931531000149903],[-75.207478999768114,39.933522000304613],[-75.20743299973735,39.933513000195873],[-75.206836999885681,39.934086000167419],[-75.206549999830486,39.934443000126066],[-75.206322000224873,39.934758999784144],[-75.206204000224076,39.934974000058041],[-75.206173000261941,39.935067000287617],[-75.206101000291937,39.935281000143377],[-75.206071999979613,39.935371000230404],[-75.206040000192573,39.935481000176118],[-75.205642999634222,39.936881999998441],[-75.205578000235207,39.937111000002844],[-75.205467999732022,39.938355000020124],[-75.205430999922115,39.938770000080993],[-75.205283999609009,39.940446000287395],[-75.205266000065663,39.940604999931871],[-75.205259000392971,39.94067500007408],[-75.205184999874803,39.941115999874263],[-75.205286000157159,39.941130999995536],[-75.205877999810866,39.94118500012933],[-75.206081000200442,39.941203999758159],[-75.206856000152257,39.941263000094374],[-75.207098999826499,39.94128100033857],[-75.207837999793298,39.941285999908146],[-75.207739000059107,39.941365999858981],[-75.207509999730249,39.941559999730082],[-75.207289999622219,39.941762000097754],[-75.207075000435367,39.941966999994101],[-75.206642999716919,39.942374999939133],[-75.206416999761103,39.942572999835754],[-75.20618800033057,39.942768999788221],[-75.205954999803751,39.942960999759578],[-75.205714999604226,39.943148999783332],[-75.205472999754903,39.943334999935935],[-75.205224000232874,39.943518000214645],[-75.205060000201357,39.943624000080725],[-75.205203000316487,39.943770999733694],[-75.205312999921333,39.944101999866795],[-75.20542800044737,39.944121000063035],[-75.205471000105078,39.94414300028366],[-75.205704999558492,39.944286000167956],[-75.20577800025174,39.944328999800199],[-75.205798000343236,39.94434199989189],[-75.205907999948067,39.944233999743766],[-75.205955999628671,39.944168999846575],[-75.206046999865251,39.944074000256698],[-75.206154999820299,39.944009000207558],[-75.206215999919664,39.944004000148212],[-75.206288999714602,39.944009000207558],[-75.206358000209889,39.944034999821397],[-75.206445000248522,39.944069000202106],[-75.206600999884117,39.944172999884444],[-75.206795999877798,39.944282000136752],[-75.206933999970062,39.944294000229725],[-75.207067999864364,39.944294000229725],[-75.207255000360433,39.944286000167956],[-75.207358000292572,39.944294000229725],[-75.207474999570152,39.944324999771453],[-75.207584000248403,39.944372000094091],[-75.207669999563805,39.944415999678164],[-75.207739000059107,39.94445899991743],[-75.207812999678936,39.944558999680581],[-75.207856000234969,39.944631999918109],[-75.207981999733349,39.944706000079435],[-75.208115999627637,39.944771000155114],[-75.208258999742768,39.944844000166484],[-75.20837599991863,39.944953000038439],[-75.208483999873678,39.945139000107716],[-75.208595000201754,39.945450000008428],[-75.208872000211201,39.945208999743606],[-75.208899999800281,39.945184999876474],[-75.209018999625968,39.945261000115451],[-75.210099999899526,39.946209999787214],[-75.209791999927944,39.946439000254678],[-75.210103000272582,39.94669699985397],[-75.210742999606865,39.947250000337831],[-75.21138899968723,39.94779600009997],[-75.211773999651712,39.948119999692125],[-75.212199999624062,39.94779400018701],[-75.212262000446643,39.947845000015604],[-75.212340000264447,39.947810000177832],[-75.212502999572749,39.947952000018638],[-75.212584999588515,39.947892999941146],[-75.212693000441874,39.94798299996895],[-75.212530000235233,39.948097000109648],[-75.212683000396126,39.948226000003537],[-75.212274999967136,39.948543000006609],[-75.212577999915823,39.948798000109562],[-75.212920000222582,39.94906499989542],[-75.213490000134996,39.949008999905466],[-75.213228000194178,39.950354999933701],[-75.213189999661026,39.950449999754149],[-75.213064999987537,39.951045999742085],[-75.213029000002521,39.951111999899723],[-75.21297899977381,39.951202999730924],[-75.212921000047501,39.951487000181267],[-75.212767999886623,39.951468999867664],[-75.212704000312513,39.951779999914386],[-75.212880000039604,39.951801999737938],[-75.212865999795909,39.951868999751696],[-75.212838000206816,39.952004000165864],[-75.21279100035116,39.952227999683771],[-75.213360000438641,39.952300000110846],[-75.213331999951237,39.952462000105989],[-75.213812000350259,39.952523000149235],[-75.213787000235897,39.95261900028779],[-75.214241999622246,39.95268100007609],[-75.214341000254763,39.95269399995793],[-75.214747000135645,39.952745000265097],[-75.214771000425074,39.952633999952944],[-75.215711000233327,39.952751000258253],[-75.215700000362673,39.952805000172717],[-75.216235999939897,39.952863000262944],[-75.216343000070012,39.952875000227976],[-75.216327000176491,39.95295100018717],[-75.216733000057346,39.952999999853354],[-75.216709999592808,39.953126999695961],[-75.217656999972078,39.953242999969696],[-75.217601999720486,39.953546999729994],[-75.21813300017314,39.953613000228813],[-75.218207999617889,39.953237999896672],[-75.219127000408051,39.953331999969187],[-75.219211999898548,39.953365999861042],[-75.219293000089408,39.953398999861477],[-75.219574000296802,39.953439000341405],[-75.220047999949742,39.953496999893993],[-75.220153000430031,39.953532000265071],[-75.220080999561688,39.953848999780369],[-75.221058999903079,39.953978999710699],[-75.222055999612749,39.954102000344264],[-75.222136999803595,39.953684999886562],[-75.222597999936056,39.953737000013021],[-75.222634999745978,39.953573999722671],[-75.223233999970674,39.95364899972288],[-75.223276999628396,39.953853999808722],[-75.224013000120451,39.953942999701773],[-75.224111999854657,39.953956000032385],[-75.22475200008725,39.954037000182559],[-75.224737999843555,39.954106999665555],[-75.224956000301745,39.954120999829009],[-75.225465000114781,39.954183000321585],[-75.22540099964236,39.954515000203877],[-75.226002000415207,39.954590999717958],[-75.22643900025821,39.954643999700579],[-75.22651500042619,39.954303000315669],[-75.227952000351905,39.954482000053332],[-75.228047999713056,39.954503999696421],[-75.228154000018264,39.954529000283813],[-75.229845000387201,39.954741000160034],[-75.229956999641871,39.9547550001937],[-75.231894999882996,39.955005999769867],[-75.231996999990258,39.955018000047488],[-75.232767999744098,39.955106999803007],[-75.232950000217301,39.95513100032074],[-75.233664000069723,39.955225999705249],[-75.23395899962253,39.955256999802032],[-75.234054000057057,39.955256999802032],[-75.234187999951388,39.955258000337992],[-75.234793000023856,39.95533600009616],[-75.234945000359829,39.954613999871363],[-75.236215999705877,39.954770999933551],[-75.236113999598629,39.955282999961192],[-75.236060999895173,39.955527999916335],[-75.237907999899704,39.955735000248374],[-75.238000999786124,39.955749000078569],[-75.238343000092883,39.955801999852405],[-75.239879999577724,39.955983999997294],[-75.23997699966209,39.956005000009334],[-75.24000699979932,39.955874999798453],[-75.241623999650088,39.956072999872916],[-75.241539999984496,39.956508999740905],[-75.241888000139056,39.956551999953184],[-75.242283000149257,39.956600999793778],[-75.242343000423716,39.956280999765021],[-75.243832000227954,39.956472999686504],[-75.243925999939293,39.956484999706767],[-75.245805999555785,39.95673000017598],[-75.245905000188301,39.956742000151088],[-75.247476000008319,39.956926000194798],[-75.247407000411343,39.957233000254611],[-75.247885000262229,39.957288999708702],[-75.248066999837107,39.957280999789511],[-75.248462999672242,39.957321000064709],[-75.248671000084698,39.957328999979268],[-75.248733000008968,39.957328999979268],[-75.248907999911168,39.957317999924378],[-75.249157000331508,39.957292999667935],[-75.249419000272326,39.957223000002998],[-75.249498999739941,39.957188999962803],[-75.249439000363807,39.957147999790593],[-75.24940000000575,39.957120000011578],[-75.249313999792008,39.957066999882031],[-75.249193000316524,39.957012000067905],[-75.249064000445074,39.956958000032131],[-75.249005999820454,39.95690700011216],[-75.24894600044432,39.956746000142317],[-75.24892600035281,39.956627999957988],[-75.248955999591743,39.956515999921415],[-75.248986999553878,39.956426999933747],[-75.249045000178512,39.956372000293506],[-75.249112999950569,39.956325999784212],[-75.249234000324392,39.95621600029704],[-75.249273999609045,39.956122999891512],[-75.249261999913486,39.956042999981932],[-75.249216999707642,39.955933999877125],[-75.249174000049933,39.955849999703091],[-75.24913399986697,39.955756000336869],[-75.249122000171411,39.955655999726545],[-75.249143000087798,39.955570000213989],[-75.24916300017928,39.955514000040949],[-75.249199000164296,39.955465000110088],[-75.249234000324392,39.955429000194734],[-75.249280000355142,39.955415000299027],[-75.249357000348041,39.955404999781578],[-75.249421999747057,39.955381000048561],[-75.24949399971706,39.955351999700085],[-75.249555999641359,39.95529000026719],[-75.249595999824336,39.95523899979198],[-75.249613000441087,39.95517999980229],[-75.249693999733623,39.954975000247927],[-75.249749999810106,39.954826000172716],[-75.249765999703655,39.954761000010535],[-75.249759999855868,39.954705999719039],[-75.249745999612145,39.954640000274971],[-75.249767000426857,39.954569999960306],[-75.249799000213912,39.954496000140018],[-75.249836999848753,39.954430999664147],[-75.249887000077464,39.954378000205089],[-75.249953000199724,39.954330000009904],[-75.250003000428421,39.954231999793713],[-75.250046999911035,39.954150999874422],[-75.250135999599493,39.954065999711453],[-75.250352000407872,39.953861000261043],[-75.25048700012708,39.953737000013021],[-75.250647999785556,39.953614000100252],[-75.25078900025089,39.953496999893993],[-75.250816000015064,39.953474999926989],[-75.250920999597042,39.953391000175827],[-75.251046999993733,39.953294999743633],[-75.251099999697203,39.953227999749508],[-75.251149000101009,39.953160999689722],[-75.251181999712955,39.953089000169001],[-75.251206000002384,39.953031000270428],[-75.25117900023821,39.952942999760538],[-75.251151999575725,39.952848999842033],[-75.251151999575725,39.952749999685579],[-75.251185999910916,39.95266399996202],[-75.251281000345472,39.952541000185519],[-75.251410000216907,39.952376999909816],[-75.251510999600924,39.952239999760224],[-75.251576999723156,39.95212700021947],[-75.251611999883266,39.95204499997876],[-75.251642999845402,39.951953999890527],[-75.251647000043349,39.951846000052427]]]},"properties":{"ZCTA5":"19143"}},{"type":"Feature","geometry":{"type":"Polygon","coordinates":[[[-75.280265999980372,39.974963999951242],[-75.280229999995356,39.974887999675296],[-75.280192000360529,39.974835000239011],[-75.280130000436245,39.974734999995704],[-75.2800850002304,39.974624000270225],[-75.280044000222503,39.974540000339573],[-75.280026999605781,39.974502000320598],[-75.279954999635748,39.97442399970825],[-75.279804999847912,39.974319999900665],[-75.279599999808497,39.974185000172533],[-75.279465000089274,39.974121999657406],[-75.27935899978408,39.974071999720834],[-75.279241999608217,39.974031000034657],[-75.279169999638185,39.97398599996464],[-75.279122999782516,39.97391300007866],[-75.279109000437131,39.973812000287069],[-75.279080999949727,39.973690999842624],[-75.279045999789631,39.973618000329978],[-75.278998000109056,39.973525999767539],[-75.278971000344882,39.973446000255265],[-75.278952000078306,39.973359000128688],[-75.27891600009329,39.973314999887954],[-75.278859000191886,39.973246999960942],[-75.278829999879576,39.973162000129058],[-75.278809999788081,39.973050999914143],[-75.27879499971948,39.972950000225538],[-75.278783999848827,39.972841000223731],[-75.278779999650865,39.972745000248715],[-75.278777000176106,39.972691999838979],[-75.278758999734464,39.972634000044962],[-75.278723999574368,39.972530000267284],[-75.278702999657966,39.972442000066998],[-75.278696999810165,39.9724139996666],[-75.278656999627188,39.972331999657385],[-75.278608999946627,39.972262999841988],[-75.278536999976623,39.972185000116497],[-75.278449000113071,39.972106000012531],[-75.27835200002869,39.972012999877741],[-75.278296999777098,39.971927999888102],[-75.278018000117839,39.971751000283192],[-75.277967000064208,39.971713999697215],[-75.277885999873362,39.97169299969066],[-75.277765000397849,39.971678000075386],[-75.277675999811066,39.971658999961392],[-75.277640999650984,39.971643000042427],[-75.277591000320584,39.971615000003148],[-75.277552999787432,39.971583000140861],[-75.277529000396299,39.971555000077004],[-75.277512999604468,39.971518000073374],[-75.277505000106856,39.97148699977582],[-75.27750299955872,39.971452000333443],[-75.277509000304818,39.971424000215926],[-75.277522999650202,39.97140100020917],[-75.277551000137606,39.971385999841381],[-75.277596000343451,39.971376999894503],[-75.277645999673837,39.971362000209879],[-75.27768800040495,39.971344999920845],[-75.277712999620988,39.971321000274948],[-75.277704000298499,39.971284000144649],[-75.277686999681734,39.971246999994321],[-75.277655999719599,39.971209000209818],[-75.277611000412065,39.971175000239789],[-75.277576000251969,39.971150000230757],[-75.277540000266953,39.971127000131808],[-75.277490999863147,39.971109999784261],[-75.277421000441279,39.971096999961112],[-75.277337999702269,39.971082999831104],[-75.277265999732251,39.971082000215098],[-75.277197999960194,39.971082000215098],[-75.277136000035895,39.971089000280543],[-75.27707300028672,39.971105000329203],[-75.276895999836412,39.971175000239789],[-75.2768249996913,39.971214999959798],[-75.276760000292285,39.971243999776576],[-75.276689000147172,39.971252999740962],[-75.276582999841949,39.971261999704168],[-75.276524000290721,39.971223999928007],[-75.276484999932663,39.971177999772117],[-75.276470999688954,39.97113499980793],[-75.276527999590371,39.971095000041053],[-75.27658700003991,39.971055999867218],[-75.276636000443716,39.971016000054178],[-75.276662000382984,39.970983000294055],[-75.276674000078543,39.97094499967433],[-75.276667000405851,39.970906999721883],[-75.276655999636873,39.97086199966035],[-75.276639999743367,39.970828000206168],[-75.276611000329353,39.970775999995787],[-75.27655299970472,39.970672000144802],[-75.2765080003972,39.970590000110981],[-75.276467000389303,39.970520000289802],[-75.276438000076993,39.970467999845098],[-75.27641100031282,39.970416000049312],[-75.276370000304951,39.970388000195811],[-75.276301999634555,39.970351000248925],[-75.276277000418517,39.970342000165765],[-75.276244999733152,39.970329999823562],[-75.276186000181909,39.970323999995898],[-75.276005000431965,39.970312000338993],[-75.275818999760801,39.970309999707567],[-75.275704999957995,39.970292999845277],[-75.275652000254539,39.97025900010803],[-75.275606000223789,39.970211000045254],[-75.275566999865717,39.9701250002501],[-75.275494000070793,39.969929000200501],[-75.275456000435952,39.969777999705236],[-75.275393999613357,39.969574999817766],[-75.275361999826302,39.969502999678937],[-75.275321999643339,39.969416000041072],[-75.275265999566841,39.96936400013346],[-75.275196999969879,39.969324999660394],[-75.275083999991978,39.969297000048513],[-75.27502700009056,39.969289000157282],[-75.274888999998282,39.969287000184337],[-75.274807999807436,39.969293000103022],[-75.274488000140309,39.969310000213959],[-75.274325999758602,39.969316000130618],[-75.274150000031497,39.969316999772438],[-75.274011999939219,39.969314999800311],[-75.273912000380122,39.969310000213959],[-75.273810000272874,39.969297000048513],[-75.273681000401439,39.969287000184337],[-75.273569000248457,39.969277999961086],[-75.273492000255558,39.969275999987815],[-75.273415000262659,39.969281000265127],[-75.273279999645126,39.969293999745183],[-75.273185000108896,39.969304999938814],[-75.273053999689324,39.969304999938814],[-75.272956999604929,39.969293000103022],[-75.272815000213043,39.969243999718977],[-75.27272599962626,39.969216999717212],[-75.272625000242257,39.969177999848746],[-75.272504999693339,39.969131000048371],[-75.272344000034835,39.9690940001095],[-75.272195999896837,39.969047000251365],[-75.272086000291978,39.96901099991333],[-75.272024000367708,39.968985000154632],[-75.27198500000965,39.968944000170872],[-75.27192200026046,39.96885899980709],[-75.271862999810907,39.968805000177127],[-75.271801999711542,39.968756000131798],[-75.271697999954469,39.968728999937227],[-75.271589999999435,39.96871500001064],[-75.271491000265243,39.968709000041216],[-75.271406999701341,39.968703999722067],[-75.271327000233697,39.968691000129809],[-75.27124100001997,39.968663000258232],[-75.271168000225046,39.968632999694584],[-75.271108999775493,39.96861899974833],[-75.271042999653275,39.968608999784962],[-75.270985999751858,39.968602999806244],[-75.270912999956934,39.96861899974833],[-75.270837999613846,39.968643999994583],[-75.270773000214831,39.968663000258232],[-75.270717999963253,39.968671000222677],[-75.270651000016102,39.96867500020457],[-75.27059800031266,39.96865999992707],[-75.270569999825241,39.968638000018935],[-75.270522000144666,39.968602000153979],[-75.270501000228265,39.968584999866913],[-75.270446999801607,39.968527999683609],[-75.270421999687244,39.968479000128148],[-75.270413000364726,39.968427999851052],[-75.270401999595748,39.968357000225332],[-75.270388000250364,39.96832199986882],[-75.27029700001377,39.968184000334084],[-75.270192000431791,39.967976999821261],[-75.270139999654944,39.967872000179568],[-75.270072999707793,39.967729000034467],[-75.270054000339528,39.967652999975272],[-75.27003000005007,39.967551999883526],[-75.27000199956268,39.96747900001062],[-75.269960999554783,39.967424999979073],[-75.269918999721995,39.967379999690664],[-75.269856999797724,39.967343999851707],[-75.269800999721213,39.967326000269352],[-75.269741000345064,39.967314999757264],[-75.269670000199966,39.967316999787919],[-75.269614000123482,39.967331000000819],[-75.269548000001222,39.96735499967064],[-75.269497999772511,39.967374999962786],[-75.269445000069055,39.967387999805304],[-75.269357000205517,39.967402000003666],[-75.269271999816709,39.967391000192301],[-75.269205999694464,39.967381000049294],[-75.269157000188969,39.967374000292565],[-75.269125000401928,39.967360999758895],[-75.269080000196084,39.967330000329952],[-75.269044000211068,39.967284999979007],[-75.269015999723678,39.96723499986031],[-75.268916000164552,39.967040999824754],[-75.268845999844359,39.966946000330495],[-75.268773000049421,39.966859999870017],[-75.268701000079403,39.966795999809385],[-75.268568000010006,39.966690999730723],[-75.268512999758414,39.966651000117331],[-75.268460999879878,39.966618000315393],[-75.268393000107821,39.966588999912979],[-75.268128999618867,39.966491000052741],[-75.267909000409148,39.966399999909193],[-75.267818000172554,39.966358999751975],[-75.267778999814496,39.966340999910273],[-75.267670000034556,39.966297999657264],[-75.267598000064538,39.966272999929998],[-75.267537999790079,39.966272000243663],[-75.267475000040875,39.966259999875454],[-75.267386000352431,39.966215000197174],[-75.267244999887126,39.966116999800796],[-75.267213999924991,39.966092000007393],[-75.267137999756997,39.966061999692435],[-75.26710000012217,39.966049999975873],[-75.267023999954176,39.96602500015797],[-75.26690900032645,39.966007999918546],[-75.266794999625318,39.966009000297248],[-75.266706999761766,39.966021000021009],[-75.26654500027837,39.966021000021009],[-75.266394999592251,39.966018000262387],[-75.266312999576471,39.966003999780597],[-75.266192999925877,39.965967999905537],[-75.266062000404631,39.965929999940286],[-75.266048000160922,39.965925999797776],[-75.265920999939311,39.965860000166543],[-75.265858000190121,39.965791000014512],[-75.265806000311585,39.965716000249188],[-75.265744000387301,39.965626000146841],[-75.265655999625437,39.965526000200114],[-75.265597999899128,39.965447999671987],[-75.265566000112074,39.965403999846778],[-75.265527999578921,39.965350000241607],[-75.265448000111292,39.965256999865439],[-75.265387999836847,39.965224000079118],[-75.265252000292719,39.965207000328967],[-75.265058000123958,39.965191999978956],[-75.264918000381869,39.965189000183969],[-75.264757999649987,39.965184000295849],[-75.264643999847152,39.965178999718852],[-75.264552999610572,39.965180999811992],[-75.264495999709155,39.965194999773828],[-75.26437299968552,39.965242000214907],[-75.264242000164259,39.965311999932908],[-75.264130999836183,39.965373000218882],[-75.264056000391435,39.96542100023639],[-75.264016000208457,39.965456999710987],[-75.263990000269189,39.96549099977112],[-75.263928000344904,39.965528999980322],[-75.263854999651656,39.965556000061831],[-75.263770000161159,39.965596000315898],[-75.263695999642991,39.965613999665244],[-75.263613999627225,39.965621000290675],[-75.263529999961648,39.965605000335415],[-75.263467000212458,39.965576999888313],[-75.263382999648556,39.96554499995343],[-75.263307000378887,39.96550499966947],[-75.26325100030239,39.965474000087426],[-75.263195000225892,39.965456999710987],[-75.263144000172261,39.965458999795992],[-75.263092000293724,39.965485999905091],[-75.263027999821318,39.965531000063223],[-75.262960999874167,39.965578999969807],[-75.262919000041379,39.965608999808204],[-75.262836000200693,39.96563900032195],[-75.262765999880514,39.965646999951815],[-75.262678999841853,39.965637999937833],[-75.262617999742488,39.965626000146841],[-75.26255900019126,39.965617000130095],[-75.262512000335605,39.96561099988876],[-75.262457000084012,39.965633000082548],[-75.262421999923916,39.965676000065322],[-75.262381999740938,39.965739000103383],[-75.262341999557975,39.965784000094985],[-75.26227700015896,39.965849999799588],[-75.262264999565062,39.96585800009327],[-75.262241999998849,39.965880000207569],[-75.262169000203926,39.965934000082569],[-75.262153000310391,39.965949999960841],[-75.262138000241777,39.965965000144536],[-75.262115999602159,39.9660059998496],[-75.262103999906586,39.966054000111122],[-75.262093000035932,39.966087000185318],[-75.262012999669992,39.966134999701467],[-75.261893000019398,39.966171000177098],[-75.261811000003632,39.966189999751101],[-75.261735999660559,39.966182000184773],[-75.261661000215796,39.966158999791162],[-75.261547000413003,39.96611600011218],[-75.261478999742607,39.966076000162353],[-75.261445000305741,39.966030999674459],[-75.261385999856188,39.966001000021237],[-75.26128399974894,39.965996999882869],[-75.261215000151978,39.966025999847908],[-75.261160999725305,39.966080999985238],[-75.261114999694527,39.966136000078315],[-75.261026000006083,39.966198000005001],[-75.260932000294758,39.966242000007696],[-75.260827999639361,39.96627000018244],[-75.260750999646461,39.966279999799461],[-75.260661999958003,39.966268999807554],[-75.260584000140213,39.966272999929998],[-75.260491000253793,39.966312999764611],[-75.260308999780605,39.966257000127328],[-75.260065000281443,39.966195999941611],[-75.259908999747509,39.966114999735041],[-75.259779000051168,39.966080999985238],[-75.259649000354827,39.96604100001494],[-75.259551000445541,39.966009999987428],[-75.259450000163199,39.965947000199108],[-75.259428000421892,39.965891999953975],[-75.259426999698661,39.965813000150376],[-75.259423000399025,39.965761000255981],[-75.259399999934487,39.965716000249188],[-75.259332999987336,39.965698000238199],[-75.259214000161663,39.965696999854941],[-75.259077999719196,39.965692000003976],[-75.258973999962137,39.965676000065322],[-75.25889000029656,39.965648000335804],[-75.258839000242915,39.965613999665244],[-75.258797000410127,39.965571000331977],[-75.258767000272897,39.965515999784301],[-75.258737999960587,39.965446999973587],[-75.258708999648263,39.965378000093231],[-75.258700000325746,39.96532399977901],[-75.258711000196399,39.965240000123551],[-75.258715000394361,39.965059000219966],[-75.258712999846225,39.964964999742492],[-75.258706000173547,39.964903000074592],[-75.258684000432226,39.964846000263655],[-75.258636999678245,39.964766000231513],[-75.25858999982259,39.96470799990864],[-75.258547000164867,39.964617999856308],[-75.258510000354946,39.964534999733679],[-75.258470000171968,39.964483999956705],[-75.258407000422778,39.964452000198762],[-75.258338999752425,39.96444899968278],[-75.258270999980354,39.964452000198762],[-75.258188999964588,39.964450000084291],[-75.258120000367612,39.964445999855187],[-75.258058000443341,39.964428000198289],[-75.258007000389711,39.964399000243915],[-75.257976000427576,39.96437700034155],[-75.25794399974221,39.964300999998386],[-75.25794399974221,39.964235999891521],[-75.257962000183852,39.964160999797357],[-75.257990999597851,39.964094999839219],[-75.258014000062403,39.963993000279373],[-75.258012000412563,39.963853999857882],[-75.258014000062403,39.963739000093099],[-75.257993999970907,39.963677000001923],[-75.257932999871556,39.963624000134828],[-75.257858000426793,39.963594000113872],[-75.257788000106586,39.963601999983084],[-75.257705000265915,39.963631000275512],[-75.257629000097936,39.963664000142217],[-75.257542999884208,39.963704999850144],[-75.257486999807711,39.963744000086898],[-75.257418000210748,39.963766000192948],[-75.257318999578231,39.963766999915926],[-75.257249999981255,39.963752999661686],[-75.257128999607417,39.963726000245174],[-75.257110000239166,39.96371900011421],[-75.25698100036773,39.963687999722353],[-75.25690000017687,39.963672000003221],[-75.256815999612968,39.963677000001923],[-75.2567460001911,39.963687999722353],[-75.256685999916627,39.96371900011421],[-75.256586000357515,39.963801999850517],[-75.25638299996794,39.963974000094801],[-75.256280999860678,39.964079000215349],[-75.256192999997126,39.964155000116769],[-75.25608300039228,39.96424200025352],[-75.255966000216418,39.96431200030694],[-75.255891999698264,39.964371999705527],[-75.255852000413597,39.964436999683095],[-75.255812000230634,39.964471000250498],[-75.255685999833929,39.964546000004589],[-75.255542999718799,39.964595000313551],[-75.255408999824496,39.964629999824226],[-75.255267000432596,39.964655000152305],[-75.255111999723582,39.964691000030243],[-75.254936999821382,39.964762999729324],[-75.254737999629768,39.964849999780895],[-75.254632000222855,39.964924999807693],[-75.254542999636087,39.964992000046692],[-75.254455999597454,39.965045999934574],[-75.254381000152705,39.965127000030741],[-75.254336999771766,39.965210999825047],[-75.254301999611684,39.965272999902147],[-75.254222999968945,39.965337000011544],[-75.254140000128274,39.965403999846778],[-75.254046000416949,39.965401999760161],[-75.253935999913779,39.965389999927744],[-75.253711999607802,39.96532899965689],[-75.253581999911447,39.965300000084703],[-75.253407000009261,39.965261000047086],[-75.253314000122842,39.965226000170887],[-75.253222000061328,39.965184000295849],[-75.253077000296386,39.965214000307583],[-75.252971999816083,39.965235000239161],[-75.252842999944647,39.9652440003062],[-75.252636000255421,39.965251000281022],[-75.252334000131626,39.965279999873999],[-75.252093999932114,39.965304999964339],[-75.25192300022789,39.965318000200483],[-75.251811000074895,39.965330000045533],[-75.251707000317836,39.965346000065161],[-75.251602999662424,39.965355999817334],[-75.25149600043062,39.965337000011544],[-75.251426999935333,39.965302000174297],[-75.251368000384105,39.965249000189928],[-75.25135300031549,39.965219000193507],[-75.251340999721606,39.965191999978956],[-75.251335999698739,39.965138000206395],[-75.251342000444851,39.965071999814384],[-75.251282999995297,39.965003000244067],[-75.251200999979531,39.964912000185329],[-75.251102000245325,39.964858000191612],[-75.251047999818653,39.964832999937762],[-75.25091300009943,39.964837000144229],[-75.25075699956551,39.964879000232486],[-75.250605999952768,39.964947999927951],[-75.250446999944117,39.96501799994703],[-75.250313000049815,39.965069000014118],[-75.250220999988315,39.96507600000686],[-75.250133000124762,39.96506699991771],[-75.250053999583727,39.965041999740343],[-75.249990000009632,39.965001000145712],[-75.249912000191827,39.964947000222239],[-75.249847999719407,39.964907999983254],[-75.249728000068814,39.964849999780895],[-75.249465000303076,39.964721000258308],[-75.248967000360707,39.964493999834964],[-75.248615000008186,39.96435199991182],[-75.248055999966468,39.96407400024605],[-75.247902999805575,39.963979000071404],[-75.247778000132115,39.963875999928597],[-75.247685000245696,39.963776999899046],[-75.247563999871858,39.963637999726956],[-75.247479000381361,39.963528000296911],[-75.247434000175517,39.963417000273331],[-75.247404999863207,39.963326999898555],[-75.24739900001542,39.963249000304195],[-75.247418000282011,39.963191000071447],[-75.247489000427109,39.963119000093961],[-75.247604000054835,39.962992000216552],[-75.247641999689662,39.96294999965766],[-75.247687999720426,39.962816999668341],[-75.247613000275663,39.962807999970344],[-75.24719399997602,39.962749000314176],[-75.246752999935055,39.962705000128985],[-75.246681999789942,39.963044000151491],[-75.246424999871991,39.964276000229432],[-75.246863000438211,39.964327999876289],[-75.2470030001803,39.964315000140409],[-75.247108999587198,39.964293999926298],[-75.247208000219715,39.964289999688063],[-75.247307999778826,39.964305000235981],[-75.24739900001542,39.964341000298219],[-75.24744599987109,39.964390000065634],[-75.24746299958953,39.964452000198762],[-75.24746400031276,39.964507999937474],[-75.247168999861643,39.965927000177679],[-75.248157000248796,39.966050999665455],[-75.248752000275559,39.966125999751725],[-75.249291000225796,39.966191999814662],[-75.250133000124762,39.966299000031675],[-75.250217999615245,39.96629200016416],[-75.250396999715406,39.96630700027282],[-75.250600999929915,39.966325999809072],[-75.250934999840752,39.966366000301072],[-75.251118999963765,39.966397999851708],[-75.250985000069463,39.96711499983936],[-75.250918000122311,39.967427000006502],[-75.250827999710609,39.967794000262707],[-75.250800999946435,39.967937000271831],[-75.250481000279308,39.969460000037962],[-75.249990999834537,39.96940099992613],[-75.249579000105882,39.969349000007099],[-75.249495000440305,39.969333000235878],[-75.248507000053166,39.969214000098837],[-75.248564999779489,39.968934999902459],[-75.247676999849759,39.96881900008529],[-75.247578999940487,39.968803000190015],[-75.247517999841108,39.969092999775938],[-75.247178000082485,39.969049000231337],[-75.247234999983888,39.968770000049993],[-75.246916999966587,39.968728999937227],[-75.246855999867222,39.969008000285918],[-75.2465310001772,39.968967000315899],[-75.245473000368179,39.968836000314155],[-75.244416000384064,39.968705999712071],[-75.243427000172005,39.968582999873369],[-75.242755000152371,39.968499999745219],[-75.242123000315701,39.9684239998547],[-75.241452000120958,39.968339999877344],[-75.240463999733819,39.968217000068563],[-75.239478999719736,39.968096999705999],[-75.238789999981648,39.968010000344151],[-75.238488999682758,39.967974000148466],[-75.238190999756938,39.967937000271831],[-75.238020999877619,39.967913000117861],[-75.23750200001885,39.967854000047808],[-75.23717300013088,39.967811000058006],[-75.237153000039385,39.967905000064668],[-75.237018000320177,39.968533999668907],[-75.23734100036036,39.968620000088819],[-75.237282999735726,39.968899000193908],[-75.237240000078032,39.968977000226886],[-75.237144999643462,39.969071000007162],[-75.237004000076467,39.969105000335311],[-75.237040000061484,39.969283000238256],[-75.23704599990927,39.969310000213959],[-75.237116000229463,39.969616000111529],[-75.236890000273661,39.969639999667599],[-75.236932000106449,39.969854999789739],[-75.23739099969076,39.969797999976947],[-75.237405999759389,39.969876999994668],[-75.23745500016318,39.970140999835891],[-75.237741000393441,39.971678000075386],[-75.237394999888721,39.9717160002876],[-75.23740999995735,39.971812000331056],[-75.237578000186829,39.972723000278449],[-75.237931000364256,39.972683999656709],[-75.237983000242792,39.972957000099676],[-75.23803599994622,39.973246999960942],[-75.23792700016628,39.973256999934179],[-75.237675000271224,39.973286000261425],[-75.237859000394238,39.974270999678325],[-75.237922999968319,39.974591000186869],[-75.237939999686759,39.974676999870191],[-75.237825000059033,39.974690999952458],[-75.237871000089783,39.974902999962936],[-75.238004999984085,39.974888999924055],[-75.238016999679658,39.974954000227775],[-75.238029000273542,39.975020000028046],[-75.238246999833436,39.974995000048608],[-75.238358999986431,39.975585000153387],[-75.237946000432856,39.975631000096925],[-75.237977000395006,39.975836999912957],[-75.238507999949348,39.975776000015401],[-75.238569999873619,39.976101000139487],[-75.238688999699306,39.976727000068408],[-75.238791999631459,39.977280000038725],[-75.238844000408307,39.977557000171565],[-75.238891000263976,39.977818000019809],[-75.239005999891717,39.97842300004919],[-75.239050000272641,39.978653000231013],[-75.239123999892485,39.979068999670972],[-75.23918900018981,39.979414999672031],[-75.239257999786787,39.979754000120536],[-75.239302000167712,39.980014999837735],[-75.239379000160611,39.980424000137589],[-75.239467000024149,39.980914000028434],[-75.23947299987195,39.981114000182167],[-75.239416999795438,39.981282999766236],[-75.239334999779672,39.981447000233764],[-75.239041999876719,39.981950000186401],[-75.238743999950884,39.982381999677727],[-75.238611999706407,39.982602000319261],[-75.239037999678771,39.982759000128048],[-75.23934700037357,39.982870999850057],[-75.24059000013051,39.983313000279814],[-75.241209000446702,39.9835379999111],[-75.241823999666622,39.983769000202535],[-75.242129999988379,39.983885000113879],[-75.242436000310136,39.98400300005904],[-75.242740999908662,39.984124000141065],[-75.243043000032458,39.984248999767594],[-75.243340000133372,39.984377000183358],[-75.243634999686151,39.984511000318633],[-75.243926999764213,39.984650000032289],[-75.24421399981938,39.984792999878387],[-75.244496999676599,39.984942000034927],[-75.244773999686032,39.985095000263996],[-75.245047000395815,39.985254000044549],[-75.245312999636283,39.985420000117536],[-75.245573999752196,39.985590000155725],[-75.245833000218283,39.985763000039633],[-75.246348999703997,39.986109999954287],[-75.246439999940606,39.986173999825375],[-75.247587000336395,39.987144999719781],[-75.247895000307963,39.987421999781489],[-75.24834600039469,39.987874000263218],[-75.248618000381256,39.98818800006778],[-75.249045000178512,39.988729999692545],[-75.249436999815657,39.989266000293483],[-75.249558000189495,39.989440999887108],[-75.250000000055365,39.990180000266726],[-75.250129999751707,39.990116000019249],[-75.250335999616041,39.990017000141961],[-75.250785999877849,39.989803000160286],[-75.251437999806001,39.989504000044008],[-75.251545999761021,39.989453999662061],[-75.251600000187707,39.989429000145584],[-75.253998999662954,39.988304000046952],[-75.255675999788195,39.987498999946979],[-75.256119000377296,39.987301000034336],[-75.256286999708465,39.987190000072111],[-75.256874000237616,39.986771000294546],[-75.256950000405595,39.986709999833359],[-75.258544999616731,39.985526999830583],[-75.258705000348627,39.985428000185536],[-75.25884199971766,39.985348000152023],[-75.259283999583531,39.985073000139678],[-75.259476000102481,39.984954999977745],[-75.260688999722191,39.984295000073679],[-75.260779999958785,39.98424100024986],[-75.262512000335605,39.983280000262432],[-75.26279400036789,39.983123999714046],[-75.262945999805567,39.983044999865271],[-75.263687000320502,39.982658000331867],[-75.264350999944199,39.982371999662988],[-75.264386000104295,39.982356000187124],[-75.264747999604239,39.982192999978231],[-75.265510999860481,39.981856999680488],[-75.265566000112074,39.981832000137182],[-75.2662509996522,39.981524999713635],[-75.267249999909978,39.981079000163085],[-75.26739800004799,39.981014000178476],[-75.267972999983257,39.980757000110195],[-75.269256999748094,39.980185999729059],[-75.271308999792041,39.979275000137257],[-75.271529999724976,39.979175999693311],[-75.272255000346391,39.978854999812071],[-75.273026000100231,39.978512000316115],[-75.273154000146747,39.978455000150809],[-75.273551999631707,39.978278999750827],[-75.275284000008497,39.97751199966968],[-75.275468000131525,39.977429000058343],[-75.275870999639338,39.977245000120988],[-75.276130999930331,39.977127000207183],[-75.276481999559607,39.976959000200019],[-75.277669000138374,39.976311999678515],[-75.278186000347333,39.97604100002107],[-75.278937999834611,39.975654000057048],[-75.279137000026239,39.975551999845663],[-75.279510000295133,39.97534899989666],[-75.280265999980372,39.974963999951242]]]},"properties":{"ZCTA5":"19151"}},{"type":"Feature","geometry":{"type":"Polygon","coordinates":[[[-75.183245999951296,39.947802999794938],[-75.183296000180007,39.947592999681945],[-75.182798000237625,39.947521999770153],[-75.182717000046793,39.9475250003402],[-75.182644000251855,39.947527000261026],[-75.182486000068096,39.947505999711922],[-75.182505000334672,39.947421000243885],[-75.182511000182458,39.947395999813104],[-75.182403000227438,39.947383000301727],[-75.182139999563375,39.947350000153584],[-75.181728999659654,39.947299999919636],[-75.181706999918333,39.947395999813104],[-75.181593999940432,39.947380999687994],[-75.181501999878918,39.947342999723574],[-75.181431999558711,39.947314000098999],[-75.181220999671524,39.94728599973741],[-75.180871999692059,39.947240000003923],[-75.180706000010716,39.947247999720219],[-75.18054799982697,39.947226999774159],[-75.180574999591144,39.947024999701483],[-75.180429999826188,39.94700700027974],[-75.180382999970533,39.947208999716921],[-75.180079000196912,39.947176000173471],[-75.180084000219779,39.947151000341854],[-75.179460999705626,39.94706099990816],[-75.179375000390223,39.947064999776892],[-75.179280999780573,39.947045999709552],[-75.179029999710409,39.947003999686984],[-75.178864999853971,39.94698299966602],[-75.17881399980034,39.946976999855657],[-75.178777999815324,39.946972999981732],[-75.178336999774345,39.946913999748581],[-75.178344000345362,39.946881000062845],[-75.178221000321727,39.94686199994446],[-75.178109999993652,39.94684399979112],[-75.177689999869074,39.946795999818242],[-75.177693000242115,39.946780000278963],[-75.177621000272097,39.946771999819198],[-75.177595000332829,39.946909999870975],[-75.177461000438527,39.946892999700005],[-75.177405000362029,39.946882000032737],[-75.177320999798127,39.946864999854746],[-75.17734500008757,39.946743999924415],[-75.177073999925923,39.946710000184396],[-75.176718000273766,39.946668999928484],[-75.176687000311645,39.94683000020428],[-75.176601999922823,39.946812000042527],[-75.176523000280099,39.94679499984715],[-75.17641600014997,39.946782000221575],[-75.176423999647582,39.946748999783509],[-75.176313000217817,39.946736000149187],[-75.176315999692562,39.946717999962715],[-75.176144999988324,39.94669699985397],[-75.176167999554551,39.946589999954021],[-75.175825000321197,39.946545999702046],[-75.175796000008873,39.946692999963666],[-75.17573800028255,39.946687000127859],[-75.175768000419779,39.946538999878513],[-75.175674999635035,39.946529000129267],[-75.175635000350397,39.946524000254144],[-75.175606999862993,39.946655000305825],[-75.175553000334617,39.946648999777942],[-75.175563000380379,39.946604000278725],[-75.175507000303867,39.946596999772382],[-75.175499999732864,39.946628000336709],[-75.175342000447429,39.94660800017418],[-75.175344000097255,39.94659499982437],[-75.175232999769179,39.946581000186562],[-75.175257000058622,39.946476000056741],[-75.175200999982124,39.946469000226045],[-75.175180000065723,39.946553000213612],[-75.175123999989239,39.946545999702046],[-75.175118000141453,39.946571999729173],[-75.17506299988986,39.94656399993378],[-75.175069999562567,39.946531000079261],[-75.174960999782613,39.946517999714821],[-75.174927000345733,39.946674999765918],[-75.174752000443547,39.946652999670803],[-75.17465399963595,39.946640000018199],[-75.174581999665918,39.946630000283761],[-75.174600000107588,39.946550000289584],[-75.174450000319752,39.946523000279072],[-75.174456000167538,39.946490999691633],[-75.174297999983807,39.946469000226045],[-75.174333999968795,39.946299999963117],[-75.174347000387598,39.946243999775788],[-75.17395700040025,39.946192000151036],[-75.1739110003695,39.946394999905536],[-75.173738000117154,39.946369999788502],[-75.173754999835566,39.94629000017899],[-75.173302000099056,39.946231000045451],[-75.173287000030427,39.946299999963117],[-75.173218000433451,39.946291000157458],[-75.173225000106157,39.946255000234338],[-75.173128000021777,39.946229000086738],[-75.171553999828717,39.946013000067971],[-75.169994999704272,39.945804999940961],[-75.168421000409538,39.945590999938297],[-75.168339000393772,39.945960000284344],[-75.16830099986062,39.946133999913805],[-75.168414999663426,39.946155000195375],[-75.168647000365326,39.946183000331175],[-75.168632000296725,39.946264000044728],[-75.168573999672091,39.946544999727294],[-75.168534000387439,39.946539999853343],[-75.168514000295943,39.946630000283761],[-75.168541999885036,39.946634000177745],[-75.168464999892151,39.947076000103429],[-75.168454999846389,39.947162999931606],[-75.168086999600362,39.947120000014522],[-75.168029999698959,39.947386000189177],[-75.168596000311709,39.947458000203582],[-75.168589999565611,39.947544000274497],[-75.168494000204461,39.947980000107677],[-75.168531000014369,39.947983999922677],[-75.168511999747807,39.948079000281325],[-75.168351000089316,39.948058999854318],[-75.168344000416624,39.948087999851715],[-75.16826999989847,39.948079000281325],[-75.168243999959202,39.948194000212702],[-75.167868000215563,39.948148999663715],[-75.167770000306277,39.948605000046165],[-75.167689000115431,39.948973999974555],[-75.169250999714592,39.949173999928846],[-75.169207000231992,39.949391000230158],[-75.167633999863853,39.949235000149748],[-75.16751699968799,39.94974399982722],[-75.167428999824409,39.95015599991109],[-75.167354000379675,39.950508999692239],[-75.167296999579946,39.950769000295402],[-75.167195000371009,39.951263000302568],[-75.167068000149413,39.9518359997017],[-75.166991000156514,39.952180999937994],[-75.166857000262212,39.952778999760156],[-75.166616000237781,39.953798000296409],[-75.166492000389226,39.954271999786521],[-75.16636500016763,39.954816000257757],[-75.167802999918237,39.955934999714621],[-75.167597000053917,39.956841000037798],[-75.167392999839421,39.957753000306958],[-75.167300999777908,39.958166000153099],[-75.167280999686426,39.958258999846066],[-75.167233000005851,39.958431000262827],[-75.167118000378125,39.958408000016014],[-75.165657999987872,39.958230000029381],[-75.16563799989639,39.958310999937638],[-75.165610000307311,39.958429999773294],[-75.165586999842745,39.958522999795761],[-75.165520999720528,39.958838999793521],[-75.165440000427992,39.959235000108514],[-75.16541799978836,39.959356999764367],[-75.165374000305746,39.959600000016238],[-75.166947999600495,39.959803999696945],[-75.166868000132865,39.960205999959641],[-75.167992000064118,39.960348000230915],[-75.168428999907135,39.960400000111051],[-75.168501999702073,39.960095999827992],[-75.169741000159377,39.960252999698987],[-75.169994999704272,39.960285999818993],[-75.170065999849399,39.960297000085006],[-75.170002000275289,39.960598000166549],[-75.170772000204209,39.960693999987072],[-75.171583000141041,39.960794999882268],[-75.171680000225408,39.960342999988782],[-75.171747000172559,39.960029000299599],[-75.171910000379185,39.959287999934944],[-75.171963999907547,39.959140999886607],[-75.171979999801053,39.959094999862756],[-75.17198800019699,39.959045999743445],[-75.172002000440699,39.959007000269828],[-75.172190999688269,39.959028999834409],[-75.172677999759998,39.959103000258303],[-75.173252999695251,39.959170000005479],[-75.173887999904977,39.95924400027679],[-75.174296000333982,39.95929700009625],[-75.175482000189518,39.95944800033103],[-75.177134000200383,39.959663999927571],[-75.177427000103336,39.959701999932641],[-75.178202000055151,39.959803999696945],[-75.179079000114214,39.95991100027171],[-75.179242000320826,39.959930999987343],[-75.179414999674876,39.959952999943212],[-75.179936999906687,39.960027999833393],[-75.179914000340474,39.959971999868053],[-75.179896999723709,39.959927999961515],[-75.17912599996987,39.958003999897201],[-75.179326999811337,39.957380000273069],[-75.179611000391759,39.956506000253562],[-75.179720000171699,39.956163999989641],[-75.179767999852288,39.9559929999049],[-75.179873000332577,39.955509000133901],[-75.179889000226126,39.955435999797174],[-75.179921000013181,39.955341000015807],[-75.180223000136962,39.954472000088067],[-75.18090900040032,39.952981999937869],[-75.180961000278842,39.95288299997398],[-75.181663000435719,39.951509000099065],[-75.183287999784099,39.949512000299165],[-75.18275100038197,39.94936900031982],[-75.182575999581459,39.949284999658062],[-75.182214000081544,39.949222000299152],[-75.181133999632891,39.949007999966717],[-75.18121099962579,39.948653000127067],[-75.181299000387654,39.948294999975026],[-75.182451999732919,39.948427000026015],[-75.182513999657189,39.948103999773814],[-75.182600999695822,39.947737999845252],[-75.182676000038896,39.947745000234796],[-75.183220999836948,39.947800999882183],[-75.183245999951296,39.947802999794938]]]},"properties":{"ZCTA5":"19103"}},{"type":"Feature","geometry":{"type":"Polygon","coordinates":[[[-75.247715000382911,39.914836999755693],[-75.247706000162097,39.914722000266408],[-75.247630999819009,39.914636000288453],[-75.247594000009101,39.91461100028264],[-75.247583000138434,39.914562999749769],[-75.247568999894739,39.914488000313987],[-75.247592000359276,39.914362000167493],[-75.247410999710993,39.914418000261222],[-75.247358999832457,39.91443599998631],[-75.247327000045402,39.914449000244169],[-75.247053000409025,39.91455199970909],[-75.246444999963472,39.914792000008504],[-75.246141000189851,39.914913999683236],[-75.24583999989099,39.915038999757122],[-75.245542999790061,39.915168999702246],[-75.245249000062188,39.915302000005497],[-75.24495699998414,39.915438999700726],[-75.244935000242833,39.915450000287969],[-75.244662000431347,39.915110000298341],[-75.244131999803628,39.914444999847134],[-75.243848999946408,39.914089000088303],[-75.244377999850911,39.913714000181841],[-75.244512999570119,39.913659999734023],[-75.244286999614317,39.913475999776942],[-75.243836000425915,39.913081000333968],[-75.243581999982695,39.912866999980935],[-75.24336699989756,39.913005000188591],[-75.243226000330552,39.913112000233077],[-75.243103000306903,39.912749999691961],[-75.241018999577605,39.912949000317568],[-75.240595999978282,39.913232999682812],[-75.240333000212573,39.912999000155359],[-75.239810000155828,39.913367999841526],[-75.239594000245759,39.913534999899397],[-75.239400000076998,39.9135070001863],[-75.239257999786787,39.913504000191743],[-75.239179999968968,39.913504999960303],[-75.23910899982387,39.913501000197058],[-75.239060000318375,39.913483999995059],[-75.23901699976237,39.91345700003032],[-75.238947000340474,39.913421000060801],[-75.238898999761588,39.913409999836645],[-75.237898999678876,39.912559999974668],[-75.237565999592945,39.912785000235161],[-75.236455999905388,39.913576000024662],[-75.236202000360493,39.913758000183464],[-75.235911999932256,39.913508999723263],[-75.235726999984337,39.913555000081196],[-75.235476999739078,39.913578000248599],[-75.235356000263579,39.913475999776942],[-75.235160000444978,39.913615999669432],[-75.235164999569548,39.913646000248995],[-75.235049000116902,39.913662999721758],[-75.234943999636599,39.913679000113355],[-75.234926999918159,39.913578000248599],[-75.234864000168969,39.913522999925327],[-75.234675000023088,39.913659999734023],[-75.234546999976573,39.913555999849009],[-75.234348999609864,39.91369600026696],[-75.234377000097254,39.913720999917778],[-75.234399999663481,39.913866999956177],[-75.234305999952142,39.914012999683351],[-75.234263000294447,39.913708999976301],[-75.233976000239281,39.913457999799569],[-75.233489999992457,39.913817999826989],[-75.2330270002102,39.913408000296847],[-75.232824999645516,39.913228000131149],[-75.232217000098274,39.912754999967511],[-75.231662000254502,39.912252000183642],[-75.231079999748218,39.911790999760981],[-75.230791999868131,39.911548999687263],[-75.230635000407617,39.91138099981093],[-75.230507000361087,39.911203000124004],[-75.230416999949412,39.911046000004632],[-75.229266000253972,39.909027999787831],[-75.22918000004023,39.909126999806389],[-75.229144000055243,39.909166000150222],[-75.229001999765003,39.909330999769239],[-75.22885000032737,39.909510999839988],[-75.228769999961429,39.909606999684286],[-75.228586999663307,39.909829999664808],[-75.228411999761136,39.910055999754036],[-75.228241999881817,39.910284000106877],[-75.22807600020046,39.910514000014295],[-75.227912999993833,39.910745000336298],[-75.227589999953651,39.911209000314557],[-75.227272999761254,39.91167500018539],[-75.227117999950551,39.911909000101844],[-75.226960999591711,39.912143999696312],[-75.226805999781021,39.912378000077624],[-75.226649000320492,39.912613000130143],[-75.226495000334708,39.912847000287279],[-75.225870999995649,39.913785000029542],[-75.225712999811904,39.914017999866751],[-75.225532000061918,39.914277999940992],[-75.225225999740175,39.914719000325064],[-75.2249880000888,39.915064000295729],[-75.224608000147214,39.915609000123347],[-75.22420100044144,39.916196999830952],[-75.223235999620499,39.917589000107803],[-75.221873000212952,39.91955100027657],[-75.219640000419048,39.92276900013448],[-75.219196000005027,39.923409000121481],[-75.216768000217442,39.926955999713194],[-75.21767399969049,39.927337999851169],[-75.219309999807848,39.928011999931137],[-75.219433999656417,39.928081999865739],[-75.219520999695035,39.927968999689874],[-75.219763000442683,39.92756700010036],[-75.219939000169774,39.927361999777823],[-75.220367999616869,39.926722000231401],[-75.221056000428362,39.92731200009333],[-75.221457000286335,39.927647000244505],[-75.221954000403827,39.928075000219913],[-75.223247000389463,39.927178000124918],[-75.223306999765612,39.92723400007165],[-75.223517999652813,39.927442000161534],[-75.22366300031608,39.927625999793769],[-75.223692999554999,39.927664999936816],[-75.22380499970798,39.927915000149561],[-75.223895999944588,39.92816899973382],[-75.223972000112568,39.928425999783201],[-75.224034000036838,39.928685000028224],[-75.224070999846774,39.928946999989201],[-75.224038000234799,39.929209000325109],[-75.223955000394142,39.929464999690055],[-75.223817000301878,39.929705000076432],[-75.223634999828661,39.929926999839729],[-75.223435999637047,39.930142000137437],[-75.223225999574751,39.930350999869262],[-75.223002999992019,39.93055099984241],[-75.222780000409244,39.930749000197686],[-75.222695999845342,39.930807999904019],[-75.223301999742745,39.931314999884613],[-75.224270000038416,39.931086999974831],[-75.224799999767825,39.930962999777613],[-75.225472999612379,39.930803999773786],[-75.227213000385106,39.930395000202779],[-75.227589000128745,39.93031300009072],[-75.22820300042207,39.930830999787446],[-75.228127000254091,39.930904000204883],[-75.227943999955997,39.931033000138775],[-75.228585999838415,39.931573000026653],[-75.228684999572607,39.931656999702902],[-75.228964000130162,39.931892999914417],[-75.228907000228773,39.931931999693006],[-75.229828999595355,39.932711000064565],[-75.22995199961899,39.932766000130634],[-75.230118000198672,39.932838999862014],[-75.231002999755333,39.933597999721719],[-75.231263999871231,39.933406000342849],[-75.231533000383067,39.933634000104931],[-75.231957999632186,39.933985000093941],[-75.232128000409816,39.934135000258514],[-75.232723000436579,39.93463700033756],[-75.2330270002102,39.934890000319754],[-75.233212999983024,39.935057000239333],[-75.233424999695131,39.935239999926665],[-75.233618000038973,39.935395000095895],[-75.2341129996083,39.935822999842195],[-75.233796000314214,39.936045999866053],[-75.23430400030233,39.936496999719708],[-75.234499000295983,39.936130000251858],[-75.2348230001611,39.935534999946988],[-75.23524900013345,39.934996999919164],[-75.235916999955123,39.934440999822783],[-75.236559999662461,39.933961999892674],[-75.236646999701094,39.933896999881128],[-75.236641999678241,39.933791000100761],[-75.236656999746842,39.933547000294382],[-75.236717000021287,39.933406999820789],[-75.236789999816224,39.933258000296171],[-75.236910000365143,39.933072999787775],[-75.237013000297296,39.932924000224894],[-75.23712200007725,39.932803999925021],[-75.237216999613494,39.932693999809743],[-75.237323999743609,39.932620999923714],[-75.23743599989659,39.932557000195516],[-75.237559999745159,39.932522000114318],[-75.237733999822439,39.93249699975015],[-75.237949999732507,39.932472000065701],[-75.238103999718291,39.932507999663535],[-75.238267999749823,39.932551999988192],[-75.238444000375239,39.932596999774333],[-75.238610999881502,39.932639999863795],[-75.238759000019513,39.93270400020328],[-75.238947000340474,39.932819999977177],[-75.239184000166929,39.933000999789883],[-75.239344000000514,39.933124999739213],[-75.239467999849069,39.933221000234497],[-75.239646999949215,39.933315000258943],[-75.239919999760701,39.933401999675567],[-75.239999000301722,39.933431999852552],[-75.240160999785118,39.933492000167114],[-75.240238999602909,39.933522999780905],[-75.240296000402637,39.933540999994626],[-75.240447000015365,39.933588000147637],[-75.240499999718836,39.933604000016523],[-75.240693000062677,39.933638000069834],[-75.240735999720386,39.933645999998866],[-75.240944000132842,39.933648999799836],[-75.241158000393085,39.933628999976342],[-75.2413630004325,39.933607999983117],[-75.24152099971792,39.933588000147637],[-75.241678000076774,39.933581999851434],[-75.241735999803083,39.933579000047573],[-75.241774000336235,39.93348199988872],[-75.241847000131173,39.933469999966022],[-75.241909000055443,39.93354399980015],[-75.241951999713152,39.933534999694302],[-75.242074999736786,39.933491000001581],[-75.242186000064891,39.933426000231513],[-75.242228999722585,39.933377999800022],[-75.242295999669736,39.933287999847451],[-75.242341999700486,39.933186999974041],[-75.242401999974959,39.933088000294426],[-75.242503000257287,39.932964000278076],[-75.24257699987713,39.932878999964913],[-75.24266899993863,39.932778999663867],[-75.242762999649955,39.932611999696498],[-75.242880999650737,39.932440999975888],[-75.2429690004126,39.932299000318253],[-75.243079000017474,39.932175000250133],[-75.243133000444132,39.932085000093338],[-75.243212999911762,39.932031999853841],[-75.243305999798196,39.931975000200254],[-75.243369000445696,39.931907999990869],[-75.243422999974044,39.931837000334838],[-75.243424999623869,39.931779000328312],[-75.243438000042659,39.931685999763999],[-75.243450999563152,39.931577000112],[-75.243488000271384,39.931468000286422],[-75.243525999906211,39.93133999999165],[-75.243564000439363,39.931196999917333],[-75.243607999921977,39.931078999746696],[-75.243634999686151,39.93090800032931],[-75.243643000082074,39.930897000158808],[-75.243694000135704,39.930820999809171],[-75.243812999961392,39.930729999732698],[-75.243949000403816,39.930652999679495],[-75.244130999978708,39.930563000276862],[-75.244274000093824,39.930486000035749],[-75.244381000223953,39.9303989996681],[-75.244427000254717,39.930287000085052],[-75.244404999615085,39.930159999862575],[-75.244355000284699,39.930040999754858],[-75.244278000291786,39.929964000304295],[-75.244188999705017,39.92990099968744],[-75.244099000191653,39.929856999725246],[-75.244008999779979,39.929793000168033],[-75.243981000190871,39.929712999776335],[-75.243976000168004,39.92967800030749],[-75.243966999947176,39.929603999737935],[-75.243966000122256,39.929532000224114],[-75.243966999947176,39.9294989997328],[-75.243966999947176,39.929467999674223],[-75.243966000122256,39.929428000333452],[-75.243970000320218,39.929176999906673],[-75.243966999947176,39.928804999971796],[-75.243965000297365,39.928645000229935],[-75.243985000388832,39.928476000031822],[-75.244001000282353,39.928364000057961],[-75.244054999810729,39.928148999686819],[-75.244120000108055,39.928008999883168],[-75.244198999750779,39.92788799967456],[-75.244269000070972,39.927796000272401],[-75.244341000040976,39.927655999746833],[-75.244426000429797,39.927527000337633],[-75.244480999783079,39.927434000196286],[-75.24449800039983,39.927405999965977],[-75.244550000278366,39.927275000261943],[-75.244578999692365,39.927176999867129],[-75.244578999692365,39.927003000254537],[-75.244596000309116,39.92685800023952],[-75.244576000217634,39.926753999730813],[-75.244506999722333,39.926649000176404],[-75.244499000224735,39.92664199969515],[-75.244412000186102,39.926571999665967],[-75.244329000345431,39.926476000178724],[-75.244300999858012,39.926353000165342],[-75.244336000018123,39.926249999849716],[-75.244399999592218,39.926133999964208],[-75.244519000316231,39.926060999971071],[-75.244624999723115,39.926002999892766],[-75.244761999990473,39.925954000180241],[-75.244868000295682,39.925894999734773],[-75.244991000319331,39.925840999936312],[-75.245049999870545,39.925767000041262],[-75.245126999863459,39.925661000070903],[-75.245197000183651,39.925549000313865],[-75.245263000305883,39.925415000339157],[-75.245437000383163,39.925163999665457],[-75.245552000010889,39.925044999828657],[-75.245579999599983,39.925010000039912],[-75.245635999676466,39.924937999827712],[-75.245679000232499,39.924882000069623],[-75.245725000263249,39.924823000078099],[-75.245747999829476,39.924781999797169],[-75.245793999860226,39.924696999657371],[-75.245814999776627,39.924661999690734],[-75.245865000005338,39.924580999896158],[-75.245927999754528,39.924473999858968],[-75.245942999823143,39.924449000000031],[-75.245993000051854,39.924369000252291],[-75.246001000447777,39.924350999693338],[-75.246032000409912,39.924238000248181],[-75.246073000417809,39.924126000229975],[-75.246095000159102,39.924008999886127],[-75.246130000319212,39.923906999794177],[-75.246133999618849,39.923794000305101],[-75.246141000189851,39.923611000328513],[-75.246158999733211,39.923445999975492],[-75.246188000045521,39.92330600019919],[-75.246266999688245,39.923171000340638],[-75.246362999947721,39.923055999689801],[-75.246521000131452,39.922889999745628],[-75.246641999606979,39.922769999767738],[-75.246936000233163,39.922495000173491],[-75.247069000302531,39.922375000192261],[-75.24716399983879,39.922283000270909],[-75.247290000235481,39.922168000195441],[-75.247316000174735,39.922139999878226],[-75.247392000342728,39.922048000330072],[-75.247471999810358,39.921880999673697],[-75.247506000145549,39.921772999902771],[-75.247511000168416,39.921708999677513],[-75.247513999643147,39.921680000212355],[-75.247516000191297,39.9216559996717],[-75.247506999970454,39.921609999932386],[-75.247484000404242,39.921499000089725],[-75.247459000289879,39.921342999801858],[-75.247467999612411,39.920971999672453],[-75.247467999612411,39.920718000255697],[-75.247460000114799,39.920585999801581],[-75.24746199976461,39.920519999823568],[-75.247465000137652,39.920453999781977],[-75.247476000008319,39.920328000277422],[-75.247486999878973,39.920205999912923],[-75.24752700006195,39.920102999995031],[-75.247580999590298,39.919982000281543],[-75.247594999833993,39.919902000137178],[-75.247623000321411,39.919667999970713],[-75.247621999598195,39.919517000115967],[-75.247583000138434,39.919398999792449],[-75.247496000099815,39.919269999982596],[-75.247484000404242,39.919241999858279],[-75.247450000069065,39.919158999791513],[-75.247455999916838,39.919079000063569],[-75.247600999681794,39.919076000313119],[-75.247551000351379,39.919019999894331],[-75.247423000304863,39.918824999825716],[-75.247377000274113,39.918688000014249],[-75.247341000289126,39.918541000223527],[-75.247347000136898,39.918430000228689],[-75.247357000182632,39.917992999816434],[-75.247347000136898,39.917784999957121],[-75.247306999953921,39.917632999686894],[-75.247302999755959,39.917615000113059],[-75.24723900018185,39.917401999858662],[-75.247172000234698,39.917235999987135],[-75.247192000326194,39.917211000241402],[-75.24720999986954,39.917182000249319],[-75.247199999823792,39.917134999855946],[-75.247187000303313,39.91709399979429],[-75.247154999617948,39.91706199991394],[-75.247101999914491,39.91702700017845],[-75.247039000165316,39.91699100001842],[-75.246999999807258,39.916966999901277],[-75.246973999867976,39.91693900021324],[-75.246940000431124,39.916871000037418],[-75.246881999806462,39.916720000216053],[-75.246834000125901,39.916559000067181],[-75.246787000270231,39.916448000304719],[-75.246762999980788,39.916328999788547],[-75.246752000110135,39.916231999990622],[-75.246781000422445,39.916165000220488],[-75.246841999623499,39.916086999901594],[-75.246918999616412,39.916004999876904],[-75.246987000286779,39.915929999953164],[-75.247055999883742,39.915851000321389],[-75.247136000249682,39.915727000087614],[-75.247187000303313,39.915632000289996],[-75.247347000136898,39.9153989997426],[-75.247485000229162,39.915213000147169],[-75.24755499965103,39.915078000179989],[-75.247654000283546,39.914954999671977],[-75.247715000382911,39.914836999755693]]]},"properties":{"ZCTA5":"19142"}},{"type":"Feature","geometry":{"type":"Polygon","coordinates":[[[-75.249768000251777,39.990290000164926],[-75.250000000055365,39.990180000266726],[-75.249558000189495,39.989440999887108],[-75.249436999815657,39.989266000293483],[-75.249045000178512,39.988729999692545],[-75.248618000381256,39.98818800006778],[-75.24834600039469,39.987874000263218],[-75.247895000307963,39.987421999781489],[-75.247587000336395,39.987144999719781],[-75.246439999940606,39.986173999825375],[-75.246348999703997,39.986109999954287],[-75.245833000218283,39.985763000039633],[-75.245573999752196,39.985590000155725],[-75.245312999636283,39.985420000117536],[-75.245047000395815,39.985254000044549],[-75.244773999686032,39.985095000263996],[-75.244496999676599,39.984942000034927],[-75.24421399981938,39.984792999878387],[-75.243926999764213,39.984650000032289],[-75.243634999686151,39.984511000318633],[-75.243340000133372,39.984377000183358],[-75.243043000032458,39.984248999767594],[-75.242740999908662,39.984124000141065],[-75.242436000310136,39.98400300005904],[-75.242129999988379,39.983885000113879],[-75.241823999666622,39.983769000202535],[-75.241209000446702,39.9835379999111],[-75.24059000013051,39.983313000279814],[-75.23934700037357,39.982870999850057],[-75.239037999678771,39.982759000128048],[-75.238611999706407,39.982602000319261],[-75.238743999950884,39.982381999677727],[-75.239041999876719,39.981950000186401],[-75.239334999779672,39.981447000233764],[-75.239416999795438,39.981282999766236],[-75.23947299987195,39.981114000182167],[-75.239467000024149,39.980914000028434],[-75.239379000160611,39.980424000137589],[-75.239302000167712,39.980014999837735],[-75.239257999786787,39.979754000120536],[-75.23918900018981,39.979414999672031],[-75.239123999892485,39.979068999670972],[-75.239050000272641,39.978653000231013],[-75.239005999891717,39.97842300004919],[-75.238891000263976,39.977818000019809],[-75.238844000408307,39.977557000171565],[-75.238791999631459,39.977280000038725],[-75.238688999699306,39.976727000068408],[-75.238569999873619,39.976101000139487],[-75.238507999949348,39.975776000015401],[-75.237977000395006,39.975836999912957],[-75.237946000432856,39.975631000096925],[-75.238358999986431,39.975585000153387],[-75.238246999833436,39.974995000048608],[-75.238029000273542,39.975020000028046],[-75.238016999679658,39.974954000227775],[-75.238004999984085,39.974888999924055],[-75.237871000089783,39.974902999962936],[-75.237825000059033,39.974690999952458],[-75.237939999686759,39.974676999870191],[-75.237922999968319,39.974591000186869],[-75.237859000394238,39.974270999678325],[-75.237675000271224,39.973286000261425],[-75.23792700016628,39.973256999934179],[-75.23803599994622,39.973246999960942],[-75.237983000242792,39.972957000099676],[-75.237931000364256,39.972683999656709],[-75.237578000186829,39.972723000278449],[-75.23740999995735,39.971812000331056],[-75.237394999888721,39.9717160002876],[-75.237741000393441,39.971678000075386],[-75.23745500016318,39.970140999835891],[-75.237405999759389,39.969876999994668],[-75.23739099969076,39.969797999976947],[-75.236932000106449,39.969854999789739],[-75.236890000273661,39.969639999667599],[-75.237116000229463,39.969616000111529],[-75.23704599990927,39.969310000213959],[-75.237040000061484,39.969283000238256],[-75.237004000076467,39.969105000335311],[-75.237144999643462,39.969071000007162],[-75.237240000078032,39.968977000226886],[-75.237282999735726,39.968899000193908],[-75.23734100036036,39.968620000088819],[-75.237018000320177,39.968533999668907],[-75.237153000039385,39.967905000064668],[-75.23717300013088,39.967811000058006],[-75.236862999611176,39.967772000075868],[-75.236290000224045,39.967702999788223],[-75.235521000120002,39.967605000147955],[-75.235598999937821,39.967238999926245],[-75.235841999612063,39.966085000118682],[-75.234854999948155,39.965961999695004],[-75.233904000269249,39.965846000340896],[-75.233609999643051,39.967343000181025],[-75.231972999700801,39.967458000079901],[-75.231832999958726,39.967460000106364],[-75.231289999810514,39.967522000209271],[-75.230893000150473,39.967559999978029],[-75.230856000340566,39.967370000234546],[-75.230458999782201,39.967410999785422],[-75.23045399975932,39.967379000020514],[-75.230016000091425,39.967424000309535],[-75.230057999924213,39.967648999933566],[-75.229773000417168,39.967677000220469],[-75.229714999792535,39.967341000151137],[-75.229533000217657,39.967358999729527],[-75.229523999996829,39.967305000291638],[-75.229348000269724,39.967322000208526],[-75.229370000011045,39.967447999946749],[-75.229081000306053,39.967481000036472],[-75.228788000403071,39.967514000110313],[-75.228821000015046,39.967710999865012],[-75.228824000388087,39.967772000075868],[-75.228148999995398,39.96784300030918],[-75.226640999924584,39.967992999909868],[-75.225939999592626,39.968059999895942],[-75.225140000424759,39.968144999876323],[-75.224696999835658,39.968189000002845],[-75.224645999782027,39.967895999659511],[-75.223938999602282,39.96797099978707],[-75.22388599989884,39.967704000142078],[-75.223798999860207,39.967245999696786],[-75.223384999583416,39.967287000010529],[-75.223068000289331,39.967318000147465],[-75.222989999573215,39.967282999947422],[-75.222947999740427,39.967242999991925],[-75.222917999603197,39.967190999808238],[-75.222900000059852,39.96710800005539],[-75.222870999747514,39.966947999683448],[-75.222865999724647,39.966917999744126],[-75.222858000227063,39.966848000293524],[-75.222500999851675,39.966878000263556],[-75.222509000247584,39.966927000278105],[-75.222617000202632,39.967343000181025],[-75.222698000393478,39.967768000041126],[-75.222823999891858,39.968379000223905],[-75.222468000239715,39.968415000206299],[-75.222401000292564,39.968027000085726],[-75.22200700010724,39.968057999887023],[-75.222012999955041,39.968096999705999],[-75.2218349996798,39.968114000114419],[-75.221854999771296,39.968235000104784],[-75.221520000035525,39.96826799981465],[-75.221146999766631,39.968305000200608],[-75.221124000200419,39.968168000290241],[-75.22097199986446,39.968182000328802],[-75.220986999933061,39.968275000168319],[-75.220837000145238,39.968289000185031],[-75.220841000343199,39.96831300020699],[-75.220612999839261,39.968337000220487],[-75.220647000174452,39.968600000160926],[-75.220299000019892,39.968634000034875],[-75.220261000385065,39.968345000223124],[-75.219099999745566,39.968465000150353],[-75.21892200036865,39.968485999771723],[-75.218801999819732,39.968499999745219],[-75.218161999587139,39.968576000239722],[-75.2181659997851,39.968614000111067],[-75.217903999844282,39.968638000018935],[-75.217812999607673,39.96864599998635],[-75.21754999984195,39.968673000213649],[-75.217107999976065,39.968718999989953],[-75.216965999685854,39.968738999883044],[-75.216995999823084,39.968969000298209],[-75.21636800018436,39.96903000007498],[-75.215762000286958,39.9690940001095],[-75.215726000301942,39.968823000058528],[-75.215434000223894,39.96884699989301],[-75.21542199963001,39.968779999989763],[-75.215106000160844,39.968815000111817],[-75.215121000229445,39.968899999841838],[-75.214776000447955,39.968938999868911],[-75.214700000279976,39.968948000136791],[-75.214686000036281,39.96884499990712],[-75.21410000023036,39.968891000256107],[-75.214108999552863,39.968958999697627],[-75.213932999825772,39.968973000262665],[-75.213940000396775,39.969022999798625],[-75.213815999649896,39.96903499968181],[-75.21316999956953,39.969086999839703],[-75.212859999948137,39.969111999914794],[-75.212895000108233,39.969381999867664],[-75.212639999840107,39.96953600015356],[-75.212717999657912,39.969582999675524],[-75.212655999733627,39.969644000281264],[-75.212069000102801,39.970211000045254],[-75.212401000363826,39.970412999795087],[-75.21246199956488,39.970739000258874],[-75.2125200001895,39.970774999686846],[-75.212767000061703,39.970933999744624],[-75.212843000229697,39.971321000274948],[-75.213131000109783,39.971286999672188],[-75.213145000353478,39.971357999696821],[-75.213280999897606,39.972064999835496],[-75.213690000151516,39.972019999847888],[-75.213885999970103,39.973054000052571],[-75.212820999590079,39.973173999974058],[-75.212211000393026,39.973241999973759],[-75.212420999556983,39.973982999867125],[-75.212613999900839,39.974720999922454],[-75.213008999911054,39.976137999727285],[-75.213121000064049,39.976545000066693],[-75.213305000187063,39.977217000311526],[-75.213469000218581,39.977790999963027],[-75.211289000128119,39.976982999931309],[-75.210356999817478,39.976635999783973],[-75.209320999749764,39.976249999976169],[-75.208597999676485,39.975980999850009],[-75.207891000395051,39.975716999848323],[-75.206907000205874,39.975353000176113],[-75.206625000173574,39.975246999918468],[-75.204362000242426,39.974416999984307],[-75.203720000360008,39.974182000083751],[-75.203152999922352,39.974244999855166],[-75.201736999913038,39.974394000296293],[-75.199504999944025,39.974646000317009],[-75.198992999757948,39.974700999714472],[-75.198808999634949,39.974722000173649],[-75.198396999906294,39.974768000009583],[-75.198268000034872,39.974782000073205],[-75.19575499985848,39.975063000301702],[-75.195560999689718,39.975085000207116],[-75.195410999901881,39.975102000254381],[-75.194993000325454,39.975150999880931],[-75.194897000065993,39.975161999820337],[-75.194661000064443,39.97518600018271],[-75.194640000148041,39.97518900022741],[-75.194609000185892,39.975192000271988],[-75.194404000146491,39.975212999891887],[-75.194230999894131,39.975231000151012],[-75.193974999801085,39.975259000085757],[-75.193723999730921,39.975285000211578],[-75.193744999647322,39.975379999819324],[-75.193984999846819,39.976131999721048],[-75.194086000129175,39.976185999758094],[-75.198653999824259,39.978456999855503],[-75.201830999624377,39.980356999880811],[-75.204416999595708,39.983168999961769],[-75.20421800030239,39.984850000263059],[-75.204084000408088,39.985856000046802],[-75.204003000217227,39.985904000134227],[-75.201106999726193,39.987635000277542],[-75.197789000359066,39.991305999759739],[-75.193985999671739,39.995365000047336],[-75.193539999607893,39.996240999984785],[-75.193323999697824,39.996662999958744],[-75.19175399970274,39.999747999879425],[-75.191491999761908,40.002139999694698],[-75.191320000232778,40.003715000237854],[-75.192069000245326,40.005905999671782],[-75.192101000032366,40.005994999914741],[-75.192418000224777,40.006417999947125],[-75.192466999730257,40.006482000055605],[-75.19277399987692,40.006705999962747],[-75.192809999861936,40.006733000288925],[-75.193212000443154,40.006926999795873],[-75.197451000250254,40.008314999841289],[-75.203106999891588,40.010137999869521],[-75.205485000348773,40.011501000294864],[-75.205591999580591,40.011547000135785],[-75.205770999680738,40.011628999865124],[-75.206135999553723,40.011328999956824],[-75.206357000384969,40.011178000134862],[-75.206755999694821,40.01090399995114],[-75.207281000299687,40.010544999934055],[-75.207375999835946,40.010479999778923],[-75.207524999798849,40.010377999961094],[-75.207673999761766,40.010286000048694],[-75.208010000220753,40.010077000325218],[-75.20822100010794,40.009946999749779],[-75.208400000208087,40.009836000126285],[-75.209239999558889,40.009370999704402],[-75.210618999758296,40.008651999791688],[-75.210770000269349,40.00858300018843],[-75.211547999695895,40.008213000228672],[-75.211665999696663,40.008155000313465],[-75.213745000403108,40.007159999670215],[-75.215804999944666,40.006229000007679],[-75.216016999656773,40.006133999946094],[-75.218360999778753,40.005069999720135],[-75.218732000397836,40.00488800022076],[-75.219231000165124,40.004641999838917],[-75.220664999717798,40.003944000083656],[-75.223618000110235,40.002582999837664],[-75.226402000448303,40.001255000282391],[-75.227051000003399,40.000937999703282],[-75.227461999907135,40.000746000121737],[-75.227759999832969,40.000598999776102],[-75.2283749999512,40.000317000095023],[-75.228738000174374,40.00014399991192],[-75.228881000289505,40.000079000175333],[-75.229452999851716,39.999811000163334],[-75.230441000238855,39.999343999801376],[-75.230895999625218,39.999130000140646],[-75.232056000439812,39.998588999676507],[-75.232124000211854,39.998562000258481],[-75.232147999603001,39.998550999957288],[-75.233214999632835,39.998058000216105],[-75.234151999966372,39.997611999869882],[-75.234183999753412,39.997596999750556],[-75.23430199975418,39.997541000285125],[-75.23441300008227,39.997487999839386],[-75.235297999638931,39.997069999842545],[-75.236120000344727,39.996689000198003],[-75.237331000314626,39.996128000222654],[-75.237343000010199,39.996122999845191],[-75.237996999588177,39.995817000271195],[-75.238976999579393,39.995357999715836],[-75.239005000066797,39.995343999738871],[-75.240785000124177,39.9945099997677],[-75.241649999589356,39.994104999702508],[-75.243816000334448,39.993085999814632],[-75.243908000395948,39.993042999871342],[-75.245689000278233,39.992191000102792],[-75.247948000011419,39.991138000202987],[-75.249214000232911,39.990547000162564],[-75.249768000251777,39.990290000164926]]]},"properties":{"ZCTA5":"19131"}},{"type":"Feature","geometry":{"type":"Polygon","coordinates":[[[-75.276904000232321,39.863685000292911],[-75.275155999961981,39.860831999867358],[-75.274914000112659,39.860435999851873],[-75.273967999558295,39.858971000034593],[-75.273836000212128,39.858765999938072],[-75.273785000158526,39.858687999794306],[-75.273667999982649,39.858503999811219],[-75.268070000067638,39.849830999805242],[-75.257146000224182,39.851828999860146],[-75.256762000084606,39.851934000288352],[-75.255951000147803,39.85215700032343],[-75.254398999696036,39.852439999909357],[-75.25007700004825,39.853227999760989],[-75.246148999687463,39.853981999955437],[-75.245844999913857,39.85405600014645],[-75.244157999742882,39.854442000333947],[-75.243436000392848,39.85461400022924],[-75.241904000032577,39.854978000142118],[-75.239723000117181,39.855474000136546],[-75.23810000041864,39.855901000084309],[-75.236535000446423,39.856281999981668],[-75.235027000375609,39.85665599978573],[-75.234717999680811,39.85673199966643],[-75.234055999706882,39.856945000244515],[-75.232848999934959,39.857281000278725],[-75.231770000209536,39.857608000308723],[-75.230627000011708,39.857966000178699],[-75.229825000295705,39.85819300015735],[-75.229477000141159,39.858291999818725],[-75.228634000417301,39.858560000038189],[-75.226245000089449,39.859540999926786],[-75.222936000044868,39.860899999800331],[-75.221371000072622,39.861543000083991],[-75.211463000205399,39.867004000255577],[-75.211975000391476,39.867464000224089],[-75.207945999748333,39.870283000205248],[-75.207312000261837,39.870667000029243],[-75.206656999960614,39.871082000070366],[-75.205096000186373,39.871969999889714],[-75.202102999610929,39.873620999942048],[-75.200648999966788,39.874400000337282],[-75.20057699999677,39.874436000125726],[-75.199427999951141,39.875009000074584],[-75.198185000194187,39.875681999772787],[-75.197006999836248,39.876259999834112],[-75.195804000262271,39.876898999724922],[-75.195229000327004,39.877208000167769],[-75.195513999834048,39.891840000248543],[-75.197259999556238,39.892617999687118],[-75.197344999945059,39.892646999739966],[-75.198744000235934,39.893113999804719],[-75.205804000191009,39.894934000135414],[-75.20812400002356,39.895674999929525],[-75.211761999956124,39.897746999878414],[-75.211807000161983,39.897800999775903],[-75.214927000060698,39.901615999928715],[-75.216122999961982,39.909636999952625],[-75.214540000446405,39.910660999808229],[-75.213906000061584,39.911071999737651],[-75.212148999570417,39.911151000058481],[-75.206841000083642,39.911186000040701],[-75.20637699957814,39.911772000235999],[-75.205717999977281,39.912717000068987],[-75.205500000417402,39.913039999912442],[-75.204471000022366,39.914573000035844],[-75.204342000150945,39.914772000187924],[-75.204147999982183,39.915073000074031],[-75.20209000009045,39.918555000085945],[-75.201700000103116,39.919834000147652],[-75.203395999596594,39.921007000147526],[-75.208525999706467,39.92103300023296],[-75.210790000360831,39.922095000107184],[-75.212057000407228,39.923562000281898],[-75.212428000128,39.925229999989426],[-75.213307999661779,39.92553999984564],[-75.21340700029431,39.925580999672675],[-75.21480599968686,39.926165999738451],[-75.214918999664775,39.926214999988098],[-75.216738000080213,39.926942000190614],[-75.216768000217442,39.926955999713194],[-75.219196000005027,39.923409000121481],[-75.219640000419048,39.92276900013448],[-75.221873000212952,39.91955100027657],[-75.223235999620499,39.917589000107803],[-75.22420100044144,39.916196999830952],[-75.224608000147214,39.915609000123347],[-75.2249880000888,39.915064000295729],[-75.225225999740175,39.914719000325064],[-75.225532000061918,39.914277999940992],[-75.225712999811904,39.914017999866751],[-75.225870999995649,39.913785000029542],[-75.226495000334708,39.912847000287279],[-75.226649000320492,39.912613000130143],[-75.226805999781021,39.912378000077624],[-75.226960999591711,39.912143999696312],[-75.227117999950551,39.911909000101844],[-75.227272999761254,39.91167500018539],[-75.227589999953651,39.911209000314557],[-75.227912999993833,39.910745000336298],[-75.22807600020046,39.910514000014295],[-75.228241999881817,39.910284000106877],[-75.228411999761136,39.910055999754036],[-75.228586999663307,39.909829999664808],[-75.228769999961429,39.909606999684286],[-75.22885000032737,39.909510999839988],[-75.229001999765003,39.909330999769239],[-75.229144000055243,39.909166000150222],[-75.22918000004023,39.909126999806389],[-75.229266000253972,39.909027999787831],[-75.230416999949412,39.911046000004632],[-75.230507000361087,39.911203000124004],[-75.230635000407617,39.91138099981093],[-75.230791999868131,39.911548999687263],[-75.231079999748218,39.911790999760981],[-75.231662000254502,39.912252000183642],[-75.232217000098274,39.912754999967511],[-75.232824999645516,39.913228000131149],[-75.2330270002102,39.913408000296847],[-75.233489999992457,39.913817999826989],[-75.233976000239281,39.913457999799569],[-75.234263000294447,39.913708999976301],[-75.234305999952142,39.914012999683351],[-75.234399999663481,39.913866999956177],[-75.234377000097254,39.913720999917778],[-75.234348999609864,39.91369600026696],[-75.234546999976573,39.913555999849009],[-75.234675000023088,39.913659999734023],[-75.234864000168969,39.913522999925327],[-75.234926999918159,39.913578000248599],[-75.234943999636599,39.913679000113355],[-75.235049000116902,39.913662999721758],[-75.235164999569548,39.913646000248995],[-75.235160000444978,39.913615999669432],[-75.235356000263579,39.913475999776942],[-75.235476999739078,39.913578000248599],[-75.235726999984337,39.913555000081196],[-75.235911999932256,39.913508999723263],[-75.236202000360493,39.913758000183464],[-75.236455999905388,39.913576000024662],[-75.237565999592945,39.912785000235161],[-75.237898999678876,39.912559999974668],[-75.238898999761588,39.913409999836645],[-75.238947000340474,39.913421000060801],[-75.23901699976237,39.91345700003032],[-75.239060000318375,39.913483999995059],[-75.23910899982387,39.913501000197058],[-75.239179999968968,39.913504999960303],[-75.239257999786787,39.913504000191743],[-75.239400000076998,39.9135070001863],[-75.239594000245759,39.913534999899397],[-75.239810000155828,39.913367999841526],[-75.240333000212573,39.912999000155359],[-75.240595999978282,39.913232999682812],[-75.241018999577605,39.912949000317568],[-75.243103000306903,39.912749999691961],[-75.243226000330552,39.913112000233077],[-75.24336699989756,39.913005000188591],[-75.243581999982695,39.912866999980935],[-75.243836000425915,39.913081000333968],[-75.244286999614317,39.913475999776942],[-75.244512999570119,39.913659999734023],[-75.244377999850911,39.913714000181841],[-75.243848999946408,39.914089000088303],[-75.244131999803628,39.914444999847134],[-75.244662000431347,39.915110000298341],[-75.244935000242833,39.915450000287969],[-75.24495699998414,39.915438999700726],[-75.245249000062188,39.915302000005497],[-75.245542999790061,39.915168999702246],[-75.24583999989099,39.915038999757122],[-75.246141000189851,39.914913999683236],[-75.246444999963472,39.914792000008504],[-75.247053000409025,39.91455199970909],[-75.247327000045402,39.914449000244169],[-75.247358999832457,39.91443599998631],[-75.247410999710993,39.914418000261222],[-75.247592000359276,39.914362000167493],[-75.247322999847441,39.914286000065438],[-75.247221999565099,39.914163999961069],[-75.24711699998312,39.914043000089023],[-75.247062999556448,39.913907000120027],[-75.247067999579329,39.913778000300141],[-75.247116000158215,39.913677999658368],[-75.247190999602964,39.913587999989453],[-75.247199999823792,39.913578000248599],[-75.24739999984034,39.913501999965654],[-75.247599999856874,39.913388000072082],[-75.247830999835557,39.913285000234801],[-75.248055999966468,39.913164999961417],[-75.248211999602063,39.913076999856976],[-75.248295000341059,39.913011999996989],[-75.248377000356825,39.912934000221306],[-75.248431999710078,39.91283999977297],[-75.248510000426208,39.912721999657904],[-75.248558000106769,39.912604000028594],[-75.248598000289746,39.912503999739826],[-75.248685000328408,39.91230199984124],[-75.248718999765273,39.912139000065203],[-75.248762000321292,39.911982999814839],[-75.248854000382792,39.911853999816458],[-75.248979999881172,39.911749000151183],[-75.249160999631144,39.911639999764034],[-75.249332000233693,39.911553000253505],[-75.249518000006532,39.911476999790736],[-75.249748000160281,39.911369000148532],[-75.249926000435522,39.911293000170609],[-75.250194000224127,39.91119600013073],[-75.250353000232792,39.911077000135748],[-75.250400999913367,39.911042000097844],[-75.250537000355806,39.910886999912016],[-75.25061500017361,39.910769999686096],[-75.250719999755589,39.910659000188126],[-75.250871000266642,39.910532000076323],[-75.251000999962997,39.910376000300317],[-75.251123000161726,39.910247999847797],[-75.251236999964547,39.910110000287006],[-75.251267999926682,39.910031000143661],[-75.251498000080446,39.910050999970522],[-75.251288000018164,39.909982999846363],[-75.251298000063926,39.90985500003756],[-75.25122899956861,39.909776000289249],[-75.251107000268206,39.909707999892092],[-75.250884999612026,39.909632999963506],[-75.250656000181493,39.909568000280551],[-75.250476000256427,39.909532000334195],[-75.250288999760357,39.909529999992117],[-75.250158000239111,39.909499999676967],[-75.25004500026121,39.909458999868157],[-75.250001999705191,39.909430000038924],[-75.249928999910253,39.909352000318684],[-75.249901000321159,39.909268000149567],[-75.249940999605826,39.909146000065022],[-75.250007999552977,39.909035999836391],[-75.250050000284077,39.908880999934865],[-75.250119999705973,39.908719999963644],[-75.250168000284859,39.908565000036198],[-75.250193000399207,39.908447999978698],[-75.250195999873966,39.908323000279552],[-75.250198000422088,39.908285999834241],[-75.250183000353474,39.908060999955069],[-75.25020500009478,39.90791499994441],[-75.250224000361342,39.907808000050473],[-75.250271000217012,39.907708000339902],[-75.250318999897601,39.907625999930808],[-75.250446000119211,39.907539000145746],[-75.250715999557627,39.907366000102286],[-75.250872000091562,39.907284999832221],[-75.251058999689306,39.907178000332479],[-75.25130700028474,39.907030999955133],[-75.251500999555191,39.906900999724265],[-75.251632999799668,39.906813999707602],[-75.251759000196358,39.906744000081254],[-75.251995000197908,39.90668799991527],[-75.252155999856399,39.906665000190713],[-75.252329999933664,39.906644000195755],[-75.252397999705721,39.90663599986781],[-75.252479999721501,39.906633000261415],[-75.252499999812983,39.906613999994882],[-75.252560000087442,39.906550000073736],[-75.253492000398083,39.905585000174739],[-75.252970999991163,39.905308999904754],[-75.251288000018164,39.904403000161516],[-75.251790000158493,39.903835000081351],[-75.253562999644871,39.901825999839183],[-75.255597000145485,39.899595999719701],[-75.25560999966595,39.899576000286473],[-75.255552999764532,39.899498999657467],[-75.255375000387616,39.89929100014826],[-75.255249999815845,39.899137000230752],[-75.255187999891547,39.89897900004518],[-75.255173999647852,39.898943000047893],[-75.255130999990158,39.898899000178709],[-75.255115000096623,39.898881999798803],[-75.2551069997007,39.898841999820625],[-75.255093000355316,39.898755999891797],[-75.255095000005142,39.89866599991489],[-75.255156000104506,39.89858499969673],[-75.255223999876563,39.898491000233946],[-75.255330000181786,39.898419999696451],[-75.255505999908877,39.898182999903106],[-75.255618000061858,39.897942999992466],[-75.255803999834711,39.897721999911418],[-75.255982000109938,39.897467999730175],[-75.256090000064987,39.897289999731257],[-75.256234999829928,39.897096999841196],[-75.256449999915091,39.896843000100176],[-75.256761000259715,39.896494999973967],[-75.25693399961375,39.896359000315798],[-75.257147000049088,39.896150000213709],[-75.257276999745443,39.895995000105572],[-75.257281999768296,39.895983999840006],[-75.257362000134236,39.895843999752095],[-75.257388999898424,39.895704000067362],[-75.257271999722562,39.895559999975092],[-75.25712299975963,39.895461000339232],[-75.256967000124035,39.895355999671104],[-75.256788999848794,39.895189000095307],[-75.256707999657948,39.895029999728941],[-75.256659000152439,39.894933000095833],[-75.256661999627198,39.894848000126878],[-75.256741000168219,39.894725999865564],[-75.256907999674482,39.894537999873748],[-75.257434000104269,39.894002999729572],[-75.257670999930724,39.893726999673802],[-75.257830999764309,39.893561999693993],[-75.258023000283231,39.893358999708518],[-75.258214000078937,39.893159000007429],[-75.258389999806028,39.892978000329741],[-75.258570999555999,39.892801999838284],[-75.258782000341512,39.892665999744189],[-75.258962000266578,39.89252200016135],[-75.259112000054401,39.892435999883268],[-75.259353999903738,39.8923969996655],[-75.259547000247579,39.892351000263744],[-75.259750999563778,39.892349000109292],[-75.259934999686791,39.89232500031855],[-75.260147000297195,39.89229600012947],[-75.260738000125997,39.892174000150206],[-75.26110700019693,39.892075999840131],[-75.261320999558862,39.891983999885703],[-75.261512000252893,39.891938000206792],[-75.26161299963691,39.891883999825154],[-75.261743000231561,39.891774000141417],[-75.261800000132979,39.891617999698283],[-75.261865000430305,39.891444000031051],[-75.261891000369573,39.891298999856161],[-75.262045000355357,39.890687999842363],[-75.262112000302508,39.890465000281125],[-75.262119999800106,39.890266999932848],[-75.262134999868721,39.890093000282555],[-75.262110999579292,39.889895999662073],[-75.262097000233894,39.889663999923322],[-75.262092000211027,39.889354999779883],[-75.262108000104547,39.889140999756414],[-75.262144999914483,39.888904999709588],[-75.262211999861634,39.888691999790495],[-75.262305999572959,39.888537000048203],[-75.262484999673092,39.888405999748159],[-75.262692000260643,39.8883430001882],[-75.262990000186491,39.888400999763313],[-75.263390000219573,39.888449000016308],[-75.263740000023915,39.888472999785563],[-75.26401200001051,39.88845699971057],[-75.264275999601139,39.888400999763313],[-75.264463000097209,39.888319999820183],[-75.264612999885031,39.888204999932299],[-75.264742999581358,39.888068000227598],[-75.264878000198905,39.887926999682101],[-75.264916999658638,39.887873000276365],[-75.265010000443382,39.88770599970043],[-75.265084000063226,39.88757800032095],[-75.26511300037555,39.887523999950965],[-75.265146999812416,39.887317000091734],[-75.265152999660202,39.887141999693199],[-75.265123000421283,39.886967000226541],[-75.265111999652305,39.886942999930064],[-75.265055999575821,39.886818999757807],[-75.26500100022254,39.886734000066049],[-75.264950999993829,39.886654999852595],[-75.264868999978063,39.886522999929731],[-75.264817000099526,39.886431000104714],[-75.26471900019024,39.88635600020099],[-75.264549000310922,39.886226000035656],[-75.264385000279404,39.886161999683416],[-75.264088000178475,39.886093999976104],[-75.263806999971067,39.886165999664115],[-75.262960000049247,39.886181000106539],[-75.26284000039864,39.886134999980051],[-75.262820000307173,39.886083999668799],[-75.262804000413652,39.886083000189402],[-75.262683000039814,39.886026000201305],[-75.262616999917583,39.885805000295179],[-75.262729999895498,39.885553999905802],[-75.263153000393103,39.885301000305304],[-75.264227000095659,39.885002000263086],[-75.264448000028594,39.884857999745222],[-75.264602000014364,39.884736999813427],[-75.264490999686288,39.884543999730944],[-75.264407999845616,39.884319999979049],[-75.26418400043795,39.884163000298351],[-75.262432999794569,39.883633999676128],[-75.261964999989416,39.883240000038619],[-75.261886000346706,39.883068999734569],[-75.26194599972284,39.882888999824509],[-75.262262999915251,39.882571999783821],[-75.263082000247991,39.882356000199543],[-75.264335999875598,39.88225800032972],[-75.264562999656306,39.882123000223451],[-75.265111999652305,39.881656999963909],[-75.265078000215453,39.88146199970091],[-75.265002999872365,39.88098300006267],[-75.264832000168141,39.880647000288405],[-75.263467000212458,39.878225999680005],[-75.26265499955241,39.876785999902459],[-75.26255900019126,39.876615000048908],[-75.262539000099778,39.876577999718087],[-75.262528000229125,39.876561000006539],[-75.262476000350588,39.876557999773155],[-75.262220000257543,39.876541999675148],[-75.261651000170062,39.876508000230046],[-75.261508999879851,39.876499000211901],[-75.261597999568295,39.876434000122394],[-75.261632999728405,39.87639800000386],[-75.261679999584061,39.876350999897326],[-75.261498000009198,39.876334000129503],[-75.261532000344374,39.87630399975852],[-75.26156699960616,39.876268000261206],[-75.261599000291525,39.876230000120152],[-75.261621000032832,39.876199999703665],[-75.261647999797006,39.876155999712537],[-75.261667000063582,39.876114999946068],[-75.261701000398773,39.876006000094627],[-75.261766999622708,39.876008000036535],[-75.261869999554875,39.876011999920195],[-75.261892000194479,39.875952000262203],[-75.261938000225243,39.875752000103844],[-75.261970000012298,39.875535000085861],[-75.261990999928685,39.875306000297613],[-75.262004000347474,39.875202000108231],[-75.262021000065928,39.874961000064069],[-75.262037999784368,39.874795000084681],[-75.262045000355357,39.874707000339647],[-75.262063999723608,39.874452999674517],[-75.262113000127428,39.874147000256862],[-75.262119999800106,39.87402000003906],[-75.26214800028751,39.873915000311136],[-75.262536999551642,39.873480000021409],[-75.262637999833984,39.873373000137562],[-75.263148000370236,39.873732999804467],[-75.263673999901698,39.874076999666492],[-75.263960999956865,39.874254999963895],[-75.264422999914231,39.874530000173635],[-75.264531999694171,39.874587999713576],[-75.264643999847152,39.874637000320817],[-75.264823999772233,39.874698000085161],[-75.264839999665753,39.874704000025162],[-75.265073000192572,39.874768999686005],[-75.265298000323469,39.874816999830948],[-75.265531999776883,39.874851999757418],[-75.265744000387301,39.874872000199844],[-75.265962999772114,39.874878000124617],[-75.266185000428266,39.874872000199844],[-75.266404999637984,39.874851999757418],[-75.266510999943208,39.874831999998577],[-75.266654999883244,39.874797999705763],[-75.26683399998339,39.8747480002584],[-75.267009999710481,39.874690000164343],[-75.270138999830024,39.873555999882633],[-75.270437999580764,39.873387000267151],[-75.270788000283446,39.873131999871504],[-75.271083999661144,39.872819000298797],[-75.271278999654811,39.872495000089017],[-75.271369000066485,39.872243999927747],[-75.271404000226596,39.871956000160353],[-75.271373000264447,39.871667999873125],[-75.271344999777057,39.87156000022933],[-75.271302000119334,39.87139099983257],[-75.270543000061068,39.868982999890314],[-75.270208000325312,39.867920999944424],[-75.270118999738528,39.867603999662244],[-75.270052999616283,39.867367000199536],[-75.270009999958589,39.867112999933418],[-75.270042999570549,39.866744999839455],[-75.269527999909755,39.864646999824728],[-75.271275000355175,39.864438000267683],[-75.272318999920486,39.864297999885018],[-75.276904000232321,39.863685000292911]]]},"properties":{"ZCTA5":"19153"}},{"type":"Feature","geometry":{"type":"Polygon","coordinates":[[[-75.169207000231992,39.949391000230158],[-75.169250999714592,39.949173999928846],[-75.167689000115431,39.948973999974555],[-75.167770000306277,39.948605000046165],[-75.167868000215563,39.948148999663715],[-75.168243999959202,39.948194000212702],[-75.16826999989847,39.948079000281325],[-75.168344000416624,39.948087999851715],[-75.168351000089316,39.948058999854318],[-75.168511999747807,39.948079000281325],[-75.168531000014369,39.947983999922677],[-75.168494000204461,39.947980000107677],[-75.168589999565611,39.947544000274497],[-75.168596000311709,39.947458000203582],[-75.168029999698959,39.947386000189177],[-75.168086999600362,39.947120000014522],[-75.168454999846389,39.947162999931606],[-75.168464999892151,39.947076000103429],[-75.168541999885036,39.946634000177745],[-75.168514000295943,39.946630000283761],[-75.168534000387439,39.946539999853343],[-75.168573999672091,39.946544999727294],[-75.168632000296725,39.946264000044728],[-75.168647000365326,39.946183000331175],[-75.168414999663426,39.946155000195375],[-75.16830099986062,39.946133999913805],[-75.168339000393772,39.945960000284344],[-75.168421000409538,39.945590999938297],[-75.16844300015083,39.945523999973645],[-75.168101999668991,39.945467999839821],[-75.167658999978187,39.945411999660116],[-75.167309999998736,39.945376999954945],[-75.167217999937222,39.945365000051936],[-75.166872000330812,39.945320999700805],[-75.16617400037191,39.945231000303082],[-75.16607999976226,39.945673000340228],[-75.165153000372797,39.945557000313954],[-75.165030000349162,39.946175999781794],[-75.165025000326281,39.946199999989922],[-75.165016999930373,39.946239999859003],[-75.165002999686664,39.94631099972397],[-75.164936999564432,39.946637000098036],[-75.164845000401243,39.946998999846578],[-75.164751999616499,39.947424000129722],[-75.164579000262449,39.948215999812248],[-75.164467999934374,39.948732999727952],[-75.164338000238033,39.949345999779979],[-75.164260000420214,39.949737000330863],[-75.164252000024305,39.949770999943794],[-75.164174000206501,39.950112999809406],[-75.164010999999888,39.950875999856635],[-75.163937000380045,39.951200999917575],[-75.163871000257785,39.951495000089558],[-75.163877000105572,39.951519999710939],[-75.163917000288535,39.951564000206837],[-75.163995999931259,39.951624999673712],[-75.164194000297982,39.951642999946252],[-75.164360999804259,39.951669000102058],[-75.164534000056605,39.951693999659845],[-75.164715999631497,39.951723000182156],[-75.164895999556549,39.951758999982346],[-75.1650549995652,39.951810000298025],[-75.165180000136985,39.95188400026997],[-75.165243999711095,39.951999999897282],[-75.165298999962673,39.952283999792954],[-75.165226000167749,39.952575999668532],[-75.165062999961123,39.953608000182847],[-75.163918000113455,39.953436000030777],[-75.163400000079605,39.953365999861042],[-75.16332300008672,39.953354999857403],[-75.163191999667148,39.953914000120733],[-75.163092999932942,39.954399999881581],[-75.162886000243716,39.955328999794872],[-75.162687999876994,39.956226999840574],[-75.162374000057639,39.957644999985838],[-75.16235999981393,39.957718999841731],[-75.162338999897543,39.957824999737767],[-75.162318999806033,39.957929999661133],[-75.162292999866764,39.958057999795592],[-75.162174999865996,39.958546999803254],[-75.162117999964593,39.958821000037688],[-75.16205799969012,39.959100999987356],[-75.161958999955928,39.959571000079727],[-75.16202500007816,39.959589000326666],[-75.1620900003755,39.959606999880343],[-75.163711000424229,39.959815000040443],[-75.165294999764711,39.960011999946381],[-75.165374000305746,39.959600000016238],[-75.16541799978836,39.959356999764367],[-75.165440000427992,39.959235000108514],[-75.165520999720528,39.958838999793521],[-75.165586999842745,39.958522999795761],[-75.165610000307311,39.958429999773294],[-75.16563799989639,39.958310999937638],[-75.165657999987872,39.958230000029381],[-75.167118000378125,39.958408000016014],[-75.167233000005851,39.958431000262827],[-75.167280999686426,39.958258999846066],[-75.167300999777908,39.958166000153099],[-75.167392999839421,39.957753000306958],[-75.167597000053917,39.956841000037798],[-75.167802999918237,39.955934999714621],[-75.16636500016763,39.954816000257757],[-75.166492000389226,39.954271999786521],[-75.166616000237781,39.953798000296409],[-75.166857000262212,39.952778999760156],[-75.166991000156514,39.952180999937994],[-75.167068000149413,39.9518359997017],[-75.167195000371009,39.951263000302568],[-75.167296999579946,39.950769000295402],[-75.167354000379675,39.950508999692239],[-75.167428999824409,39.95015599991109],[-75.16751699968799,39.94974399982722],[-75.167633999863853,39.949235000149748],[-75.169207000231992,39.949391000230158]]]},"properties":{"ZCTA5":"19102"}},{"type":"Feature","geometry":{"type":"Polygon","coordinates":[[[-75.168423000059349,39.930464999767139],[-75.168319000302262,39.930480000156479],[-75.167705999833856,39.930393999991992],[-75.167377999770807,39.930359000182492],[-75.167328000440406,39.930593000320485],[-75.167002999852073,39.930556999715471],[-75.166761000002751,39.93052199998931],[-75.166812999881273,39.930284999660316],[-75.166246000341928,39.930207000270691],[-75.165584000368028,39.930120000237302],[-75.16516599989329,39.930068000069525],[-75.164673999798694,39.929998000099197],[-75.164619000445427,39.93024500010808],[-75.164201999795594,39.930187000130303],[-75.164124999802695,39.930104999769078],[-75.163939999854762,39.930217000338722],[-75.163684999586636,39.929950000019168],[-75.163662000020423,39.92989599997496],[-75.163503999836664,39.929830000016217],[-75.163360999721533,39.929834999733529],[-75.163091000283103,39.929791999948456],[-75.162754999824131,39.929747999916145],[-75.162707999968475,39.929977999897744],[-75.162650000242138,39.929970000228799],[-75.162644000394366,39.930002000276581],[-75.162364999836797,39.929960000124737],[-75.161753999916513,39.929879999928218],[-75.161799000122372,39.929624000048719],[-75.161528999785631,39.929590000068053],[-75.161202000445769,39.929545999905905],[-75.161153000041992,39.929808000015811],[-75.16023400015014,39.929687000231638],[-75.160286999853582,39.929424000122523],[-75.159956000315788,39.92937999985368],[-75.159655000016912,39.929339999772615],[-75.159593999917533,39.929601999982111],[-75.158607000253625,39.929468999898532],[-75.158664999979962,39.929212000320547],[-75.158392999993367,39.929176999906673],[-75.158163999664509,39.929145000162109],[-75.158112999610907,39.929354000182499],[-75.157799999616458,39.929314000086251],[-75.157750000286057,39.929308000104243],[-75.157745000263176,39.929330999802801],[-75.157416000375207,39.929287999701188],[-75.157366000146496,39.929279999951611],[-75.15740899980419,39.929095999943009],[-75.157404999606229,39.929040999683444],[-75.156836000417059,39.928969000266321],[-75.156576000126066,39.928934999960326],[-75.156544000339025,39.92910699971408],[-75.156414999569279,39.929091999712682],[-75.156391000178161,39.929202000105697],[-75.155970000228663,39.929145999702271],[-75.155981999924222,39.92909700017276],[-75.155795000326492,39.929071999935395],[-75.155747999572512,39.929062999930345],[-75.155795000326492,39.928836000330577],[-75.155273999919572,39.928762999774349],[-75.154923000290296,39.928716999987827],[-75.154864999665662,39.928981000289241],[-75.154058999751712,39.928874999784341],[-75.154114000003304,39.928611999999852],[-75.15370700029753,39.928558999826642],[-75.1533890002802,39.928514999690677],[-75.153337000401677,39.928760999993955],[-75.152333000121004,39.928630999674986],[-75.152391999672219,39.928373999706352],[-75.152130999556334,39.928336000208084],[-75.151784999949925,39.928291999928796],[-75.151732000246469,39.92855200022958],[-75.150811999631401,39.92841999972336],[-75.150614000162989,39.928390999656337],[-75.150706000224488,39.928156000013914],[-75.15025599996271,39.928097000088393],[-75.150148000007661,39.928368999882345],[-75.149521000193872,39.928231000324551],[-75.149344999568456,39.928208000256404],[-75.149305000283803,39.928316999762139],[-75.149202000351636,39.928282999821192],[-75.14921900007009,39.928237999954376],[-75.149118999612639,39.928203999974187],[-75.149138999704135,39.928151999728705],[-75.14897899987055,39.928104999976213],[-75.148951000281471,39.928174000261322],[-75.148896999854799,39.928157999812036],[-75.148988999916298,39.927932999771457],[-75.148701000036212,39.927896000275702],[-75.148151000215307,39.927821000286933],[-75.148128999575675,39.927888999921969],[-75.148092999590659,39.927982999691274],[-75.14804800028314,39.927977000281501],[-75.148044000085179,39.927986999986409],[-75.147843000243739,39.927946999780211],[-75.147798000037895,39.927943000171631],[-75.147760000403053,39.927935000264924],[-75.147745000334439,39.927946000222548],[-75.147692999557592,39.928081000309994],[-75.146940000245408,39.927862999684557],[-75.146984999552942,39.927664999936816],[-75.146664999885786,39.927622999728875],[-75.14641100034089,39.927589999694966],[-75.146279999921333,39.927573000234958],[-75.146090999775453,39.92754800012986],[-75.145012000050016,39.927396000176245],[-75.144923000361544,39.927383999875438],[-75.144779000421508,39.927364999854198],[-75.144757999606796,39.927493000004326],[-75.144704999903354,39.92774900027549],[-75.144653000024817,39.92798399993729],[-75.144584000427855,39.928228999839732],[-75.144494000016167,39.928543000156218],[-75.144483999970419,39.92857899975386],[-75.144431000266977,39.928765999789327],[-75.144357999573728,39.929031000132483],[-75.144298000197566,39.929296000138649],[-75.144191000067451,39.929802000077103],[-75.144013999617144,39.930457000155116],[-75.143873000050135,39.931112999676628],[-75.143596000040716,39.932412999727134],[-75.143418999590381,39.933221999715137],[-75.143155999824657,39.933332999838534],[-75.142869999594382,39.933304999954728],[-75.142159999939892,39.933206999926703],[-75.141205999887958,39.933076999785456],[-75.141204000238133,39.933105999933709],[-75.141378000315413,39.933129999904622],[-75.141911000417878,39.933201000285926],[-75.141810000135536,39.933681999668046],[-75.141744000013304,39.933673000269131],[-75.141779000173401,39.933522000304613],[-75.141749000036171,39.933516000002669],[-75.141740999640248,39.933551000264359],[-75.141675000416342,39.933540999994626],[-75.140866000129336,39.933430000208567],[-75.140846000037854,39.933439000328221],[-75.140733999884844,39.934007000129434],[-75.141881000280648,39.934156000089985],[-75.141882999930473,39.9342140001487],[-75.141877000082687,39.93426300014815],[-75.141875000432861,39.934310999958917],[-75.141877999907607,39.934357000119107],[-75.141882999930473,39.934400999943932],[-75.141893999801127,39.934441999974432],[-75.141913999892623,39.934479000064819],[-75.141949000052705,39.934508999769733],[-75.141979000189949,39.934540000300551],[-75.142012999626814,39.934558999707924],[-75.142056000182833,39.93457799979884],[-75.142098999840528,39.934586999767539],[-75.142103999863409,39.934698999891545],[-75.142056000182833,39.934740999890757],[-75.142338000215148,39.934832000145093],[-75.142469999561314,39.934836000039979],[-75.142561999622828,39.934846000120487],[-75.142585000087351,39.934851000160222],[-75.142308000077904,39.935373999955779],[-75.142152000442294,39.935793000024489],[-75.142109999711181,39.936103000262094],[-75.142089999619714,39.936225999976209],[-75.14210899988629,39.937956999838093],[-75.141774000150534,39.937947000212098],[-75.141727000294864,39.93794500001124],[-75.141220999956573,39.937894999791702],[-75.141183000321732,39.937887999771824],[-75.141138999940807,39.937878000135804],[-75.141142000313863,39.938022000126352],[-75.141502999988859,39.938072000253086],[-75.141645000279098,39.9381070002512],[-75.141743000188384,39.938141000133783],[-75.141816999808242,39.938177000193662],[-75.141851000143433,39.938220000221243],[-75.141836999899724,39.938264999724588],[-75.141790000044054,39.938285999666377],[-75.141722000271983,39.938283000068701],[-75.141677000066153,39.938304000004962],[-75.140003000313968,39.938003999713636],[-75.139983000222486,39.938023000225662],[-75.139988000245367,39.938249999663832],[-75.139995999742979,39.93826900010761],[-75.140020000032393,39.938278999686496],[-75.141920999565301,39.938629999960028],[-75.141925999588182,39.938869999893662],[-75.1418079995874,39.938875000328132],[-75.141800000089788,39.939029999840933],[-75.140045000146756,39.938755000130932],[-75.140024000230355,39.938762000062127],[-75.14000999998666,39.93878000027545],[-75.140019000207502,39.939078999836077],[-75.140047999621501,39.939092000236499],[-75.141815999983322,39.939377000076966],[-75.141821000006189,39.939563000151956],[-75.141930999611034,39.939562000075149],[-75.1419540000756,39.940737999727588],[-75.142030000243565,39.940745000144688],[-75.14209100034293,39.940750999812884],[-75.142142000396561,39.940756000109893],[-75.142210000168632,39.940761999777116],[-75.142230000260099,39.940763999895644],[-75.142384000245897,39.940779000094082],[-75.142801999822311,39.940818000319126],[-75.143104999771026,39.94084800000028],[-75.142961999655896,39.942439000128374],[-75.14260900037678,39.944210000223336],[-75.142862999921689,39.944242999819963],[-75.142959000181165,39.944255999928046],[-75.143334999924789,39.94430600032058],[-75.143365999886953,39.944145000303401],[-75.143520999697643,39.943453000326002],[-75.143641000246546,39.942884999720562],[-75.145105999761356,39.943067999825445],[-75.145243000028699,39.943087000308836],[-75.145380000296058,39.943106000098219],[-75.145597999855937,39.94313400010445],[-75.145818999788872,39.943162000099235],[-75.145819999613792,39.942950000148798],[-75.146151000049898,39.942985999744849],[-75.146275999723372,39.943005000251013],[-75.146284000119294,39.94295700033959],[-75.146365000310141,39.942967999949197],[-75.14648800033379,39.942982000326374],[-75.14653699983927,39.942759000176729],[-75.146904000260392,39.942805000168292],[-75.146832000290388,39.943163000123477],[-75.147216000429935,39.943203999725583],[-75.147188999767437,39.943334999935935],[-75.147838000220858,39.943411000163842],[-75.148763999785416,39.943523000309504],[-75.148946000258604,39.942627000209001],[-75.150538999819929,39.942821999977674],[-75.150425999842028,39.94334900023803],[-75.150338999803381,39.94372999978259],[-75.150451999781282,39.943681999691051],[-75.150522000101475,39.943691999856384],[-75.150552000238719,39.943549000108028],[-75.150999999952376,39.943605999764188],[-75.151013000371165,39.943549000108028],[-75.15107799977018,39.943557000255971],[-75.151119999602969,39.943356999720613],[-75.151332000213401,39.943384000291864],[-75.151491000222052,39.943400999957383],[-75.151646999857675,39.943422999720852],[-75.151805000041406,39.943442000105648],[-75.151962000400246,39.943461999816272],[-75.152025999974342,39.943454999677208],[-75.151980999768497,39.943649999840879],[-75.151970999722764,39.943694999905688],[-75.15206799980713,39.943672000212992],[-75.152384000174635,39.943713000198812],[-75.152376999603632,39.943744000003846],[-75.152463999642251,39.943756000191179],[-75.152487999931708,39.9436439997382],[-75.152549999855978,39.943652999892066],[-75.152527000289766,39.943760000253135],[-75.152636000069705,39.943780999886016],[-75.152889999614615,39.94381499970428],[-75.152904999683216,39.94374700005087],[-75.152961999584633,39.943759000237669],[-75.152958000284983,39.943778999855681],[-75.153020000209267,39.943786999976673],[-75.153016000011306,39.943807000275228],[-75.153083999783377,39.94381499970428],[-75.153096000377246,39.943753000144554],[-75.153163000324398,39.943763000299512],[-75.153356999594848,39.943787999991784],[-75.153345999724181,39.943841000080518],[-75.153544999915823,39.943888000046968],[-75.153595000144534,39.943664000078499],[-75.153662999916605,39.94367500026317],[-75.154477000226464,39.943781999901162],[-75.155169000337594,39.94386499973038],[-75.155144000223245,39.943987999955979],[-75.155688000196378,39.944066000169201],[-75.155738000425089,39.943834999994593],[-75.156764000447055,39.943964999673014],[-75.156729000286944,39.944120000052841],[-75.156836000417059,39.944136000214257],[-75.157516999759238,39.944214000258754],[-75.157505999888585,39.944272000057659],[-75.158239000007597,39.944358000001387],[-75.158288000411389,39.944354999981158],[-75.158248000228411,39.944546000318795],[-75.158346000137726,39.944558999680581],[-75.158407000237091,39.944565999706697],[-75.15841899993265,39.944513000179548],[-75.158500000123496,39.944524000227766],[-75.158522999689723,39.944402000283134],[-75.158587000162143,39.944411000337283],[-75.158557000024913,39.94454400031082],[-75.158628999994946,39.944553999661444],[-75.158658000307241,39.944418999695721],[-75.158930000293807,39.944453999890968],[-75.158907999654204,39.944552000342419],[-75.15896999957846,39.944558999680581],[-75.158991000393172,39.94446199993309],[-75.159111000043779,39.944477000009549],[-75.159092999602123,39.944560999688115],[-75.159155000424718,39.944567999714032],[-75.159160000447585,39.944543000306808],[-75.159261999656508,39.944555999669113],[-75.159256999633641,39.94457999975689],[-75.159357000091077,39.944592999800889],[-75.159363999763755,39.944559999684358],[-75.159414999817386,39.944565999706697],[-75.159425999688054,39.944518000201683],[-75.159730000359986,39.944556999672933],[-75.15971399956814,39.94463099991539],[-75.159733999659622,39.944632999920827],[-75.159732000009797,39.944648999962261],[-75.159840999789736,39.944662999995415],[-75.159867999553924,39.94454400031082],[-75.159938999699023,39.944557999676746],[-75.160284000378851,39.944596999813967],[-75.160651999726568,39.944638999936814],[-75.160619000114593,39.944804000169867],[-75.160732999917428,39.944823000171162],[-75.160756000381951,39.944717000096574],[-75.16097599959167,39.94474800013537],[-75.160968000094059,39.944788000164721],[-75.161200999722567,39.944824000171074],[-75.161190999676819,39.944872000150177],[-75.161404000112142,39.944897000125899],[-75.16187100009239,39.944953000038439],[-75.162194999957478,39.94499699993758],[-75.162227999569438,39.944852000162953],[-75.162575999723998,39.944895000128191],[-75.162754999824131,39.94491700009992],[-75.162680000379382,39.945266000082924],[-75.162937000297333,39.945298999858927],[-75.163010999917162,39.944963000017999],[-75.1630689996435,39.944990999952992],[-75.16344799976018,39.945037999818105],[-75.164024000418664,39.945109000241786],[-75.164067000076372,39.945151000050373],[-75.164381999720646,39.945197999805572],[-75.164322000344498,39.945468999830318],[-75.164996000013971,39.945555000335496],[-75.165071000357031,39.945555000335496],[-75.165153000372797,39.945557000313954],[-75.165303999985539,39.944842000167178],[-75.165340999795475,39.944663999997722],[-75.165432999856975,39.944231999726611],[-75.16546399981911,39.944089999740143],[-75.16546600036726,39.944076000278415],[-75.1655750001472,39.943664000078499],[-75.165672000231567,39.943200000319848],[-75.165777999638465,39.942785000265573],[-75.165822999844323,39.942532999888897],[-75.165846000308846,39.942409999802535],[-75.165987999700761,39.941819999909001],[-75.166203999610829,39.940813000026587],[-75.166274999755942,39.940440999967727],[-75.166360000144735,39.940029999989505],[-75.166465999551633,39.939537000216326],[-75.166569000382111,39.939061999785487],[-75.166816000254329,39.937868999911103],[-75.166966999867071,39.93718799967877],[-75.167083000218,39.936742000147703],[-75.167303000326044,39.935695000114926],[-75.167639999711625,39.934149999843576],[-75.167879000086216,39.932933999895994],[-75.168150000247877,39.931700999885763],[-75.168423000059349,39.930464999767139]]]},"properties":{"ZCTA5":"19147"}},{"type":"Feature","geometry":{"type":"Polygon","coordinates":[[[-75.156508000354023,40.031111000009837],[-75.156513000376876,40.030456999850145],[-75.156498000308275,40.03037999997828],[-75.156498000308275,40.030140000070062],[-75.156381000132399,40.03012900004255],[-75.156062000290177,40.030088999739988],[-75.156219999575612,40.029376000196358],[-75.156330999903687,40.028818999778295],[-75.155961000007821,40.028767999836269],[-75.155170999987419,40.028674000342271],[-75.15528399996532,40.028173000217528],[-75.15537600002682,40.027682000112669],[-75.155454999669544,40.027298999692796],[-75.15550200042351,40.02706900030023],[-75.15569400004415,40.026129999693367],[-75.155360000133314,40.026323999785063],[-75.154488999922037,40.026777999694346],[-75.154175000102683,40.026930000255483],[-75.153905999590847,40.026938999762201],[-75.154011999896056,40.02644499986075],[-75.154063999774593,40.026197999944294],[-75.154124000049052,40.025918999960098],[-75.154245000422861,40.025633999737529],[-75.153760999825892,40.025870999796005],[-75.153282000150071,40.02612699982236],[-75.150934999655036,40.02579899983045],[-75.151006999625068,40.025496999911596],[-75.150216999604638,40.025404999743508],[-75.149983999976143,40.025390000227731],[-75.149552000156007,40.024785000041206],[-75.149486000033775,40.025072000086809],[-75.148687999617422,40.024961000298617],[-75.148753999739654,40.024670999851033],[-75.147894000297356,40.024553000008709],[-75.14691199975799,40.024427999859846],[-75.146506999702041,40.024378999810509],[-75.146417000188663,40.024780999904991],[-75.145725999902467,40.024692000081401],[-75.145626000343341,40.024674999993643],[-75.145504000144612,40.024653999758037],[-75.14546499978654,40.0248309998709],[-75.145146999769239,40.024787999971217],[-75.145191000150177,40.024588999970589],[-75.144829999576828,40.024550000068309],[-75.144709000101301,40.024537000095968],[-75.144051000325376,40.024446000220038],[-75.143939000172367,40.024430999805553],[-75.143262999954786,40.024338000051102],[-75.142587999562068,40.024245000169827],[-75.142481000330264,40.02420799981202],[-75.142556999599947,40.02386700012444],[-75.141770999777492,40.02376299992293],[-75.141420000148202,40.025356999905625],[-75.140637999625397,40.025262000327608],[-75.140979000107237,40.023666999966586],[-75.140193000284782,40.023566000131872],[-75.13936700027935,40.02345900017113],[-75.138418000250255,40.023328000093535],[-75.138077999593321,40.02492700025303],[-75.138557000167438,40.024991999718445],[-75.138475000151672,40.025440999943648],[-75.138236999601986,40.026481999693218],[-75.138210999662704,40.026596999788119],[-75.137932999828365,40.027896999849588],[-75.137923999607523,40.027980000040287],[-75.137858000383616,40.028278000041773],[-75.137800999583888,40.028549000177826],[-75.137782000215637,40.028637000322966],[-75.137598000092623,40.029476999683737],[-75.137090999929399,40.029411999676647],[-75.137027000355303,40.029737999913976],[-75.137490999962495,40.029802000165816],[-75.13722099962574,40.031019999961394],[-75.137086999731437,40.031625999983916],[-75.13707900023384,40.031668000283062],[-75.136618000101393,40.031589000190188],[-75.136555000352203,40.031867999682575],[-75.136485999856916,40.032184999685597],[-75.136413999886884,40.032510000333311],[-75.136327999673171,40.032919999978212],[-75.136244000007565,40.033293999746],[-75.136211000395619,40.033431999811768],[-75.13634000026704,40.033447999701657],[-75.136679000200758,40.033485999940893],[-75.137018000134475,40.033519999847428],[-75.137358999718018,40.033544000337727],[-75.137701000024776,40.033556999969207],[-75.13838700028812,40.033573999906928],[-75.138728999696568,40.033574999984062],[-75.139070000178421,40.033561000278631],[-75.139409000112138,40.033525000236885],[-75.139464000363716,40.033516000223486],[-75.139492999777715,40.033554999814442],[-75.139718999733532,40.03386799993919],[-75.139683999573421,40.033885999871906],[-75.139406999563988,40.034039999866408],[-75.138855000093272,40.034352999828698],[-75.138800999666586,40.034383999795132],[-75.138583000106706,40.034512999836871],[-75.138316999967927,40.034677999774594],[-75.138128999646952,40.034804999829916],[-75.138060000049975,40.034851999839205],[-75.137819000025544,40.035038000128836],[-75.137588000046861,40.035232999699232],[-75.137367000113926,40.035433999699201],[-75.137153999678588,40.035641000075735],[-75.136950000362418,40.035851999998989],[-75.136753999645521,40.0360680001601],[-75.136567000047762,40.03628899982386],[-75.136479000184224,40.036397999677533],[-75.13638600029779,40.03651300024918],[-75.136211000395619,40.036739000000104],[-75.136052000386968,40.036971999881324],[-75.135956999952413,40.037139000109306],[-75.135746000065197,40.037550000143504],[-75.135575000360987,40.037875999998683],[-75.135443999941401,40.03818300018002],[-75.135257000343671,40.038640000257857],[-75.135113000403621,40.03907400010884],[-75.135029999664624,40.039453999773535],[-75.134966999915434,40.039755999795808],[-75.134899000143363,40.040179000326873],[-75.134867000356309,40.040497000188282],[-75.134843999891785,40.040766999944573],[-75.134822999975384,40.041000999785503],[-75.134800000409157,40.04130699968831],[-75.134790000363424,40.041460000156341],[-75.134776000119729,40.041574999756165],[-75.134756999853167,40.041758999675281],[-75.13475000018046,40.041836999722889],[-75.134731999738804,40.042100000010372],[-75.134724000241192,40.042362000022884],[-75.134720000043231,40.042626000292778],[-75.134725999891032,40.043240999762638],[-75.134728000439154,40.043415999917421],[-75.134726999715923,40.044731999867643],[-75.134725999891032,40.044850999784963],[-75.134726999715923,40.044994999990799],[-75.134725999891032,40.045257999787097],[-75.134725999891032,40.045784999672314],[-75.134724000241192,40.046134000333119],[-75.134723000416272,40.04736399989082],[-75.134718000393391,40.04841700030051],[-75.134714000195444,40.04867999996042],[-75.134704999974616,40.048930999696196],[-75.135042000258508,40.04895399972434],[-75.136383999749654,40.049325999879748],[-75.137422000365532,40.04959199968507],[-75.138480000174539,40.049878000029047],[-75.139245999905512,40.050075999987371],[-75.140018000382582,40.050277000242382],[-75.141046999879308,40.05041600015069],[-75.141138000115888,40.050421999818809],[-75.142032999718296,40.050538999773856],[-75.142084999596833,40.050545999946998],[-75.142164000137853,40.050556000291323],[-75.142214000366579,40.05056299977506],[-75.143594000390891,40.05073900021339],[-75.14384100026308,40.050771000119227],[-75.144638999781122,40.050870999728197],[-75.145427999976633,40.050973000209602],[-75.145916999698173,40.051038000295222],[-75.146221000370105,40.051074999850776],[-75.147003999819518,40.051174999701331],[-75.148578000012563,40.051383000240804],[-75.149451999698584,40.051492999846332],[-75.149563999851566,40.051506999995922],[-75.149626999600756,40.051492999846332],[-75.1496719998066,40.0514709998019],[-75.149773999913847,40.051369999881857],[-75.149999999869664,40.051498000292973],[-75.150142000159889,40.051577999826243],[-75.150292999772617,40.051646999958464],[-75.150471999872778,40.051729000313792],[-75.150554999713449,40.05165300020586],[-75.150680000285249,40.051613999963742],[-75.151148000090373,40.051635000149766],[-75.151733999896294,40.051672999880587],[-75.151865000315865,40.051678000314034],[-75.152989000247118,40.051741999916636],[-75.153101000400127,40.050412000142465],[-75.153153000278664,40.049847000230059],[-75.153174000195051,40.049484000137468],[-75.15323500029443,40.048841999753172],[-75.153437999785695,40.04852400030552],[-75.153488999839325,40.048346999788635],[-75.153527000372478,40.047984999825637],[-75.153563000357479,40.047677999767622],[-75.153605000190268,40.047280000033311],[-75.153691000403995,40.046549999909793],[-75.153751999605049,40.045789999850065],[-75.153662000091686,40.045754000075021],[-75.153672999962339,40.045596000111544],[-75.153436999960775,40.045587000315848],[-75.153447999831428,40.045440000275811],[-75.153476000318847,40.045276000151816],[-75.153406999823559,40.045271999841908],[-75.153491000387461,40.044490999658848],[-75.153827999773043,40.044501000203795],[-75.153883000024621,40.043658999658589],[-75.1539109996137,40.043292999820189],[-75.153945999773811,40.042752000045553],[-75.153827999773043,40.042752999988096],[-75.153763000374013,40.0427620001579],[-75.153683000008087,40.042784000262316],[-75.153725999665795,40.04250699993031],[-75.15366100026678,40.042504000091917],[-75.153472999945791,40.042197000108764],[-75.153498999885073,40.041885000342631],[-75.153559999984438,40.041144999870369],[-75.153938000276213,40.041344999674763],[-75.153960999842425,40.041066999718858],[-75.154067999972554,40.041015999994812],[-75.153889999697313,40.040930999911382],[-75.15372300019105,40.040841999839962],[-75.153944000124,40.039837000027461],[-75.154226000156285,40.03987200019121],[-75.154325999715411,40.039892999868137],[-75.15441500030218,40.039493000095291],[-75.155001000108101,40.036749000306571],[-75.155057000184584,40.036520999833151],[-75.155181000033153,40.036365999902586],[-75.155518000317059,40.036101000114925],[-75.155426000255531,40.035959999821188],[-75.155329000171179,40.035715000061238],[-75.155304000056816,40.035515000250314],[-75.155325999798109,40.035299999765058],[-75.155818999717624,40.033075000174996],[-75.155822000090666,40.032876999674841],[-75.155791000128517,40.032690000279622],[-75.155721999633229,40.032502000278839],[-75.155642000165614,40.03234700015549],[-75.155515999768923,40.032183000178435],[-75.154775999977204,40.031451999942774],[-75.156508000354023,40.031111000009837]]]},"properties":{"ZCTA5":"19141"}},{"type":"Feature","geometry":{"type":"Polygon","coordinates":[[[-75.176757999558433,40.050200999890606],[-75.17635599987554,40.049942999783596],[-75.175114999768397,40.05114299998516],[-75.174593000434896,40.050807999819725],[-75.17478199968248,40.050621000086913],[-75.173883999707016,40.050058000202455],[-75.173260000266254,40.05066699968269],[-75.172887999822265,40.050430999663767],[-75.172657999668488,40.050059000037841],[-75.172182000365751,40.049259999689752],[-75.171985999648868,40.049450999783119],[-75.171590999638653,40.04920300013066],[-75.171666999806632,40.049130000191397],[-75.171445000048777,40.04898400007832],[-75.171095000244406,40.049329999951702],[-75.170884000357219,40.04919900005126],[-75.17071399957959,40.049096999665657],[-75.170603999974716,40.049029000240715],[-75.170326999965283,40.048346999788635],[-75.17001700034389,40.047592999737859],[-75.169911999863587,40.047342999764233],[-75.169794999687724,40.047095000006749],[-75.169778999794204,40.047059000233169],[-75.169147999782439,40.047665999947839],[-75.168630999573494,40.047304999682467],[-75.168580000418174,40.047269000019789],[-75.168407999990734,40.047202000023887],[-75.168073000254978,40.046992000030912],[-75.168018999828291,40.046953999753434],[-75.167966999949769,40.046917000023988],[-75.168081999577495,40.046806999910388],[-75.16738500034181,40.046377999903314],[-75.167305999800774,40.046341999751078],[-75.167226000333144,40.046306000267549],[-75.166515999780358,40.045864999721509],[-75.166452000206249,40.04581900032364],[-75.166382999710962,40.045770999722805],[-75.166068999891621,40.045575000128004],[-75.165789000407443,40.045401999820953],[-75.1653850001764,40.045809999869682],[-75.164830000332614,40.045468000307913],[-75.164575999889408,40.045312000179273],[-75.164708000133871,40.045174999992319],[-75.164554000148101,40.04507999982151],[-75.164719999829444,40.044926999912391],[-75.164938000287648,40.044714999960718],[-75.16491200034838,40.044691999877678],[-75.165200000228467,40.044408000305694],[-75.164974000272665,40.044263000314963],[-75.164389000291649,40.044841999890913],[-75.16406399970333,40.044623000269659],[-75.1639690001671,40.044576000117949],[-75.16390600041791,40.044544999970853],[-75.163821000029088,40.044494000097529],[-75.163872999907611,40.044443000186106],[-75.16365100014977,40.044315000280719],[-75.163595999898178,40.044275999966253],[-75.163553000240483,40.044246000291153],[-75.163276000231036,40.044074999896353],[-75.163227999652165,40.044120999783324],[-75.162994000198736,40.04396899970974],[-75.162937000297333,40.043930999810371],[-75.162872999824913,40.043888000260552],[-75.162845000235819,40.043917000167838],[-75.161787000426798,40.043252999673655],[-75.161583000212303,40.043129000033012],[-75.161526000310886,40.043093000228247],[-75.161472999709119,40.043059000280508],[-75.161516000265152,40.043015000242136],[-75.161452999617651,40.042986999890282],[-75.161512999892096,40.04292899995999],[-75.161288999586105,40.04279299974025],[-75.161471999884213,40.042617000105018],[-75.161183000179221,40.042443999856665],[-75.161062999630303,40.042559999805327],[-75.160763999879563,40.04237799988077],[-75.161004000079075,40.042145999854476],[-75.160701999955279,40.04194499969438],[-75.16018800011939,40.041603000000165],[-75.16008799966194,40.041599000162492],[-75.159271999702256,40.041108999705727],[-75.158675000025696,40.041690999807884],[-75.158341000114845,40.042021000310427],[-75.158357999833271,40.041486999798735],[-75.157951000127511,40.041258000072688],[-75.156985000379976,40.040771999802615],[-75.15630699961423,40.040434000320587],[-75.15633900029961,40.041274000189652],[-75.155998999642676,40.04127800004634],[-75.155351999737391,40.041279000010498],[-75.155063000032385,40.041262999894712],[-75.154734999969321,40.04121700014263],[-75.154411000104218,40.041131000343512],[-75.154067999972554,40.041015999994812],[-75.153960999842425,40.041066999718858],[-75.153938000276213,40.041344999674763],[-75.153559999984438,40.041144999870369],[-75.153498999885073,40.041885000342631],[-75.153472999945791,40.042197000108764],[-75.15366100026678,40.042504000091917],[-75.153725999665795,40.04250699993031],[-75.153683000008087,40.042784000262316],[-75.153763000374013,40.0427620001579],[-75.153827999773043,40.042752999988096],[-75.153945999773811,40.042752000045553],[-75.1539109996137,40.043292999820189],[-75.153883000024621,40.043658999658589],[-75.153827999773043,40.044501000203795],[-75.153491000387461,40.044490999658848],[-75.153406999823559,40.045271999841908],[-75.153476000318847,40.045276000151816],[-75.153447999831428,40.045440000275811],[-75.153436999960775,40.045587000315848],[-75.153672999962339,40.045596000111544],[-75.153662000091686,40.045754000075021],[-75.153751999605049,40.045789999850065],[-75.153691000403995,40.046549999909793],[-75.153605000190268,40.047280000033311],[-75.153563000357479,40.047677999767622],[-75.153527000372478,40.047984999825637],[-75.153488999839325,40.048346999788635],[-75.153437999785695,40.04852400030552],[-75.15323500029443,40.048841999753172],[-75.153174000195051,40.049484000137468],[-75.153153000278664,40.049847000230059],[-75.153101000400127,40.050412000142465],[-75.152989000247118,40.051741999916636],[-75.151865000315865,40.051678000314034],[-75.151733999896294,40.051672999880587],[-75.151148000090373,40.051635000149766],[-75.150680000285249,40.051613999963742],[-75.150554999713449,40.05165300020586],[-75.150471999872778,40.051729000313792],[-75.150989000081708,40.051967000266536],[-75.150943000050958,40.052265999774697],[-75.150542000192971,40.052246000273975],[-75.150512000055741,40.052461000271961],[-75.150503999659804,40.052516000258443],[-75.150495000337301,40.052582999844489],[-75.150471999872778,40.052751000138358],[-75.150434000237937,40.053029999686913],[-75.150419000169322,40.053106000322252],[-75.150401999552571,40.0531950001985],[-75.150306000191421,40.053843000205646],[-75.150200999711117,40.054560999942858],[-75.1501920003886,40.054682000114326],[-75.150183000167758,40.054797000100891],[-75.150122000068393,40.05520800026639],[-75.149989999823916,40.056163000051939],[-75.149974999755301,40.056243000297684],[-75.149961000409917,40.056319999843808],[-75.149896999937511,40.056896999987472],[-75.149890000264804,40.056949999675837],[-75.149850999906761,40.057256000184097],[-75.14977999976162,40.057253000307156],[-75.149749999624419,40.057536999993317],[-75.149287999667052,40.057519000116137],[-75.148891999831932,40.057499000094232],[-75.14868199976965,40.057486999940735],[-75.148484000301238,40.058394999854698],[-75.14921900007009,40.05843200022921],[-75.149060999886316,40.058571000007113],[-75.148943999710454,40.058828999768281],[-75.148822000410036,40.059121000131732],[-75.149106000092175,40.059542000058904],[-75.148747999891881,40.060391999893561],[-75.148701000036212,40.060493000193901],[-75.148629000066194,40.060646000227543],[-75.148525000309121,40.060698000070914],[-75.148752999914763,40.060968000259017],[-75.148673000447118,40.061028000002707],[-75.148574999639521,40.061143000280545],[-75.14836399975232,40.062037000244686],[-75.148320000269706,40.062234999942049],[-75.148306000026011,40.06229499994506],[-75.148193000048096,40.062763999866768],[-75.147861999612005,40.06274700033206],[-75.147707999626206,40.062736000064675],[-75.147649000074964,40.063009999695844],[-75.1481639997358,40.063036000095416],[-75.147996000404618,40.063798000312133],[-75.147967000092294,40.063892000199466],[-75.147471999624642,40.063828999952896],[-75.147352999798954,40.064370999819801],[-75.147239999821053,40.06485700027536],[-75.147131000041114,40.065376000235382],[-75.147022000261174,40.065892000182266],[-75.14691199975799,40.066383000141364],[-75.147368999692503,40.066441000051235],[-75.147218000079761,40.067151999887855],[-75.147115999972499,40.067178999665735],[-75.147022000261174,40.06719800001229],[-75.146920000153926,40.067217999937142],[-75.146802000153144,40.06723100002268],[-75.146734000381073,40.067237999856182],[-75.146683000327471,40.06754700033337],[-75.147644000052111,40.06809599992625],[-75.148331000140359,40.068485000257823],[-75.149573999897314,40.069186999954631],[-75.150002000417814,40.069423999878616],[-75.150718999744981,40.069828000243916],[-75.15159599980403,40.07032799998494],[-75.151886000232267,40.070488000116804],[-75.152184999982993,40.070656000263178],[-75.152755999720313,40.070980000160972],[-75.153333000203716,40.071309000260193],[-75.154076000368462,40.071732000213053],[-75.154344000157081,40.071427999831585],[-75.154474999678328,40.071283999792357],[-75.154699999809225,40.071240000101547],[-75.155212999820208,40.071150000207979],[-75.155275999569412,40.071057999766154],[-75.15575699979334,40.070534000050777],[-75.155744000272861,40.070486999893696],[-75.155488000179815,40.07035400034129],[-75.155432999928237,40.070238000261178],[-75.155690999671094,40.07014899995913],[-75.156532999570061,40.069704999688781],[-75.156278000200246,40.069458999974422],[-75.156330000078782,40.069376000091104],[-75.156288000245993,40.069259999720337],[-75.156920000082664,40.069160000285194],[-75.157447000337342,40.069066000104783],[-75.157475999751341,40.069157000244843],[-75.157573999660656,40.069477999685013],[-75.158964999555607,40.069239999707555],[-75.158879000240191,40.068949000335323],[-75.15886199962344,40.068815000281937],[-75.159111000043779,40.06856600003681],[-75.159135000333222,40.068523000217048],[-75.159017000332454,40.06846699983555],[-75.159624999879668,40.068023000288036],[-75.16017100040095,40.067462999915193],[-75.1608309998267,40.066776999956069],[-75.161291000134241,40.066294999899306],[-75.161487999777748,40.066094999738979],[-75.161723999779298,40.065852999839194],[-75.161911000275367,40.065655999950778],[-75.162159999797382,40.065401000121724],[-75.16143199970125,40.064981999880111],[-75.162923000053624,40.063409000028507],[-75.163440000262582,40.063595000098388],[-75.163785999868992,40.063710999803497],[-75.164303999902842,40.06389600010403],[-75.165208999550998,40.062954999928543],[-75.16535500003917,40.062802999915689],[-75.166333000380575,40.061802000072483],[-75.166412999848205,40.061720000149251],[-75.167110999807107,40.060990999662792],[-75.166657000245664,40.060734000203624],[-75.166967999691977,40.060413000124882],[-75.167487000449057,40.060706000254832],[-75.167833999880372,40.060330000220446],[-75.168775000411856,40.059412999931375],[-75.168857000427622,40.059351999754071],[-75.16893199987237,40.059296000084217],[-75.170245999774451,40.058021999974613],[-75.170327999790203,40.057953999828037],[-75.171772000286921,40.056579000304097],[-75.172101000174891,40.05679299996028],[-75.172275000252171,40.056758000232762],[-75.173116000326203,40.055937000053689],[-75.172750999554921,40.055713999938369],[-75.173008000371169,40.055458000272225],[-75.172693999653504,40.055269000027856],[-75.173680000390831,40.054308999850875],[-75.173806999714131,40.054235000105322],[-75.173836000026441,40.054262999962745],[-75.173836999851346,40.054153000014573],[-75.174140999624953,40.05384399998551],[-75.174276000242486,40.053642999935526],[-75.17433599961862,40.053554999740733],[-75.174928999995558,40.052985000103121],[-75.175130999661931,40.05289599995259],[-75.175287000195837,40.052765000029531],[-75.175804000404796,40.052240999882159],[-75.175261000256583,40.05188299989274],[-75.175151999578333,40.05180900026356],[-75.176757999558433,40.050200999890606]]]},"properties":{"ZCTA5":"19138"}},{"type":"Feature","geometry":{"type":"Polygon","coordinates":[[[-75.193539999607893,39.996240999984785],[-75.193985999671739,39.995365000047336],[-75.192626999563828,39.994771000234707],[-75.192403000156148,39.994674000140698],[-75.192268000436954,39.994618000342989],[-75.192044000130963,39.994526999799497],[-75.192087999613577,39.994430000047146],[-75.192152000085997,39.994223999853567],[-75.192199999766572,39.99398799997067],[-75.192207000337589,39.993800000005223],[-75.19212899962146,39.993596999900795],[-75.191998999925119,39.993443000154763],[-75.191844000114429,39.9933540000672],[-75.191601000440187,39.993305999708916],[-75.190763999665776,39.993281000225906],[-75.190457000417439,39.993237999717159],[-75.190216000393008,39.993158999864349],[-75.189966999972654,39.993037999956229],[-75.189735999993971,39.992880999681944],[-75.189568999589397,39.992695000086655],[-75.189464999832339,39.992492000138974],[-75.189371000120985,39.99218300013861],[-75.189351999854424,39.991963000068139],[-75.189001000225147,39.992030999952824],[-75.188135999861643,39.992158000244494],[-75.187777999661364,39.992180000151784],[-75.187417999811245,39.992105999747167],[-75.18718099998479,39.992014999986047],[-75.18691599967093,39.991935000095907],[-75.186548000323199,39.991823000092303],[-75.186371999697798,39.991777000037587],[-75.186713000179637,39.990214999753043],[-75.185995999954159,39.990123000199787],[-75.185893000021991,39.990111999915733],[-75.185580999852462,39.991532999917744],[-75.185599000294118,39.991698999874068],[-75.185460000376949,39.991383999683805],[-75.185145999659269,39.990890999821751],[-75.18492700027447,39.990593999688002],[-75.184698999770532,39.991588000175973],[-75.183100000361421,39.991385999698345],[-75.183182000377187,39.991052999913492],[-75.183283999586138,39.990603999875738],[-75.183341000385866,39.990306999870583],[-75.183394000089294,39.99007500032382],[-75.181896999889133,39.989891000028074],[-75.181812000398637,39.989879999706652],[-75.181327999801653,39.98981799992675],[-75.181306000060331,39.989935999947946],[-75.180668000375888,39.989864999953802],[-75.180705000185796,39.989685999941486],[-75.180558999697624,39.989668000048866],[-75.18061099957616,39.989430000181478],[-75.180256999573814,39.989388000037849],[-75.179838000172481,39.989328999923522],[-75.179752999783673,39.989748999872432],[-75.179018000014835,39.989649000118831],[-75.17890699968676,39.989635999692716],[-75.178978999656763,39.989307999823851],[-75.178991000250662,39.989225000087863],[-75.178616000331942,39.989178999660083],[-75.178041000396675,39.989102000011734],[-75.177206000170415,39.98899100022291],[-75.175802999681565,39.98881199998506],[-75.174665000404929,39.988427000183485],[-75.174503999848113,39.98851100025017],[-75.173988000362385,39.988774999688992],[-75.173933000110821,39.988802000223245],[-75.173363000198407,39.989093000333199],[-75.173078999617985,39.989238999942629],[-75.17279199956279,39.989383999891707],[-75.172409999971364,39.989579999893785],[-75.171937999968264,39.989823000077635],[-75.171743999799517,39.989924000293385],[-75.171566000422601,39.989902999688432],[-75.171190999605557,39.989854999657872],[-75.170273000436936,39.989738000216406],[-75.169460999776888,39.989629000150529],[-75.168894000237529,39.989550000252976],[-75.169161000201228,39.988345000117036],[-75.169233999996166,39.987958999690797],[-75.168428000082201,39.987856999952058],[-75.167633000038933,39.987751999879663],[-75.166983999585511,39.987664000009353],[-75.166407999825324,39.987598000032236],[-75.165761999744944,39.987514000219377],[-75.16497599992249,39.987420999716193],[-75.164184000252234,39.987311000015879],[-75.163615999989673,39.987243000250153],[-75.163400000079605,39.987208999997819],[-75.163175999773628,39.987181000141682],[-75.162611999709,39.987112000176744],[-75.162055000215403,39.987042000071312],[-75.161598000280918,39.986975000109723],[-75.161031999668154,39.986907000009609],[-75.160486999870116,39.98683999991556],[-75.160024000087844,39.986778000129576],[-75.159473000442048,39.986706000218682],[-75.159105000196007,39.98666100023582],[-75.158679000223643,39.986602999908321],[-75.15789900024896,39.986492000188548],[-75.157178999650441,39.986407999704028],[-75.15711099987837,39.986398000278598],[-75.156274999827204,39.986282999897995],[-75.156069999787775,39.986260000073948],[-75.155406000164064,39.986179000242934],[-75.154938000358911,39.986117999941442],[-75.154903000198814,39.986169000095693],[-75.154817999809993,39.986548999843926],[-75.154412999754044,39.986479999928989],[-75.154186999798242,39.98753600024591],[-75.154161999683879,39.987650999893788],[-75.154145999790344,39.987726999740339],[-75.154084999690994,39.987722000124315],[-75.153887000222582,39.988628999776111],[-75.153790000138187,39.989087000087984],[-75.153647000023071,39.989066999955178],[-75.153638999627148,39.989119000013055],[-75.153626999931589,39.989192000173126],[-75.153537000418211,39.989578999860086],[-75.153412999671332,39.990148000150477],[-75.153165999799128,39.990116000019249],[-75.153076000285779,39.990510000118086],[-75.153070000437964,39.990577000053769],[-75.153072999912723,39.990633999741902],[-75.15303100007992,39.990795999754923],[-75.152976999653248,39.991007000028453],[-75.152922000299966,39.991250999962624],[-75.152896000360712,39.991368000253708],[-75.152860000375696,39.991526999886858],[-75.152822999667464,39.991685999838118],[-75.152740999651698,39.992028999957213],[-75.15272999978103,39.992071999850602],[-75.152642999742412,39.992475000288877],[-75.152558000251886,39.992841000255758],[-75.152488999756613,39.993182000118409],[-75.152389000197502,39.993658999691576],[-75.153293999845658,39.993773000070213],[-75.153119999768393,39.994597999765006],[-75.152212999572086,39.994480000227576],[-75.152154999845777,39.994726000059231],[-75.152129999731415,39.99483800011987],[-75.152041999867862,39.995241000065924],[-75.151945999608401,39.995680999714601],[-75.151924999692,39.995776999811746],[-75.151882999859211,39.995992000285398],[-75.15183199980558,39.996206000145449],[-75.15181699973698,39.99627000019202],[-75.151714999629718,39.996740999958675],[-75.152037999669901,39.996781999781732],[-75.151867999790596,39.997568000106838],[-75.151516000336414,39.997699000084332],[-75.150628000406684,39.998027000260016],[-75.149902999785297,39.998293999797866],[-75.149876999846015,39.998385000138967],[-75.149982000326304,39.998900999976357],[-75.15001999996116,39.999096000300007],[-75.150046999725333,39.999232000249087],[-75.150120000418568,39.999594000240613],[-75.1501920003886,39.999911000177846],[-75.150794000088041,39.999681999880146],[-75.151066000074607,39.999718999772917],[-75.150984999883747,40.000101000283685],[-75.150919999586435,40.000406000054234],[-75.150890000347502,40.000548999946865],[-75.150851999814364,40.00071400013897],[-75.150712000072275,40.001312000004681],[-75.150616999637705,40.00175500001486],[-75.150712000072275,40.001784999799796],[-75.151523999833998,40.001884999675845],[-75.151625999941274,40.001425999994595],[-75.152925999599617,40.001591999989635],[-75.153452999854309,40.001660999777613],[-75.153795999985988,40.001706000200137],[-75.153691000403995,40.002179999867593],[-75.154048999705978,40.002225999796607],[-75.154031999987538,40.00229500032016],[-75.154344999981987,40.002337999942995],[-75.154437000043487,40.002354000243805],[-75.154531999579717,40.002370999699153],[-75.155001000108101,40.002432999781796],[-75.154941999658547,40.002691999873377],[-75.155196999926687,40.002724000305392],[-75.155882000365125,40.002807000151698],[-75.155935000068567,40.002555999934529],[-75.156007000038599,40.002574999714582],[-75.156079999833537,40.002594000177446],[-75.156787000013281,40.002681000237516],[-75.15689099977034,40.002107999677101],[-75.157703000430388,40.002210000153937],[-75.15946099984815,40.002448000215125],[-75.159685000154155,40.002479000228497],[-75.159764999621757,40.002717000040128],[-75.159849000185659,40.002973000229794],[-75.160013000217191,40.003483999963755],[-75.160096000057877,40.003739000203659],[-75.160236999624857,40.004180999785298],[-75.160495000266039,40.004214999846333],[-75.160600999672937,40.003699000255985],[-75.160708999627957,40.003241000217081],[-75.160727000069627,40.003171999961438],[-75.160753999833815,40.003042999835003],[-75.160908999644519,40.003067999873231],[-75.160921000238389,40.003011000240683],[-75.160993000208421,40.003021999823375],[-75.161906000252486,40.003142000097846],[-75.161887999810816,40.003228000313854],[-75.162307000110488,40.003286000286401],[-75.162272999775283,40.003434000182843],[-75.162240999988228,40.003628000119164],[-75.162230000117574,40.003656999941633],[-75.162830000167219,40.003744999849722],[-75.164103000061388,40.003912000223501],[-75.164164999985658,40.003623000290851],[-75.164231999932809,40.003316000086762],[-75.164286000359496,40.003071999906005],[-75.165895999639247,40.003268999682611],[-75.16579299970708,40.003795999916555],[-75.165758000445308,40.003952000046375],[-75.166044999602164,40.004040000262293],[-75.166687000382893,40.004222999777298],[-75.167008999699874,40.004313999785914],[-75.167284999884373,40.004392999808502],[-75.170086999765786,40.005185999926788],[-75.169504000332921,40.004398000268495],[-75.169418999944099,40.004302999723258],[-75.169269000156262,40.004099999875301],[-75.17011299970504,40.004218999811911],[-75.170594999753888,40.004297999944427],[-75.170701999884031,40.004316000109917],[-75.171153999795635,40.004374999663305],[-75.171583000141041,40.00442999990085],[-75.17164400024042,40.004444000079346],[-75.171718999685154,40.004460999702431],[-75.171656999760884,40.004758000084671],[-75.172039000250606,40.004808000272185],[-75.17211600024352,40.004480000328584],[-75.172195999711121,40.004485999909541],[-75.172291000145691,40.004492999993374],[-75.172746000430351,40.00455299989644],[-75.172816999677153,40.004563000104511],[-75.172999999975247,40.004586999772158],[-75.173339999733884,40.004632000330531],[-75.173478999651067,40.004644999966423],[-75.17362799961397,40.004659999913713],[-75.174075000401047,40.004718999857943],[-75.174154000043742,40.004728000229818],[-75.174672000077607,40.004784999805125],[-75.174735999651716,40.004795999790119],[-75.175089999654034,40.004857999734959],[-75.17496599980548,40.005368000007955],[-75.174829000436446,40.006086000313765],[-75.175037999775512,40.006120000114173],[-75.175317000333081,40.004884000294382],[-75.1756000001903,40.004918000005262],[-75.176092000284882,40.00497699972658],[-75.17616500007982,40.004986000064441],[-75.176704000030071,40.005055999670034],[-75.176832000076601,40.00507200002199],[-75.176913000267447,40.004696999861366],[-75.17847999988949,40.004891000337409],[-75.178808999777473,40.004936999816124],[-75.178633000050354,40.005051999753498],[-75.178935999999084,40.005783000049597],[-75.179247000343707,40.006684999701633],[-75.179264000062147,40.006733000288925],[-75.179483000345257,40.007329999956823],[-75.179517999607043,40.007326000173521],[-75.179859000088882,40.007298000307578],[-75.180201000395641,40.00727800000314],[-75.180882999562726,40.007244000091426],[-75.181332999824534,40.007222999995818],[-75.181392000274059,40.006765000203011],[-75.181407000342674,40.006651999966344],[-75.181500000229093,40.006369000038546],[-75.181481999787422,40.006366999774748],[-75.181501000053998,40.006297000137174],[-75.181578999871817,40.005927999966865],[-75.181625999727487,40.005705999854413],[-75.181705000268508,40.005722000054028],[-75.182711000199006,40.005848999656251],[-75.183112000057008,40.005900000215625],[-75.183270000240739,40.005944999908486],[-75.183390999716252,40.00597899977911],[-75.184054000413383,40.006064999861984],[-75.184696000295801,40.006149000254325],[-75.184793000380168,40.006160999810454],[-75.185231000048091,40.006215000195255],[-75.185236000070958,40.006195000261613],[-75.185405000125371,40.006218000253583],[-75.185549000065407,40.006248999931358],[-75.185827999724665,40.006284999916893],[-75.185785000066957,40.006491999981129],[-75.186349000131585,40.006533000142085],[-75.186391999789265,40.006278999805943],[-75.186484999675699,40.006308999667297],[-75.186699999760847,40.006339000203553],[-75.186683999867327,40.006408999798062],[-75.186968000447777,40.006446000174009],[-75.186955999853879,40.006504999950891],[-75.187043999717432,40.006491000195055],[-75.187048999740298,40.00657599984811],[-75.187468999864876,40.006511999827751],[-75.18748200028368,40.006462000200194],[-75.18752800031443,40.006495000027286],[-75.187616000177982,40.006074000056401],[-75.187821000217369,40.006101999736273],[-75.187453999796247,40.004965999770739],[-75.187431000230035,40.004641000025757],[-75.187346999666147,40.003325999787897],[-75.187334000145654,40.003213999886022],[-75.187302000358628,40.00303399992913],[-75.187279999718996,40.002961000113316],[-75.187248999756861,40.002902999864737],[-75.187194000403579,40.0028550000251],[-75.187177999611748,40.002842999887875],[-75.187184000357846,40.002778999808569],[-75.187171999763947,40.002673999967904],[-75.187163000441444,40.00263300024185],[-75.186688000065274,40.001170000197696],[-75.186669999623632,40.001106999791425],[-75.1866610003011,40.001008999884917],[-75.186666000323982,40.000946000018239],[-75.18668100039261,40.000876000327516],[-75.186712000354746,40.000782000256443],[-75.18678699979948,40.000588999675522],[-75.186861000317649,40.000408999679728],[-75.186949000181201,40.000363999778649],[-75.187195000228499,40.000285999788154],[-75.187339999993441,40.00026000023027],[-75.187510999697665,40.000249000202615],[-75.187743000399564,40.000252999712387],[-75.1881119995722,40.000269999690822],[-75.188288000197616,40.000273000010445],[-75.188447000206267,40.000272000133307],[-75.188560000184182,40.000255000155363],[-75.188814999553983,40.000204000196099],[-75.18957699998532,39.999894999992698],[-75.190517999618493,39.999640999733728],[-75.19080999969654,39.999899000211364],[-75.19175399970274,39.999747999879425],[-75.193323999697824,39.996662999958744],[-75.193539999607893,39.996240999984785]]]},"properties":{"ZCTA5":"19132"}},{"type":"Feature","geometry":{"type":"Polygon","coordinates":[[[-75.15923700044047,39.972384000060828],[-75.15944199958156,39.971466999998306],[-75.158609999728355,39.971346999833578],[-75.157279999932783,39.971191000268263],[-75.157243000122847,39.971300999760466],[-75.157151000061333,39.971737999893556],[-75.156197999834291,39.971616000299797],[-75.155601000157716,39.971535999928811],[-75.155305999706627,39.971495999708218],[-75.1544160001271,39.971344000308676],[-75.154035000360579,39.971332999754722],[-75.153939000101118,39.971330000229202],[-75.152939000018421,39.971173000322025],[-75.152939999843312,39.971134000192642],[-75.15255900007682,39.971087999976234],[-75.152450000296867,39.971143999786626],[-75.15178599977483,39.971053999945973],[-75.151682999842663,39.971521000279097],[-75.151524999658918,39.972233999769109],[-75.151126000349066,39.972187000004659],[-75.150671000064406,39.972125000002336],[-75.150603000292335,39.972116000152759],[-75.150939999677917,39.970524000163493],[-75.1504319996898,39.970498000291819],[-75.149966000432798,39.97048499966381],[-75.14896499962687,39.970452999961012],[-75.148864000242838,39.970913000186833],[-75.148479000278371,39.970859000114153],[-75.148475999905315,39.970915000112207],[-75.148335000338321,39.970899000019081],[-75.148337999813066,39.970843000007974],[-75.148172999956614,39.970821999733765],[-75.148075000047328,39.970810999784256],[-75.147994999681373,39.970801999761669],[-75.147963999719238,39.970976999835258],[-75.147611000440136,39.970935999669393],[-75.147582999952746,39.971086000055912],[-75.147317999638872,39.971055999867218],[-75.147220999554492,39.971041000112159],[-75.146886999643641,39.970989000063874],[-75.146890999841602,39.970967999834528],[-75.14653799966419,39.970927999969973],[-75.146452000348773,39.970859999733413],[-75.146069000034132,39.970817000257632],[-75.146101999646078,39.970650000195754],[-75.145801000245527,39.97060600027644],[-75.145572999741589,39.970573000318396],[-75.14556000022111,39.970641999774465],[-75.145326999694291,39.970610999768006],[-75.145376999923002,39.970377000176462],[-75.145128000400973,39.970344000107858],[-75.144985000285843,39.970331000139019],[-75.144878999980619,39.970320999737645],[-75.144745000086317,39.970303999878148],[-75.144700999705393,39.970513000166036],[-75.144510999734592,39.970485999977001],[-75.14450499988682,39.970509999916075],[-75.14437900038844,39.970491999790447],[-75.144369000342706,39.970531999910186],[-75.144063999845855,39.970489000228021],[-75.14398600002805,39.970452000335797],[-75.144063999845855,39.9700699999241],[-75.143589000367996,39.970011000338765],[-75.143094999725292,39.969953999967601],[-75.143027999778141,39.97027700029502],[-75.142606999828658,39.970212999991176],[-75.142365999804227,39.970181000161041],[-75.142323000146533,39.970384000314155],[-75.142262000047154,39.970377000176462],[-75.141409000277534,39.97027200009056],[-75.141518000057488,39.969758000116137],[-75.140665000287882,39.969652000130935],[-75.140707000120671,39.969826000072068],[-75.140189999911712,39.969910000288735],[-75.140153000101805,39.969782999945828],[-75.140096000200387,39.969792000102593],[-75.140106000246135,39.969828000029253],[-75.139974000001658,39.969850000242879],[-75.139965999605735,39.969814000327744],[-75.139824000213835,39.969839000136957],[-75.139782000381047,39.969680999922424],[-75.139795999726417,39.969542000050389],[-75.139578000166537,39.969515000166318],[-75.138997000383483,39.969406000194304],[-75.138933999735983,39.969697999936862],[-75.13870199993238,39.969663999903709],[-75.138691999886646,39.969705999780224],[-75.138422000448216,39.969663000266955],[-75.13834100025737,39.969650000168606],[-75.138059000225056,39.969612999822239],[-75.137782000215637,39.969559000099444],[-75.137685999956162,39.969534999826521],[-75.137763999773966,39.969167999967155],[-75.137253000311105,39.969074000320283],[-75.137182999990898,39.969299000021181],[-75.137101999800052,39.969275999987815],[-75.137080999883665,39.969352000308028],[-75.136732999729119,39.969277000318698],[-75.136695999919198,39.969272000041087],[-75.136663000307223,39.969266999763114],[-75.136649999888448,39.969310000213959],[-75.136499000275705,39.969283000238256],[-75.13651500016924,39.969233999847049],[-75.136136000052545,39.969164000014111],[-75.136223999916098,39.96888100033253],[-75.135737999669288,39.968795000240974],[-75.135354000428038,39.968726000297437],[-75.135132999596792,39.969442000324307],[-75.135513000436717,39.969507000300609],[-75.13550500004078,39.969536999792219],[-75.135453999987163,39.969739999792537],[-75.135286999582561,39.970248000067976],[-75.13481399975457,39.971765000276427],[-75.134863999983267,39.971861999855669],[-75.134766000073995,39.972226999820883],[-75.134724000241192,39.972390999992982],[-75.134776999944634,39.972401999688209],[-75.134732999563695,39.972547000261599],[-75.134718000393391,39.972544000100967],[-75.13465200027116,39.972681999783077],[-75.13459100017181,39.97266299994812],[-75.134552999638643,39.972723999870453],[-75.134613999738022,39.972745999840399],[-75.134740000134713,39.97276999967432],[-75.134700999776641,39.972890999684047],[-75.134798999685955,39.972910000144012],[-75.134783999617341,39.972965000250049],[-75.134764000424155,39.973030999905831],[-75.134740999959618,39.973107999767926],[-75.134642000225426,39.973090000326479],[-75.134600000392638,39.973227000009985],[-75.134473000171027,39.973203999921516],[-75.134388999607125,39.973487000292373],[-75.134273000154479,39.973466000142089],[-75.134062000267278,39.973934000091596],[-75.134385000307475,39.973974999835917],[-75.134633000004598,39.974003999858517],[-75.134555000186793,39.974255999940397],[-75.134342999576361,39.974916999998911],[-75.134333000428938,39.974993000242613],[-75.134217999902901,39.975364000083061],[-75.134003999642658,39.976330999875813],[-75.133834999588245,39.977147999920895],[-75.132394000362893,39.976924000117869],[-75.132241000202015,39.977203000058331],[-75.131857999887387,39.977849999716327],[-75.131759000153181,39.978025000329993],[-75.131324999784908,39.978458000051965],[-75.131297000195815,39.978479000045041],[-75.132129999873939,39.978962999670202],[-75.132165000034036,39.978981999818821],[-75.131776999696527,39.979363999982887],[-75.133028999674295,39.980092000091339],[-75.13319000023111,39.980133999755083],[-75.133003999559946,39.980145999752587],[-75.132652999930684,39.980336999945528],[-75.132295999555296,39.980521999983836],[-75.132565000067132,39.980826000298421],[-75.13252700043229,39.98087200015577],[-75.132536999579727,39.98095899966664],[-75.132647999907803,39.981340000325943],[-75.132440000393643,39.981452000309012],[-75.132636000212244,39.981671999815013],[-75.132656000303712,39.981754000319491],[-75.132536999579727,39.981814000240135],[-75.132602999701945,39.981888000092596],[-75.132308000149166,39.982226999973641],[-75.132425000325028,39.98261799973757],[-75.132426000149948,39.982669999886156],[-75.132267999966203,39.98275799999449],[-75.132519999861273,39.983043999735948],[-75.13254400015073,39.983166000267381],[-75.132599000402308,39.98322799988977],[-75.133073000055234,39.983295000084553],[-75.133586000066217,39.9833599999642],[-75.13348899998185,39.983809000123024],[-75.13396000016003,39.983870999850247],[-75.13443299998805,39.983930999976764],[-75.13488900009763,39.983989999935069],[-75.13534400038229,39.984051000071737],[-75.135444999766335,39.983598000330055],[-75.135966000173241,39.983666000282277],[-75.13651299962109,39.983740000193897],[-75.137099000325335,39.983812999907258],[-75.137798999934063,39.983906999932479],[-75.138466999755735,39.983988999819537],[-75.139013000277004,39.984060999840679],[-75.13952100026512,39.984124000141065],[-75.140020999857327,39.984191000145557],[-75.140478999616732,39.984248000344174],[-75.140933999901407,39.984311999894665],[-75.141394000208919,39.984368999992341],[-75.141870000410009,39.984432000008709],[-75.142380000047922,39.984493999858884],[-75.142537000406776,39.984516000169648],[-75.142806000020272,39.984548000171003],[-75.143227999794675,39.984602999858737],[-75.143843999737825,39.984683000076323],[-75.144154000257529,39.984724000254765],[-75.144654999674628,39.984790000255302],[-75.145444999695073,39.984895000062203],[-75.146101999646078,39.984978000241135],[-75.146782000061663,39.985062999830539],[-75.147274000156258,39.985123999697478],[-75.14776600025084,39.985189999999903],[-75.147705999976381,39.985459999759712],[-75.148024999818617,39.985504999845382],[-75.148008000100177,39.985581000014513],[-75.148121000078064,39.985596000019761],[-75.148137999796518,39.985512999903378],[-75.148258000345436,39.985527999923605],[-75.148280999911648,39.985390000026406],[-75.14828500010961,39.985350999750601],[-75.148259000170327,39.985252999947512],[-75.148548999700239,39.985292000279316],[-75.148485000126158,39.985583000198915],[-75.148946000258604,39.985643000198529],[-75.149014000030675,39.985350000343296],[-75.149342000093725,39.98539200021645],[-75.150197000411467,39.985503999752019],[-75.150912999913714,39.985597000111767],[-75.151699999561103,39.985699999874022],[-75.152484999558652,39.985800999991284],[-75.15298000002629,39.985862999975652],[-75.153274999579097,39.985898999696538],[-75.154062999949673,39.986002999777803],[-75.154938000358911,39.986117999941442],[-75.155406000164064,39.986179000242934],[-75.156069999787775,39.986260000073948],[-75.156274999827204,39.986282999897995],[-75.15633900029961,39.985982000032259],[-75.156397999850839,39.985708999999567],[-75.156468000171046,39.985380999858855],[-75.156547999638676,39.985007999824866],[-75.156618999783788,39.984677000132066],[-75.156679000058233,39.984378000293219],[-75.156792999861054,39.98381500014348],[-75.156915000059783,39.983219000125729],[-75.15725499981842,39.981693000197041],[-75.157581000231644,39.980222999858576],[-75.157914000317589,39.978707000341068],[-75.158239000007597,39.977280000038725],[-75.158225999588808,39.97721600009686],[-75.158526000062778,39.975850000211331],[-75.15878200015581,39.974482000048518],[-75.159055999792201,39.973205000194909],[-75.15923700044047,39.972384000060828]]]},"properties":{"ZCTA5":"19122"}},{"type":"Feature","geometry":{"type":"Polygon","coordinates":[[[-75.074782000395061,40.026555999985888],[-75.073363999837625,40.025369000212223],[-75.07333200005057,40.025289000192153],[-75.071230999602832,40.023570999875218],[-75.070197000083255,40.02272399974332],[-75.069764000438198,40.022386999794549],[-75.069087000395683,40.021903999931524],[-75.068622999890181,40.021513999692083],[-75.068515999760066,40.021384999831348],[-75.068273999910716,40.021109000206117],[-75.068189000420233,40.021011999693847],[-75.068105999681237,40.021069999690468],[-75.067876000425784,40.021183999706253],[-75.067606999913949,40.02084699971838],[-75.067575999951814,40.020807999740917],[-75.067708000196291,40.020735999935667],[-75.067211999903733,40.020327000249978],[-75.066712000311554,40.019916000309763],[-75.066643999641173,40.019859999888617],[-75.066527000363621,40.019765000223764],[-75.065805000115262,40.019178000063675],[-75.06600500013181,40.01907600017369],[-75.065766999582124,40.018821000125627],[-75.065727000297457,40.018777999877948],[-75.065292000104279,40.018264999824773],[-75.064931000429254,40.017851999920723],[-75.064867999781754,40.017777000197995],[-75.064786999590893,40.017679999764766],[-75.06400400014148,40.016748999800349],[-75.064312000113063,40.016585000162358],[-75.063384999825274,40.015520000130593],[-75.06291500037031,40.015001999982125],[-75.062518999636879,40.014542000071273],[-75.062260999894022,40.014672999817193],[-75.061803000134603,40.014159999864816],[-75.062060000052568,40.014020999664332],[-75.061900000218998,40.013838000270525],[-75.061413000147269,40.01328400002425],[-75.061338999629129,40.012764000028426],[-75.061312999689846,40.012770000257397],[-75.060989999649664,40.012856999733756],[-75.060668000332697,40.012950000000401],[-75.060351000140301,40.013047999966751],[-75.059719000303616,40.01324999966392],[-75.059284999935358,40.013387000000492],[-75.058781000145203,40.012808000319097],[-75.060279999995174,40.011984999880191],[-75.061166000275065,40.01148099984583],[-75.06130799966698,40.01140000034092],[-75.061737000012371,40.01116399996129],[-75.062222000434275,40.010898999967694],[-75.062884000408175,40.010560999687542],[-75.06348000025983,40.010298999983995],[-75.063808000322908,40.010176000020522],[-75.064210000005801,40.010039999853198],[-75.064347000273159,40.009980999691315],[-75.064277999777858,40.009812999977179],[-75.064198000310242,40.009612000169021],[-75.06247400032936,40.010132000097229],[-75.062217000411394,40.010217000032959],[-75.061804999784428,40.010438999924411],[-75.060649999891027,40.0111140003009],[-75.059819999687662,40.011612999673929],[-75.059796000296515,40.011626000044544],[-75.058447000234352,40.012425000340329],[-75.055416000024096,40.009143999667728],[-75.054949000043848,40.008793000110316],[-75.052664000371394,40.006007000185996],[-75.05235600039984,40.006385000082773],[-75.05171100014438,40.006991000115214],[-75.050920000299044,40.007624000246572],[-75.049938999584597,40.008380999752298],[-75.048831000445162,40.009181999684031],[-75.048023999807995,40.009720000252486],[-75.047313000328614,40.010119000130111],[-75.047007000006857,40.010299999714285],[-75.045950999847662,40.010864000073347],[-75.043471000181526,40.012168000114322],[-75.043188000324307,40.012299000288877],[-75.042634000305441,40.012567999827567],[-75.041604000085513,40.013087999940637],[-75.040378999871905,40.013612000323143],[-75.038669999959623,40.014269999664343],[-75.038484000186799,40.014333000307857],[-75.037879000114287,40.014554999883991],[-75.03658100010577,40.014953999705547],[-75.03546200019737,40.015244000174249],[-75.034782999606719,40.015420999930612],[-75.033052999778036,40.0157300000376],[-75.031928999846784,40.015918000166266],[-75.0309379999849,40.016091999926267],[-75.030527000081165,40.016138000112903],[-75.0319649998318,40.020048999921947],[-75.032000999816816,40.020105000188039],[-75.032071999961914,40.020118999903374],[-75.032168000221375,40.020118000316913],[-75.032296000267905,40.020291999686982],[-75.033178000349835,40.021024000076707],[-75.033807999638384,40.021905000179771],[-75.034146999572087,40.022351000046612],[-75.034430000327603,40.022724999979538],[-75.034472000160406,40.022807000036572],[-75.034483999855965,40.022881999734032],[-75.034580000115454,40.023103000160908],[-75.034611999902495,40.023176999991328],[-75.034674999651685,40.023323999871899],[-75.033809000361586,40.023545000242827],[-75.033031000036743,40.023742000094508],[-75.032410999895617,40.023895000072265],[-75.032131000411468,40.023965999765508],[-75.031851999853899,40.024051999886034],[-75.031395999744305,40.024203000115349],[-75.0308459999234,40.024403000077704],[-75.03079999989265,40.024423000179304],[-75.030804000090598,40.024498000164016],[-75.030819999984132,40.024564999768771],[-75.03086000016711,40.024650999822136],[-75.03089199995415,40.024702000090549],[-75.030989999863451,40.024823000291555],[-75.031127999955714,40.024987000079285],[-75.031167000313758,40.02508200004025],[-75.031324999599192,40.025279999779904],[-75.031632999570775,40.025676000286794],[-75.031707999913834,40.02574499980647],[-75.032076999984795,40.026196999758994],[-75.032384000131444,40.026585999877135],[-75.032752000377485,40.027049999771378],[-75.033107000204723,40.027500999853537],[-75.03352499978115,40.02803099988359],[-75.033939999882847,40.028560999922924],[-75.034354000159624,40.029095999997736],[-75.034748000344933,40.029591000096872],[-75.035098000149304,40.030041999887651],[-75.035170000119322,40.030115999757633],[-75.035625000403996,40.030678999932178],[-75.035736999658667,40.030823999920969],[-75.035202999731297,40.031113999661649],[-75.03547899991581,40.031436000272492],[-75.036330000035591,40.032395999984033],[-75.036421000272185,40.032505999962297],[-75.036477000348683,40.032572999955853],[-75.036966999895142,40.03313499971285],[-75.037260999623015,40.033470000059978],[-75.037277000414861,40.033554999814442],[-75.037294999958206,40.033651000299891],[-75.037561000096986,40.033952999885443],[-75.038021000404527,40.034470999914049],[-75.038130000184466,40.03460800028747],[-75.038178999689947,40.034671000035438],[-75.038977999931205,40.035579999943714],[-75.039013999916222,40.035638999982083],[-75.039054999924105,40.035706000336837],[-75.039922999762325,40.036699000135286],[-75.040198999946838,40.036561999835726],[-75.040340000412158,40.0364579997308],[-75.040446999643962,40.036538999753446],[-75.040860000095847,40.03675699986286],[-75.041487999734557,40.037119000297132],[-75.041691999949052,40.036893999770662],[-75.04178200036074,40.036944999826694],[-75.042069000415921,40.036664999750279],[-75.04218999989142,40.036628999971448],[-75.042256999838585,40.036609000009662],[-75.042282999777854,40.036591000107833],[-75.042322999960817,40.036613000140058],[-75.042480000319657,40.036450000139439],[-75.04280800038272,40.036278000100303],[-75.042908999766738,40.036226000194986],[-75.043000000003332,40.036179999796019],[-75.043539999778503,40.035892999715976],[-75.043687000091595,40.035815999790969],[-75.043773000305322,40.03577099984814],[-75.044436000104142,40.035428000087606],[-75.044545999709001,40.035370999968265],[-75.045292000246789,40.034981999740026],[-75.045410000247585,40.034910999819594],[-75.046126999574753,40.034482999992903],[-75.046233999704867,40.034417999941752],[-75.046312000420983,40.034370000255755],[-75.046344000208038,40.034388000055984],[-75.04666899989806,40.034209999912051],[-75.046724000149624,40.034239999876156],[-75.046950999930345,40.034001999935789],[-75.047056000410649,40.033870000084782],[-75.046853999845965,40.033757000019797],[-75.046770000180402,40.033682999973152],[-75.047718000384563,40.033301000314296],[-75.048573999628914,40.032981999824095],[-75.04870099985051,40.032945000078143],[-75.049910000170598,40.032609999903556],[-75.05097200017758,40.03232400002728],[-75.052075000192431,40.032932000329957],[-75.052661999823272,40.032319000237663],[-75.052998000282258,40.031929999796894],[-75.05317900003223,40.031781999785686],[-75.053249000352423,40.031700000198889],[-75.053850000226959,40.032029000117781],[-75.054147000327887,40.031705000033931],[-75.05442199978917,40.031502999941509],[-75.054513999850684,40.031436000272492],[-75.054584000170877,40.031385000223658],[-75.054866000203191,40.031181999759205],[-75.054995999899532,40.031254999656959],[-75.055216000007562,40.031018999846793],[-75.055298999848219,40.030919000007373],[-75.054800000080931,40.030642000312596],[-75.05527000043422,40.030219999903991],[-75.055416000024096,40.030086000043092],[-75.056038999639952,40.030432000213949],[-75.05635900020539,40.030109000238127],[-75.056613999575205,40.029867999932755],[-75.056692000291306,40.029796000058788],[-75.057231000241586,40.030093999693136],[-75.05787399994891,40.030454000169435],[-75.058176000072692,40.030119000141063],[-75.058715999847863,40.030417999863374],[-75.059305999851745,40.029802000165816],[-75.058208999684652,40.029201999918229],[-75.058183999570304,40.029228000146119],[-75.05787099957584,40.028688999823849],[-75.05787099957584,40.028519999925365],[-75.05795000011689,40.028591999770505],[-75.058407000051389,40.02884900005008],[-75.058822000153071,40.028413000168001],[-75.058957999697185,40.028262000314854],[-75.05922700020902,40.027908999709382],[-75.05998200006934,40.027793000288625],[-75.060274000147402,40.027972000142313],[-75.060480000011722,40.028098000145789],[-75.060606000408427,40.028169000279973],[-75.060716999838178,40.028139999865907],[-75.061537999820757,40.028025000308595],[-75.061597000270297,40.028094000203836],[-75.061782000218201,40.027904000283961],[-75.062486000024919,40.028284000282341],[-75.062425999750459,40.027978999881114],[-75.062388000115632,40.027700999777558],[-75.062390999590363,40.027583999838178],[-75.062393999963405,40.027443999987952],[-75.062526000207896,40.027425000251434],[-75.062567000215765,40.027420000102701],[-75.062644000208664,40.027409000324425],[-75.062923999692828,40.027371000138771],[-75.06304099986869,40.027546999915529],[-75.063146000348993,40.027700999777558],[-75.06400400014148,40.028165000342192],[-75.064319999610674,40.027822000162338],[-75.064615999886684,40.027513999948951],[-75.06487000032989,40.02724799999006],[-75.064911000337759,40.027169999764077],[-75.065107999981251,40.027073000302231],[-75.065403000432369,40.027033000271267],[-75.067089999705004,40.026776000028619],[-75.067956999718319,40.0265830000262],[-75.071064999921475,40.028306000242793],[-75.073732999908572,40.029783999843133],[-75.074033000382542,40.029117000241691],[-75.072942000063236,40.028498000033977],[-75.074782000395061,40.026555999985888]]]},"properties":{"ZCTA5":"19135"}},{"type":"Feature","geometry":{"type":"Polygon","coordinates":[[[-75.09842299965986,39.999067999811373],[-75.097949000006921,39.998495999800994],[-75.097261999918672,39.997718999754092],[-75.097066000100085,39.997518000122689],[-75.095245999859742,39.998413000219536],[-75.095190999608164,39.998443000096515],[-75.094819000062472,39.998196999890624],[-75.094778000054603,39.997297000112169],[-75.094240999754163,39.996492999950206],[-75.095557000204352,39.995796000101727],[-75.094607000350365,39.99469999976084],[-75.094522999786463,39.994603000254187],[-75.093080999837895,39.995363000149311],[-75.092705999919161,39.995078000319488],[-75.092136000006761,39.994995000024666],[-75.091470999659819,39.99521599991472],[-75.090519999980913,39.994141999864226],[-75.090146999712019,39.99372200008731],[-75.089702000371403,39.993217000131111],[-75.088990999993698,39.992391000279298],[-75.088781999756335,39.992153000264544],[-75.091216000290018,39.990879999661388],[-75.090735000066076,39.990328999685858],[-75.090172999651273,39.989693000166092],[-75.089616000157676,39.989063999831494],[-75.089411000118261,39.988833000237207],[-75.089068999811502,39.989014999857673],[-75.088621000097831,39.988506000003255],[-75.088847000053661,39.988317000038244],[-75.088912000350987,39.988267000163944],[-75.08876099983992,39.988094999793844],[-75.088708999961383,39.988035999939271],[-75.08850899994485,39.987808999860349],[-75.088173000384188,39.987428000172912],[-75.087850000343991,39.987069999984477],[-75.087056999950519,39.986146000233269],[-75.084834000202349,39.983620000241025],[-75.084813000285948,39.983593999844857],[-75.083781000416195,39.982457999879308],[-75.086224000272395,39.981176999758262],[-75.088936999567025,39.980437000251712],[-75.089827000044878,39.980176000081322],[-75.090377999690688,39.979971999926555],[-75.090605000369735,39.979887999685786],[-75.091038000014763,39.979719000093191],[-75.091448999918498,39.979607000022916],[-75.091673000224489,39.979565000035301],[-75.091940000188188,39.97951399976975],[-75.09233900039635,39.979476999944687],[-75.092694000223588,39.979438999917456],[-75.092992000149437,39.979404999911466],[-75.093025999586303,39.979400999869135],[-75.093671999666682,39.979271000087365],[-75.094425999702082,39.979115000022759],[-75.094675999947327,39.979069999858531],[-75.094880000161851,39.97903200029333],[-75.093417000296853,39.977166999885767],[-75.091541999804917,39.974775999947973],[-75.088133000201211,39.97536500032485],[-75.086390999778658,39.97566600015287],[-75.082576000294097,39.976402000167852],[-75.081218000011091,39.976672999770507],[-75.080200000385034,39.977019999729976],[-75.078410000281906,39.977417999795435],[-75.077228999550911,39.97782299967222],[-75.075822999587345,39.978347000178125],[-75.074496999989719,39.978937000255371],[-75.073230999768242,39.979559000329957],[-75.072237000431613,39.980125000271812],[-75.071199999640697,39.980737000291995],[-75.070137999633701,39.981443999775486],[-75.069391999994195,39.981998999721078],[-75.06878100007394,39.982506000289114],[-75.068088000137891,39.983081999823234],[-75.067816000151325,39.983280999700014],[-75.06587700008528,39.98469800027874],[-75.065774000153127,39.98477899980076],[-75.065512000212308,39.985074000239351],[-75.064148999906436,39.98652999973465],[-75.062614000071434,39.988155999706564],[-75.061112999673298,39.990555000318366],[-75.060639000020373,39.991480000315207],[-75.060081999628466,39.992567000115351],[-75.059785000425848,39.993259999964799],[-75.059397000088339,39.994190000323172],[-75.05881899978003,39.995719000342675],[-75.058429999617601,39.996664999818705],[-75.058089000034073,39.997403999801755],[-75.056934999965577,39.999413999686269],[-75.056026999944365,40.000919000155839],[-75.055161999580889,40.002395000137405],[-75.054220999947702,40.003692999917753],[-75.053944999763203,40.00412299988502],[-75.05287799973334,40.005745000205408],[-75.052664000371394,40.006007000185996],[-75.054949000043848,40.008793000110316],[-75.055416000024096,40.009143999667728],[-75.058447000234352,40.012425000340329],[-75.059796000296515,40.011626000044544],[-75.059819999687662,40.011612999673929],[-75.060649999891027,40.0111140003009],[-75.061804999784428,40.010438999924411],[-75.062217000411394,40.010217000032959],[-75.06247400032936,40.010132000097229],[-75.064198000310242,40.009612000169021],[-75.064277999777858,40.009812999977179],[-75.064347000273159,40.009980999691315],[-75.064210000005801,40.010039999853198],[-75.063808000322908,40.010176000020522],[-75.06348000025983,40.010298999983995],[-75.062884000408175,40.010560999687542],[-75.062222000434275,40.010898999967694],[-75.061737000012371,40.01116399996129],[-75.06130799966698,40.01140000034092],[-75.061166000275065,40.01148099984583],[-75.060279999995174,40.011984999880191],[-75.058781000145203,40.012808000319097],[-75.059284999935358,40.013387000000492],[-75.059719000303616,40.01324999966392],[-75.060351000140301,40.013047999966751],[-75.060668000332697,40.012950000000401],[-75.060989999649664,40.012856999733756],[-75.061312999689846,40.012770000257397],[-75.061338999629129,40.012764000028426],[-75.061636999554963,40.01268799983481],[-75.061962999968188,40.012608999779189],[-75.062290000206318,40.012531999715442],[-75.062609000048553,40.012458000036901],[-75.063084000424723,40.012348000068947],[-75.063274000395509,40.012304000169763],[-75.063580999643861,40.012230999946034],[-75.065749999863669,40.011711000183929],[-75.067196999835147,40.011365000015481],[-75.067523000248357,40.011285999804635],[-75.067849999588191,40.011207999907342],[-75.069508000345166,40.010797999810954],[-75.070581000222816,40.010532999772487],[-75.070777000041375,40.010484999793057],[-75.072307999678415,40.010104999739333],[-75.072371000325944,40.010088999878938],[-75.074409000126167,40.009585000293505],[-75.076513999873569,40.009065000326586],[-75.078447999916733,40.008586000142749],[-75.079241000310205,40.00838899988311],[-75.079112000438784,40.008317000048066],[-75.079002999760519,40.008260999741559],[-75.078917000445117,40.008184000277261],[-75.078859999645388,40.008092000159976],[-75.078822999835467,40.007943000275482],[-75.078775000154877,40.007949000240174],[-75.078653999781068,40.007348000010971],[-75.078194000371838,40.007411000163017],[-75.078122000401805,40.007080000319831],[-75.078553000397036,40.007034000220841],[-75.078478000053977,40.006677999842509],[-75.078466000358404,40.006620999783465],[-75.078343000334755,40.00600300032518],[-75.078330999740871,40.005944999908486],[-75.078210000265358,40.005402999967913],[-75.078271000364722,40.00539500017527],[-75.078257000121027,40.005316999739215],[-75.078246000250374,40.005259000115899],[-75.078185000150995,40.004985000256312],[-75.078115999655708,40.004993999905011],[-75.078037000012998,40.004641999838917],[-75.077945999776404,40.004239000324482],[-75.077666000292254,40.004274999993662],[-75.077504999735439,40.004277000318808],[-75.077476000321425,40.00413899976752],[-75.077446000184224,40.003928000155454],[-75.077422999719687,40.003760999820813],[-75.077416000046981,40.003739000203659],[-75.077385000084846,40.00363600011886],[-75.078392999665155,40.002405999819331],[-75.078579000336319,40.002124999881843],[-75.078791999873332,40.001836999808667],[-75.078991999889865,40.001548000038525],[-75.079355000113026,40.001052000317635],[-75.079466000441116,40.000895999754938],[-75.08055000018939,39.999490000207579],[-75.08122999970665,39.998536000044162],[-75.08195199995501,39.997522999709879],[-75.082064999932911,39.997367000030984],[-75.082259000101672,39.997096999850491],[-75.082399999668652,39.996903999864962],[-75.082607000256232,39.996622999994827],[-75.082647000439195,39.996569000281596],[-75.082686999723848,39.996512999973156],[-75.082900999984105,39.996219999945694],[-75.083015999611817,39.996063000104279],[-75.083346000223031,39.996409999998761],[-75.08370400042331,39.99675299979193],[-75.083880000150401,39.996899000232453],[-75.083952999945325,39.996960999778395],[-75.084142000091219,39.997118000308042],[-75.084261999741827,39.997208000229762],[-75.084434000169267,39.997336999681302],[-75.084716000201581,39.997509000176748],[-75.085266999847391,39.99791100027722],[-75.085485000305596,39.998093999703492],[-75.085902999882038,39.99844400000039],[-75.086369999862271,39.998894999904635],[-75.086447999680075,39.998971000315422],[-75.08657099970371,39.998907000047559],[-75.086625000130397,39.998974000003905],[-75.086708999795988,39.999051000221797],[-75.086840000215531,39.999187000260505],[-75.08701000009485,39.999382999657598],[-75.087097999958402,39.999479999944633],[-75.08718400017213,39.999600000250915],[-75.087255000317242,39.999679000222713],[-75.087288999754108,39.999734000114323],[-75.087339999807739,39.999822000261553],[-75.087437999717025,39.999960999786097],[-75.087507000212312,40.000073000207109],[-75.087569999961502,40.000198000238868],[-75.08759300042604,40.000304000323219],[-75.087636999908653,40.000548999946865],[-75.087657999825055,40.00067600022598],[-75.087648999604241,40.000915999864652],[-75.087658999649975,40.001037000265761],[-75.087672000068764,40.001141999871393],[-75.087679999566376,40.001257999870589],[-75.087692000160246,40.001486999699758],[-75.087697000183127,40.001546000321568],[-75.087708000053752,40.001598999682088],[-75.087713000076633,40.001667000294425],[-75.087692000160246,40.001708999768518],[-75.087677000091617,40.001774999872964],[-75.087681000289578,40.001874999763658],[-75.087699999657843,40.001998000233485],[-75.087728000145262,40.002092000006783],[-75.087749999886569,40.002188999886037],[-75.087785000046665,40.002261999839128],[-75.08781699983372,40.002346999940613],[-75.087872000085298,40.002422000104211],[-75.087933000184663,40.002546999964451],[-75.087995000108947,40.002653999685002],[-75.088031999918869,40.002721999934749],[-75.088046999987498,40.00279300032566],[-75.088067999903885,40.002885000014842],[-75.088108000086848,40.002977000268181],[-75.088195999950401,40.003088999870712],[-75.088298999882568,40.003172999796114],[-75.088405000187763,40.003267000016109],[-75.088501000447252,40.003373000152813],[-75.088612999701908,40.00347400028577],[-75.088710999611195,40.003540999889552],[-75.088862000122262,40.003615000289621],[-75.088961999681374,40.00366800010837],[-75.089051000268142,40.003676000103439],[-75.089158000398271,40.003708999901029],[-75.089217999774419,40.003692999917753],[-75.089158000398271,40.003648999944403],[-75.089099999773637,40.003592999937297],[-75.089127000436122,40.003573999752398],[-75.089360000064644,40.003673999760686],[-75.089464999646623,40.003716999891282],[-75.089497000331988,40.003679000273344],[-75.08951700042347,40.003663000283034],[-75.093206000409666,40.000559999926189],[-75.093346999976674,40.000588999675522],[-75.093608999917492,40.000644000210414],[-75.093859000162738,40.000375999663405],[-75.094819999887392,39.99934999983364],[-75.095039000170502,39.999164999857712],[-75.09618400001817,40.000240999806017],[-75.09842299965986,39.999067999811373]]]},"properties":{"ZCTA5":"19137"}},{"type":"Feature","geometry":{"type":"Polygon","coordinates":[[[-75.208007999672617,40.012996999931616],[-75.207728000188439,40.012804999862368],[-75.207627999731017,40.012736000329049],[-75.207599000317018,40.012719000014528],[-75.206405000065558,40.012001999689502],[-75.206286000239857,40.011923000215937],[-75.206138000101859,40.011825000010376],[-75.206071000154708,40.011782999879181],[-75.205978000268288,40.011723000138396],[-75.205770999680738,40.011628999865124],[-75.205591999580591,40.011547000135785],[-75.205485000348773,40.011501000294864],[-75.203106999891588,40.010137999869521],[-75.197451000250254,40.008314999841289],[-75.193212000443154,40.006926999795873],[-75.192809999861936,40.006733000288925],[-75.19277399987692,40.006705999962747],[-75.192466999730257,40.006482000055605],[-75.192418000224777,40.006417999947125],[-75.192101000032366,40.005994999914741],[-75.192069000245326,40.005905999671782],[-75.191320000232778,40.003715000237854],[-75.191491999761908,40.002139999694698],[-75.19175399970274,39.999747999879425],[-75.19080999969654,39.999899000211364],[-75.190517999618493,39.999640999733728],[-75.18957699998532,39.999894999992698],[-75.188814999553983,40.000204000196099],[-75.188560000184182,40.000255000155363],[-75.188447000206267,40.000272000133307],[-75.188288000197616,40.000273000010445],[-75.1881119995722,40.000269999690822],[-75.187743000399564,40.000252999712387],[-75.187510999697665,40.000249000202615],[-75.187339999993441,40.00026000023027],[-75.187195000228499,40.000285999788154],[-75.186949000181201,40.000363999778649],[-75.186861000317649,40.000408999679728],[-75.18678699979948,40.000588999675522],[-75.186712000354746,40.000782000256443],[-75.18668100039261,40.000876000327516],[-75.186666000323982,40.000946000018239],[-75.1866610003011,40.001008999884917],[-75.186669999623632,40.001106999791425],[-75.186688000065274,40.001170000197696],[-75.187163000441444,40.00263300024185],[-75.187171999763947,40.002673999967904],[-75.187184000357846,40.002778999808569],[-75.187177999611748,40.002842999887875],[-75.187194000403579,40.0028550000251],[-75.187248999756861,40.002902999864737],[-75.187279999718996,40.002961000113316],[-75.187302000358628,40.00303399992913],[-75.187334000145654,40.003213999886022],[-75.187346999666147,40.003325999787897],[-75.187431000230035,40.004641000025757],[-75.187453999796247,40.004965999770739],[-75.187821000217369,40.006101999736273],[-75.187616000177982,40.006074000056401],[-75.18752800031443,40.006495000027286],[-75.18748200028368,40.006462000200194],[-75.187468999864876,40.006511999827751],[-75.187048999740298,40.00657599984811],[-75.187043999717432,40.006491000195055],[-75.186955999853879,40.006504999950891],[-75.186968000447777,40.006446000174009],[-75.186683999867327,40.006408999798062],[-75.186699999760847,40.006339000203553],[-75.186484999675699,40.006308999667297],[-75.186391999789265,40.006278999805943],[-75.186349000131585,40.006533000142085],[-75.185785000066957,40.006491999981129],[-75.185827999724665,40.006284999916893],[-75.185549000065407,40.006248999931358],[-75.185405000125371,40.006218000253583],[-75.185236000070958,40.006195000261613],[-75.185231000048091,40.006215000195255],[-75.184793000380168,40.006160999810454],[-75.184696000295801,40.006149000254325],[-75.184054000413383,40.006064999861984],[-75.183390999716252,40.00597899977911],[-75.183270000240739,40.005944999908486],[-75.183112000057008,40.005900000215625],[-75.182711000199006,40.005848999656251],[-75.181705000268508,40.005722000054028],[-75.181625999727487,40.005705999854413],[-75.181578999871817,40.005927999966865],[-75.181501000053998,40.006297000137174],[-75.181481999787422,40.006366999774748],[-75.181500000229093,40.006369000038546],[-75.181407000342674,40.006651999966344],[-75.181392000274059,40.006765000203011],[-75.181332999824534,40.007222999995818],[-75.180882999562726,40.007244000091426],[-75.180201000395641,40.00727800000314],[-75.179859000088882,40.007298000307578],[-75.179517999607043,40.007326000173521],[-75.179483000345257,40.007329999956823],[-75.179264000062147,40.006733000288925],[-75.179247000343707,40.006684999701633],[-75.178935999999084,40.005783000049597],[-75.178633000050354,40.005051999753498],[-75.178808999777473,40.004936999816124],[-75.17847999988949,40.004891000337409],[-75.176913000267447,40.004696999861366],[-75.176832000076601,40.00507200002199],[-75.176704000030071,40.005055999670034],[-75.17616500007982,40.004986000064441],[-75.176092000284882,40.00497699972658],[-75.1756000001903,40.004918000005262],[-75.175317000333081,40.004884000294382],[-75.175037999775512,40.006120000114173],[-75.174829000436446,40.006086000313765],[-75.17496599980548,40.005368000007955],[-75.175089999654034,40.004857999734959],[-75.174735999651716,40.004795999790119],[-75.174672000077607,40.004784999805125],[-75.174154000043742,40.004728000229818],[-75.174075000401047,40.004718999857943],[-75.17362799961397,40.004659999913713],[-75.173478999651067,40.004644999966423],[-75.173339999733884,40.004632000330531],[-75.172999999975247,40.004586999772158],[-75.172816999677153,40.004563000104511],[-75.172746000430351,40.00455299989644],[-75.172291000145691,40.004492999993374],[-75.172195999711121,40.004485999909541],[-75.17211600024352,40.004480000328584],[-75.172039000250606,40.004808000272185],[-75.171656999760884,40.004758000084671],[-75.171718999685154,40.004460999702431],[-75.17164400024042,40.004444000079346],[-75.171583000141041,40.00442999990085],[-75.171153999795635,40.004374999663305],[-75.170701999884031,40.004316000109917],[-75.170594999753888,40.004297999944427],[-75.17011299970504,40.004218999811911],[-75.169269000156262,40.004099999875301],[-75.169418999944099,40.004302999723258],[-75.169504000332921,40.004398000268495],[-75.170086999765786,40.005185999926788],[-75.167284999884373,40.004392999808502],[-75.167008999699874,40.004313999785914],[-75.166687000382893,40.004222999777298],[-75.166044999602164,40.004040000262293],[-75.165758000445308,40.003952000046375],[-75.165554000230799,40.004859000233012],[-75.166028999708644,40.004925999853853],[-75.166422000069019,40.004978000222877],[-75.166653000047702,40.005000999936797],[-75.167108000332391,40.005079999852533],[-75.167321999694295,40.005143999839156],[-75.167535999954552,40.005265000316498],[-75.169788000015032,40.007726999819234],[-75.170357000102513,40.008405999900013],[-75.169741000159377,40.008584999699281],[-75.169249999889701,40.008770000297787],[-75.169140000284841,40.008832000073809],[-75.169019999735923,40.00890100011344],[-75.168488000356689,40.008299000249416],[-75.168449999823522,40.008374999825577],[-75.168495999854272,40.008428000077487],[-75.168340000218663,40.009202000118691],[-75.167945000208462,40.009377999975456],[-75.167291999557079,40.009694999897953],[-75.166870999607596,40.009901000206625],[-75.167442000243213,40.010617000171273],[-75.167638999886705,40.010904999672512],[-75.167776000154049,40.011085999924639],[-75.167650999582278,40.011149999784848],[-75.165259999604615,40.012350000157539],[-75.163971999641817,40.012996999931616],[-75.161918999772965,40.01402899982218],[-75.161891000183857,40.014041999732605],[-75.161897000031658,40.014519000131934],[-75.161901000229619,40.01504499985721],[-75.161907999902311,40.01557199999742],[-75.161912000100273,40.016097999862644],[-75.161912999925178,40.017151000131967],[-75.161909999552122,40.017677999832422],[-75.161906000252486,40.017940999723209],[-75.161897999856578,40.018203999976265],[-75.161881999963029,40.01846699990373],[-75.161860000221722,40.018730000193429],[-75.161829000259601,40.018991999866515],[-75.161787000426798,40.019253000310428],[-75.161737000198073,40.019513999755986],[-75.161677999748548,40.019773999987684],[-75.161656000007227,40.019864999903483],[-75.162600999838347,40.019586000162782],[-75.162646999869096,40.019571000055649],[-75.163758000279884,40.019233999668664],[-75.164337000413113,40.019059999664513],[-75.165381999803344,40.018763999887426],[-75.166005000317512,40.018620000015105],[-75.166724000192815,40.0184980002103],[-75.167000000377342,40.01846699990373],[-75.167889000131964,40.018367000239095],[-75.169644000074996,40.018118999667927],[-75.170778000051996,40.017960000037036],[-75.171943999816065,40.017724000325899],[-75.172122000091292,40.017670000102385],[-75.172342000199322,40.01760400022976],[-75.172937000226057,40.017402999974287],[-75.17340500003121,40.017225999854716],[-75.174036999867894,40.016962000327496],[-75.174860000398581,40.016530000086448],[-75.175217999700564,40.016317999917007],[-75.175668999787263,40.016051000003003],[-75.17649300014287,40.015560999684915],[-75.176825000403895,40.015364999948545],[-75.17731599977526,40.015072999985279],[-75.17786899996922,40.014686999959004],[-75.178228999819325,40.014434999719278],[-75.178340000147401,40.014521999825305],[-75.178463999995969,40.014618999931393],[-75.17761600024923,40.01521299976541],[-75.177026000245348,40.015556999695875],[-75.176832000076601,40.015670000326722],[-75.175850000435545,40.016254000086953],[-75.176610000318746,40.017099999723008],[-75.176996999933024,40.017533999732201],[-75.177191999926706,40.017750000112549],[-75.177385000270547,40.017967000115107],[-75.177566000020519,40.018191000170724],[-75.177710999785475,40.018429999852245],[-75.177828999786243,40.018676999685567],[-75.177931999718396,40.018927999792396],[-75.178028999802791,40.019181000240224],[-75.178120999864291,40.01943500003442],[-75.178217999948671,40.019687999978373],[-75.178298000314612,40.01996199998252],[-75.178351000018068,40.020221000298072],[-75.178351999842974,40.02025800006637],[-75.178362999713627,40.020484000018904],[-75.178350000193149,40.020747999679173],[-75.178321999705759,40.02100999985911],[-75.178291999568515,40.021271999720959],[-75.178228999819325,40.021795999866157],[-75.178161999872188,40.022320000114654],[-75.178140999955787,40.022595000106548],[-75.17903399990837,40.023329000320857],[-75.179449999834972,40.023046000060198],[-75.179953999625127,40.02306500032833],[-75.182455999930866,40.025342999889226],[-75.183995999788735,40.024772000113586],[-75.184932000297351,40.024398999919143],[-75.187817999844341,40.023338000302616],[-75.18807899996024,40.023241999748258],[-75.188612000062705,40.023056999854028],[-75.189428999847323,40.022746000120975],[-75.18699100001399,40.02065999967661],[-75.187680999576983,40.020158000274655],[-75.190295999860638,40.022355000325256],[-75.190401000340941,40.022294000005544],[-75.190527999664226,40.022182000268906],[-75.190965000405555,40.021781000244857],[-75.190539000433191,40.021408000208353],[-75.190382000074365,40.021175999699288],[-75.190301999708424,40.020966000041],[-75.191706999847071,40.019869000327908],[-75.192152000085997,40.020317000287541],[-75.192404999805987,40.020495000225786],[-75.193090000244425,40.020954000335827],[-75.193481000056678,40.021354000148435],[-75.193690000294055,40.02163999992856],[-75.193975999626005,40.022003999916102],[-75.194495000383085,40.022662999753528],[-75.194954999792301,40.023142000202363],[-75.195010999868799,40.023197999993648],[-75.196061000180222,40.022503000152604],[-75.197636000198187,40.021460999970806],[-75.199853999923505,40.019370000090447],[-75.201269000107899,40.017188999818337],[-75.201290000024301,40.017201999814816],[-75.202060999778141,40.017701999704911],[-75.202250999748927,40.017793999940572],[-75.202369999574628,40.017851000301043],[-75.202552999872736,40.017940999723209],[-75.202569999591162,40.017907999925924],[-75.202605999576178,40.017851999920723],[-75.202668000398774,40.017750000112549],[-75.202731999972869,40.017630000062134],[-75.202788000049367,40.017520999798968],[-75.202827000407424,40.017443000147601],[-75.202875999912933,40.017334999901038],[-75.202899000377457,40.017262999871029],[-75.202963999776472,40.017132999911027],[-75.203049999990199,40.016972000093624],[-75.203091999822988,40.016901000002221],[-75.203113999564295,40.01686900002403],[-75.203228000265426,40.016723000320312],[-75.203343999718072,40.016612999658591],[-75.203408000190478,40.016562000223601],[-75.203527999841086,40.016486999771097],[-75.20357200022201,40.01646399979925],[-75.203615999704624,40.016444999756878],[-75.203686999849737,40.016434999913471],[-75.203788000132079,40.016430000335212],[-75.203860000102111,40.016432000304178],[-75.203905000307941,40.016436999882295],[-75.203977000277959,40.0164409998197],[-75.204148999807103,40.016459000223122],[-75.204301999967967,40.016482999836384],[-75.20454700019036,40.016534000018403],[-75.20462800038122,40.016560999897031],[-75.20470399965086,40.01658799976493],[-75.204753999879586,40.016604000165756],[-75.20481499997895,40.016615000310182],[-75.204880000276276,40.016629000053555],[-75.204967000314923,40.016653000295022],[-75.205091999988383,40.01669500018123],[-75.205133999821186,40.016708000271763],[-75.205221999684738,40.016723000320312],[-75.205333000012814,40.01671299982965],[-75.205348999906349,40.016708000271763],[-75.205251999821954,40.016564000188644],[-75.205503999717038,40.016488000098697],[-75.205873999612905,40.016265000287753],[-75.206106000314804,40.016109999733786],[-75.206292999912549,40.015863000240778],[-75.206435000202774,40.015518999788746],[-75.206466999989829,40.015454999897344],[-75.206487999906216,40.01541600027813],[-75.206702000166459,40.014969999801473],[-75.206730999580458,40.01490800009686],[-75.206903000007912,40.014957999729887],[-75.206973000328119,40.014769999708662],[-75.207523999973944,40.013310000126438],[-75.208007999672617,40.012996999931616]]]},"properties":{"ZCTA5":"19129"}},{"type":"Feature","geometry":{"type":"Polygon","coordinates":[[[-75.170357000102513,40.008405999900013],[-75.169788000015032,40.007726999819234],[-75.167535999954552,40.005265000316498],[-75.167321999694295,40.005143999839156],[-75.167108000332391,40.005079999852533],[-75.166653000047702,40.005000999936797],[-75.166422000069019,40.004978000222877],[-75.166028999708644,40.004925999853853],[-75.165554000230799,40.004859000233012],[-75.165758000445308,40.003952000046375],[-75.16579299970708,40.003795999916555],[-75.165895999639247,40.003268999682611],[-75.164286000359496,40.003071999906005],[-75.164231999932809,40.003316000086762],[-75.164164999985658,40.003623000290851],[-75.164103000061388,40.003912000223501],[-75.162830000167219,40.003744999849722],[-75.162230000117574,40.003656999941633],[-75.162240999988228,40.003628000119164],[-75.162272999775283,40.003434000182843],[-75.162307000110488,40.003286000286401],[-75.161887999810816,40.003228000313854],[-75.161906000252486,40.003142000097846],[-75.160993000208421,40.003021999823375],[-75.160921000238389,40.003011000240683],[-75.160908999644519,40.003067999873231],[-75.160753999833815,40.003042999835003],[-75.160727000069627,40.003171999961438],[-75.160708999627957,40.003241000217081],[-75.160600999672937,40.003699000255985],[-75.160495000266039,40.004214999846333],[-75.160236999624857,40.004180999785298],[-75.160096000057877,40.003739000203659],[-75.160013000217191,40.003483999963755],[-75.159849000185659,40.002973000229794],[-75.159764999621757,40.002717000040128],[-75.159685000154155,40.002479000228497],[-75.15946099984815,40.002448000215125],[-75.157703000430388,40.002210000153937],[-75.15689099977034,40.002107999677101],[-75.156787000013281,40.002681000237516],[-75.156079999833537,40.002594000177446],[-75.156007000038599,40.002574999714582],[-75.155935000068567,40.002555999934529],[-75.155882000365125,40.002807000151698],[-75.155196999926687,40.002724000305392],[-75.154941999658547,40.002691999873377],[-75.155001000108101,40.002432999781796],[-75.154531999579717,40.002370999699153],[-75.154437000043487,40.002354000243805],[-75.154344999981987,40.002337999942995],[-75.154031999987538,40.00229500032016],[-75.154048999705978,40.002225999796607],[-75.153691000403995,40.002179999867593],[-75.153795999985988,40.001706000200137],[-75.153452999854309,40.001660999777613],[-75.152925999599617,40.001591999989635],[-75.151625999941274,40.001425999994595],[-75.151523999833998,40.001884999675845],[-75.150712000072275,40.001784999799796],[-75.150616999637705,40.00175500001486],[-75.150532999972143,40.001729000328247],[-75.148793999922631,40.00150800018352],[-75.148699000386401,40.001262999872054],[-75.148741000219189,40.001054000049059],[-75.148147999842251,40.000987000069159],[-75.148032000389634,40.00070599979685],[-75.147793999839934,40.000153000198736],[-75.147716999847034,39.999974000311369],[-75.147239999821053,40.000159000159925],[-75.147029999758786,40.000239000050783],[-75.146418000013597,40.000474999664462],[-75.145499000121731,40.000826000012964],[-75.145190000325258,40.000940999993503],[-75.144884000003501,40.001057000334178],[-75.143958000438957,40.001397999773218],[-75.143796999882156,40.001455000064269],[-75.143647000094333,40.001509999901593],[-75.143026999953221,40.001732999751326],[-75.142416000032938,40.001949999757599],[-75.142399000314498,40.001928000245037],[-75.142217999666229,40.001703999799723],[-75.142040000289313,40.001479999995816],[-75.141866000212019,40.001291000148733],[-75.141928999961223,40.001268999735693],[-75.141984000212801,40.001247999866578],[-75.142958000356245,40.000885999697907],[-75.142855000424078,40.000688999926957],[-75.14264399963858,40.000661999962951],[-75.142432999751378,40.00063400011647],[-75.142161999589732,40.000600000336561],[-75.142072999901274,40.000588999675522],[-75.141663999647363,40.000536000219242],[-75.141655000324832,40.000576999828198],[-75.14135300020105,40.000538999839009],[-75.140996999650582,40.000503000264295],[-75.140757000349382,40.000315000342006],[-75.140518999799681,40.000125000143534],[-75.140476999966893,40.000092999869743],[-75.140497999883294,39.999993000121762],[-75.140411999669567,39.999982999932485],[-75.140317999958242,39.999970999978657],[-75.139987000420447,39.999931999770055],[-75.139527000112906,39.999876000155034],[-75.139070000178421,39.999811000163334],[-75.138523999657153,39.999742999767015],[-75.135968999647957,39.999416000153822],[-75.135652000353872,39.999374999847745],[-75.13530199965119,40.000958999667802],[-75.134074999787771,40.000794000067742],[-75.134412000071649,39.999207000182629],[-75.133828999740473,39.999129000246768],[-75.13323600026186,39.999057000279819],[-75.132700999611245,39.998985000237006],[-75.132360000027703,40.000571999776504],[-75.13183399959793,40.000510999942051],[-75.132171999706742,39.998913000118222],[-75.131250000340145,39.998806000040432],[-75.130909999683197,40.000389000109656],[-75.130445000251115,40.00032700023538],[-75.129970999699879,40.000267000059281],[-75.130319999679344,39.998676999923092],[-75.129801999645451,39.998613000067785],[-75.129260000220484,39.998538999751808],[-75.129190999725196,39.998859000151349],[-75.129090000341165,39.998858000253499],[-75.128839000270986,39.998826000074104],[-75.128733999790697,39.999204999708951],[-75.128660000170868,39.999514000282183],[-75.128679000437444,39.999516999946849],[-75.128623000360918,39.999847999986201],[-75.128592000398797,39.999843999764551],[-75.128553999865645,40.00001999966215],[-75.128542000170071,40.00008199981518],[-75.128487999743413,40.000351000015797],[-75.128524999553321,40.00035500020774],[-75.12845699978125,40.000727999703194],[-75.128332000107804,40.001325000272722],[-75.128291999924826,40.001514000025637],[-75.128276000031306,40.001578999772427],[-75.12825699976473,40.001654000091506],[-75.128132000091242,40.002156000041914],[-75.127972000257685,40.002838000002114],[-75.128152000182752,40.002868999838469],[-75.128332000107804,40.002879000293206],[-75.128281999879079,40.003116000251211],[-75.1279389997474,40.003071000069852],[-75.127920000379163,40.003184000040832],[-75.12781300024902,40.003669999763176],[-75.12772100018752,40.004018999869203],[-75.127426999561322,40.00406300029217],[-75.12738800010159,40.004248000071513],[-75.128021999588086,40.004327999988234],[-75.127862999579435,40.00505700016523],[-75.127818000271887,40.005262000216291],[-75.127286999819248,40.007694999668011],[-75.127137000031425,40.008405999900013],[-75.126634000066176,40.010816000326678],[-75.126201000421148,40.01297899999107],[-75.125987999985796,40.013862000117491],[-75.125331999859682,40.016959999686073],[-75.12525999988965,40.01730399975412],[-75.125091999660171,40.018105000230179],[-75.125023000063194,40.018434999971952],[-75.12451900027304,40.018383000222805],[-75.124483000288024,40.018553000075968],[-75.124188999661854,40.019888000104906],[-75.124168999570344,40.019978999868719],[-75.124309000210772,40.020000000167428],[-75.124248000111393,40.020286000119391],[-75.124149000377187,40.020274000294634],[-75.124063999988365,40.020665000320811],[-75.124044999721789,40.020750999786692],[-75.123976999949747,40.021062999930713],[-75.124111999668941,40.021080999802869],[-75.124094000125595,40.021170999780495],[-75.124418999815603,40.021205000322055],[-75.12434600002068,40.021551999700542],[-75.124249999761204,40.021992999952488],[-75.124760000297471,40.022050999803149],[-75.124731999810066,40.022106000244627],[-75.125140000239071,40.022306000162978],[-75.125645999679037,40.021710000341557],[-75.126060999780719,40.021750000053913],[-75.125996000381733,40.022086999709423],[-75.126381000346186,40.022139000075512],[-75.12629900033042,40.022558999780436],[-75.126634000066176,40.022598000132859],[-75.12661700034775,40.02268699993644],[-75.127127999810597,40.022734000040927],[-75.127112999741968,40.022816000087197],[-75.127699000446214,40.022885999981597],[-75.127922000028974,40.021978999933673],[-75.128327999909843,40.022036000237904],[-75.128257999589636,40.022355999878947],[-75.128862999662132,40.022429999831644],[-75.128841999745731,40.022575999707477],[-75.129912000148636,40.022715999916919],[-75.130277000021621,40.022763000001433],[-75.130354999839426,40.022412000315363],[-75.13038099977868,40.022287999926057],[-75.130676000229798,40.022324999949312],[-75.130610000107538,40.022634999988007],[-75.131256000187918,40.022723000195022],[-75.131327000333044,40.02241799969606],[-75.131653999672878,40.022464999985857],[-75.132664999626229,40.022604000185083],[-75.133518000294146,40.02269799978815],[-75.135171999954849,40.022887999761338],[-75.135151000038448,40.023122999955675],[-75.13444999970649,40.023295000149851],[-75.13333099979809,40.023529000093696],[-75.133287000315477,40.023783999744865],[-75.133278000094663,40.023821000332681],[-75.133262000201114,40.023895000072265],[-75.135113000403621,40.02350500020696],[-75.13542600039807,40.023438999786933],[-75.135679000118046,40.023381999966936],[-75.135724000323904,40.02360199992664],[-75.136425999582457,40.023320000337954],[-75.136659000109276,40.023217999760568],[-75.136835999661287,40.023139999742178],[-75.137135000310337,40.023185999993082],[-75.13777499964462,40.023260999961863],[-75.138418000250255,40.023328000093535],[-75.13936700027935,40.02345900017113],[-75.140193000284782,40.023566000131872],[-75.140979000107237,40.023666999966586],[-75.140637999625397,40.025262000327608],[-75.141420000148202,40.025356999905625],[-75.141770999777492,40.02376299992293],[-75.142556999599947,40.02386700012444],[-75.142481000330264,40.02420799981202],[-75.142587999562068,40.024245000169827],[-75.143262999954786,40.024338000051102],[-75.143939000172367,40.024430999805553],[-75.144051000325376,40.024446000220038],[-75.144709000101301,40.024537000095968],[-75.144829999576828,40.024550000068309],[-75.145191000150177,40.024588999970589],[-75.145146999769239,40.024787999971217],[-75.14546499978654,40.0248309998709],[-75.145504000144612,40.024653999758037],[-75.145626000343341,40.024674999993643],[-75.145725999902467,40.024692000081401],[-75.146417000188663,40.024780999904991],[-75.146506999702041,40.024378999810509],[-75.14691199975799,40.024427999859846],[-75.147894000297356,40.024553000008709],[-75.148753999739654,40.024670999851033],[-75.148687999617422,40.024961000298617],[-75.149486000033775,40.025072000086809],[-75.149552000156007,40.024785000041206],[-75.149983999976143,40.025390000227731],[-75.150216999604638,40.025404999743508],[-75.151006999625068,40.025496999911596],[-75.150934999655036,40.02579899983045],[-75.153282000150071,40.02612699982236],[-75.153760999825892,40.025870999796005],[-75.154245000422861,40.025633999737529],[-75.156048999871373,40.02468999966662],[-75.156965000288508,40.024220999847046],[-75.157152999711158,40.024130000237548],[-75.157240999574711,40.024088000112279],[-75.157828000103862,40.023752999776143],[-75.157904000271841,40.023702999708107],[-75.1590349998758,40.022799999767095],[-75.158271999619558,40.021858999753078],[-75.158022000272624,40.021540000098433],[-75.158598999857702,40.021309999864201],[-75.159573999826051,40.020922999769141],[-75.160204999837816,40.021311000121152],[-75.160466999778635,40.020737999778376],[-75.160587000327553,40.02047200022897],[-75.160638000381169,40.020332999814009],[-75.160655999924529,40.020266000180975],[-75.160680000213958,40.020145999739427],[-75.160732999917428,40.020138999884885],[-75.161013000299903,40.020055999785725],[-75.161656000007227,40.019864999903483],[-75.161677999748548,40.019773999987684],[-75.161737000198073,40.019513999755986],[-75.161787000426798,40.019253000310428],[-75.161829000259601,40.018991999866515],[-75.161860000221722,40.018730000193429],[-75.161881999963029,40.01846699990373],[-75.161897999856578,40.018203999976265],[-75.161906000252486,40.017940999723209],[-75.161909999552122,40.017677999832422],[-75.161912999925178,40.017151000131967],[-75.161912000100273,40.016097999862644],[-75.161907999902311,40.01557199999742],[-75.161901000229619,40.01504499985721],[-75.161897000031658,40.014519000131934],[-75.161891000183857,40.014041999732605],[-75.161918999772965,40.01402899982218],[-75.163971999641817,40.012996999931616],[-75.165259999604615,40.012350000157539],[-75.167650999582278,40.011149999784848],[-75.167776000154049,40.011085999924639],[-75.167638999886705,40.010904999672512],[-75.167442000243213,40.010617000171273],[-75.166870999607596,40.009901000206625],[-75.167291999557079,40.009694999897953],[-75.167945000208462,40.009377999975456],[-75.168340000218663,40.009202000118691],[-75.168495999854272,40.008428000077487],[-75.168449999823522,40.008374999825577],[-75.168488000356689,40.008299000249416],[-75.169019999735923,40.00890100011344],[-75.169140000284841,40.008832000073809],[-75.169249999889701,40.008770000297787],[-75.169741000159377,40.008584999699281],[-75.170357000102513,40.008405999900013]]]},"properties":{"ZCTA5":"19140"}},{"type":"Feature","geometry":{"type":"Polygon","coordinates":[[[-75.150943000050958,40.052265999774697],[-75.150989000081708,40.051967000266536],[-75.150471999872778,40.051729000313792],[-75.150292999772617,40.051646999958464],[-75.150142000159889,40.051577999826243],[-75.149999999869664,40.051498000292973],[-75.149773999913847,40.051369999881857],[-75.1496719998066,40.0514709998019],[-75.149626999600756,40.051492999846332],[-75.149563999851566,40.051506999995922],[-75.149451999698584,40.051492999846332],[-75.148578000012563,40.051383000240804],[-75.147003999819518,40.051174999701331],[-75.146221000370105,40.051074999850776],[-75.145916999698173,40.051038000295222],[-75.145427999976633,40.050973000209602],[-75.144638999781122,40.050870999728197],[-75.14384100026308,40.050771000119227],[-75.143594000390891,40.05073900021339],[-75.142214000366579,40.05056299977506],[-75.142164000137853,40.050556000291323],[-75.142084999596833,40.050545999946998],[-75.142032999718296,40.050538999773856],[-75.141138000115888,40.050421999818809],[-75.141046999879308,40.05041600015069],[-75.140018000382582,40.050277000242382],[-75.139245999905512,40.050075999987371],[-75.138480000174539,40.049878000029047],[-75.137422000365532,40.04959199968507],[-75.136383999749654,40.049325999879748],[-75.135042000258508,40.04895399972434],[-75.134704999974616,40.048930999696196],[-75.134714000195444,40.04867999996042],[-75.134718000393391,40.04841700030051],[-75.134723000416272,40.04736399989082],[-75.134724000241192,40.046134000333119],[-75.132940999810756,40.046059000069917],[-75.132120999653097,40.04601800027622],[-75.13128299995212,40.045983999724214],[-75.130468999642261,40.045894000163173],[-75.129481999978324,40.045762999848613],[-75.129005999777263,40.045697000334961],[-75.128924999586403,40.046089000322624],[-75.128949999700779,40.046092000003327],[-75.128907000043057,40.04627999967358],[-75.128806999585635,40.046733000271786],[-75.128688999584867,40.047253999810891],[-75.128149999634601,40.047189000242852],[-75.12724300033662,40.047062999750516],[-75.126290000109577,40.046946000018075],[-75.125291999676705,40.046817999998517],[-75.125199999615205,40.047225999824725],[-75.123258999899335,40.046968000147693],[-75.123207000020798,40.047239000286325],[-75.123155999967167,40.047580000031395],[-75.12311699960911,40.047813000001511],[-75.123033999768438,40.048186000057626],[-75.122776000025581,40.049612999806428],[-75.122293000151799,40.049550000110521],[-75.122230000402638,40.04992999983763],[-75.122212999785887,40.050008999999868],[-75.121909000012252,40.049974000226527],[-75.121879999699942,40.050092999932659],[-75.121977999609243,40.050857000135565],[-75.122037000058768,40.050865000099598],[-75.121837000042248,40.051910000220666],[-75.121754000201548,40.051904999804187],[-75.121565000055668,40.052378000308373],[-75.12168300005645,40.052442999741665],[-75.121797999684176,40.052534999880933],[-75.122285999580811,40.052616000057675],[-75.122146999663642,40.053176999862075],[-75.123314000150913,40.053822000012339],[-75.123756000016797,40.05405799997903],[-75.124450999602658,40.054428000239668],[-75.124618999832151,40.054519999762192],[-75.124915999933066,40.054684000336977],[-75.126320000246821,40.055481000160675],[-75.127090000175755,40.055931000183449],[-75.128487999743413,40.056771999988406],[-75.128554999690564,40.0568119997655],[-75.129020999845892,40.057090999878547],[-75.12981400023935,40.057589999871503],[-75.130046000042938,40.057738999969757],[-75.130134999731396,40.057795999953505],[-75.130401999695081,40.057963999772973],[-75.131682999985188,40.058776999873686],[-75.132529999907007,40.059298999871217],[-75.13331599972949,40.059818000231076],[-75.134087000381641,40.060337000075478],[-75.134391999980167,40.06053200016769],[-75.13488800027271,40.060852000008822],[-75.135124000274274,40.060989000312823],[-75.135192999871251,40.061030999713502],[-75.136527999689704,40.061728999877346],[-75.136719000383735,40.061820999856124],[-75.136947999814268,40.061934999821851],[-75.138213000210854,40.062659000205798],[-75.138932000086157,40.063071000035883],[-75.139076000026193,40.063154000038864],[-75.139312999852663,40.063290000197981],[-75.139352000210735,40.06331300019297],[-75.1393649997312,40.063319999741537],[-75.139426999655484,40.063357999831929],[-75.140579000074155,40.064056000218969],[-75.140708999770496,40.064132999873948],[-75.140851000060707,40.064212999700075],[-75.140897000091471,40.064239000328051],[-75.141189999994438,40.064405000137],[-75.141850000318513,40.064778000137423],[-75.141876000257781,40.064792999926993],[-75.143056000265531,40.065457999883265],[-75.143117000364896,40.065492999954429],[-75.144066000393991,40.066049999845376],[-75.14409599963291,40.066066999930896],[-75.144546999719608,40.066322000016903],[-75.144857000239313,40.066502999663207],[-75.145186999952216,40.066691999684586],[-75.145452000266076,40.066842000092166],[-75.14547700038041,40.066855999838346],[-75.146683000327471,40.06754700033337],[-75.146734000381073,40.067237999856182],[-75.146802000153144,40.06723100002268],[-75.146920000153926,40.067217999937142],[-75.147022000261174,40.06719800001229],[-75.147115999972499,40.067178999665735],[-75.147218000079761,40.067151999887855],[-75.147368999692503,40.066441000051235],[-75.14691199975799,40.066383000141364],[-75.147022000261174,40.065892000182266],[-75.147131000041114,40.065376000235382],[-75.147239999821053,40.06485700027536],[-75.147352999798954,40.064370999819801],[-75.147471999624642,40.063828999952896],[-75.147967000092294,40.063892000199466],[-75.147996000404618,40.063798000312133],[-75.1481639997358,40.063036000095416],[-75.147649000074964,40.063009999695844],[-75.147707999626206,40.062736000064675],[-75.147861999612005,40.06274700033206],[-75.148193000048096,40.062763999866768],[-75.148306000026011,40.06229499994506],[-75.148320000269706,40.062234999942049],[-75.14836399975232,40.062037000244686],[-75.148574999639521,40.061143000280545],[-75.148673000447118,40.061028000002707],[-75.148752999914763,40.060968000259017],[-75.148525000309121,40.060698000070914],[-75.148629000066194,40.060646000227543],[-75.148701000036212,40.060493000193901],[-75.148747999891881,40.060391999893561],[-75.149106000092175,40.059542000058904],[-75.148822000410036,40.059121000131732],[-75.148943999710454,40.058828999768281],[-75.149060999886316,40.058571000007113],[-75.14921900007009,40.05843200022921],[-75.148484000301238,40.058394999854698],[-75.14868199976965,40.057486999940735],[-75.148891999831932,40.057499000094232],[-75.149287999667052,40.057519000116137],[-75.149749999624419,40.057536999993317],[-75.14977999976162,40.057253000307156],[-75.149850999906761,40.057256000184097],[-75.149890000264804,40.056949999675837],[-75.149896999937511,40.056896999987472],[-75.149961000409917,40.056319999843808],[-75.149974999755301,40.056243000297684],[-75.149989999823916,40.056163000051939],[-75.150122000068393,40.05520800026639],[-75.150183000167758,40.054797000100891],[-75.1501920003886,40.054682000114326],[-75.150200999711117,40.054560999942858],[-75.150306000191421,40.053843000205646],[-75.150401999552571,40.0531950001985],[-75.150419000169322,40.053106000322252],[-75.150434000237937,40.053029999686913],[-75.150471999872778,40.052751000138358],[-75.150495000337301,40.052582999844489],[-75.150503999659804,40.052516000258443],[-75.150512000055741,40.052461000271961],[-75.150542000192971,40.052246000273975],[-75.150943000050958,40.052265999774697]]]},"properties":{"ZCTA5":"19126"}}]}